{"noiseKey":{"private":{"type":"Buffer","data":"2HQiP/pFxCcpmCh2tPE9Lvu+ObbB/ryvgWaga0OJ9FE="},"public":{"type":"Buffer","data":"gCVdo5ZJQqotKCMYqMpIxyLyOCbTGyMw/ZzV92FHijw="}},"pairingEphemeralKeyPair":{"private":{"type":"Buffer","data":"aJWvvfPAn0dFlAtHWKFR2gsBk3Yqq0L0QxkZWseTSno="},"public":{"type":"Buffer","data":"l2iiZF7QkTNkmlJu5Gz2+Mjj0Tx1x+Ixz7tYXBBpelk="}},"signedIdentityKey":{"private":{"type":"Buffer","data":"yIr36mpAe52znEtMYp2S/jPCZyoEZ61f01+eMdnunEA="},"public":{"type":"Buffer","data":"R4QSNrq2pWn/uwQ6HYsO9DGsj4Bf7nnO1APWfDyR6Bo="}},"signedPreKey":{"keyPair":{"private":{"type":"Buffer","data":"2Gbsi03AKj8md243LAcwCnwnnGgp4jfJzyMfASfHSUI="},"public":{"type":"Buffer","data":"wnH/iM6ZJ57AWpWBb53s1Tf2e4zeDA+Jsbhzdio+R34="}},"signature":{"type":"Buffer","data":"i8tYt+8QkUJfFENfuCm9fZt8E8aEjFSi+j5GiW2KEP98/tDlrKh0FfQWN3OEsrukDblP019lapAjbCnfAJjmDg=="},"keyId":1},"registrationId":86,"advSecretKey":"YkVckjnweYEwc9dNXWJEYwKDW6LgIGNzZdP+sJq7W2M=","processedHistoryMessages":[{"key":{"remoteJid":"94772266821@s.whatsapp.net","fromMe":true,"id":"B5D80FC16E02FF4BE06656056A079C43"},"messageTimestamp":1728827136},{"key":{"remoteJid":"94772266821@s.whatsapp.net","fromMe":true,"id":"9A2491F18CEB7E444185097C5BE75F48"},"messageTimestamp":1728827136},{"key":{"remoteJid":"94772266821@s.whatsapp.net","fromMe":true,"id":"B0AD74C1391026CBE7C9EF3933A0FB6C"},"messageTimestamp":1728827138},{"key":{"remoteJid":"94772266821@s.whatsapp.net","fromMe":true,"id":"C5994634A34E7E5A08D954EDA46166EE"},"messageTimestamp":1728827138}],"nextPreKeyId":31,"firstUnuploadedPreKeyId":31,"accountSyncCounter":1,"accountSettings":{"unarchiveChats":false},"deviceId":"7PfTHCAXSdmyhrKPxpOxwQ","phoneId":"a06393f8-c084-4cb6-b3ed-d60349ba60d1","identityId":{"type":"Buffer","data":"sB5nnZXhRptOT0oTm8z8k93Rhlk="},"registered":true,"backupToken":{"type":"Buffer","data":"OnMaobvy5I5Vf26YLhCci7+zZGI="},"registration":{},"pairingCode":"CF2WWAG3","me":{"id":"94772266821:2@s.whatsapp.net","lid":"252445896798438:2@lid","name":"Bhashitha"},"account":{"details":"CJuL/q4DEPCdr7gGGAEgACgA","accountSignatureKey":"E15uZS/lb1Zxm94/8xS7zKFJqhsZEbx+Bs3e21C8C1k=","accountSignature":"V7d8xKgNYfN6zyFp7PdyUv7FhgGMxykTLBwrJxhrS0cfpgowGiDvub87hwTnvZgvvNaeNNukyORHbdcjiBL1BA==","deviceSignature":"MPZQxMDTrYLCYHLFvDv3y2t5OyJkEeElBAL1igtcKtzaXcN1FLSCxaYxTCrVq2xHLjZYV1y0slPEwI2dksAQBA=="},"signalIdentities":[{"identifier":{"name":"94772266821:2@s.whatsapp.net","deviceId":0},"identifierKey":{"type":"Buffer","data":"BRNebmUv5W9WcZveP/MUu8yhSaobGRG8fgbN3ttQvAtZ"}}],"platform":"android","lastAccountSyncTimestamp":1728827134,"myAppStateKeyId":"AAAAANbG"}