[{"senderKeyId":758317719,"senderChainKey":{"iteration":14,"seed":"B2Y4kWv36oCb0xT8a6tuG04+vLQS6owhlJxtdOD3V/M="},"senderSigningKey":{"public":"BXOfuh/xiGKunskYXtHHXX3hii8pIVGb8A2P6SINUKc2"},"senderMessageKeys":[]},{"senderKeyId":758317719,"senderChainKey":{"iteration":11,"seed":"44bof025ujVE9PgA/b8zDrXpaeAKzAa+YAQXtBn1ezc="},"senderSigningKey":{"public":"BXOfuh/xiGKunskYXtHHXX3hii8pIVGb8A2P6SINUKc2"},"senderMessageKeys":[]},{"senderKeyId":758317719,"senderChainKey":{"iteration":11,"seed":"44bof025ujVE9PgA/b8zDrXpaeAKzAa+YAQXtBn1ezc="},"senderSigningKey":{"public":"BXOfuh/xiGKunskYXtHHXX3hii8pIVGb8A2P6SINUKc2"},"senderMessageKeys":[]},{"senderKeyId":758317719,"senderChainKey":{"iteration":11,"seed":"44bof025ujVE9PgA/b8zDrXpaeAKzAa+YAQXtBn1ezc="},"senderSigningKey":{"public":"BXOfuh/xiGKunskYXtHHXX3hii8pIVGb8A2P6SINUKc2"},"senderMessageKeys":[]}]