[{"senderKeyId":1459628974,"senderChainKey":{"iteration":65,"seed":"CRASuLtTIBluO0Ajz+WrJ7wIUba3t+/VyCbkI9VpvUY="},"senderSigningKey":{"public":"BT6KGaFu1JFVWFPCd0tKnWo+TxE/3CHk3PIVaJg6Yd81","private":"mCQgYQkg5RyszIfiEw2x3qMBqdT9sXuBZfiJPyaeFUU="},"senderMessageKeys":[{"iteration":1,"seed":"n0zmZKk5IpZJ+9tkKSuU/T265Bi2mREq5MbKYE3+Dnk="},{"iteration":3,"seed":"vN2WAkOmL4g+3bzMDoEvSLhB/di51fstAmul48Xx7f0="},{},{},{},{},{},{},{},{},{},{},{},{},{},{},{},{},{},{},{},{},{},{},{},{},{},{},{},{},{},{}]}]