{"94701341787@s.whatsapp.net":true,"94714590734@s.whatsapp.net":true,"94718958779@s.whatsapp.net":true,"94723315515@s.whatsapp.net":true,"94724676268@s.whatsapp.net":true,"94724826875@s.whatsapp.net":true,"94724826875:87@s.whatsapp.net":true,"94724826875:88@s.whatsapp.net":true,"94726805239@s.whatsapp.net":true,"94726805239:2@s.whatsapp.net":true,"94727528807@s.whatsapp.net":true,"94742737742@s.whatsapp.net":true,"94742737742:51@s.whatsapp.net":true,"94755390930@s.whatsapp.net":true,"94755390930:9@s.whatsapp.net":true,"94756857260@s.whatsapp.net":true,"94757951916@s.whatsapp.net":true,"94761634482@s.whatsapp.net":true,"94763425101@s.whatsapp.net":true,"94763425101:41@s.whatsapp.net":true,"94764984597@s.whatsapp.net":true,"94764984597:81@s.whatsapp.net":true,"94765665354@s.whatsapp.net":true,"94765665354:42@s.whatsapp.net":true,"94768830907@s.whatsapp.net":true,"94768830907:58@s.whatsapp.net":true,"94769234406@s.whatsapp.net":true,"94771778060@s.whatsapp.net":true,"94772266821@s.whatsapp.net":true,"94772266821:4@s.whatsapp.net":true,"94772266821:5@s.whatsapp.net":true,"94773789258@s.whatsapp.net":true,"94773789258:3@s.whatsapp.net":true,"94773789258:5@s.whatsapp.net":true,"94774911445@s.whatsapp.net":true,"94779674728@s.whatsapp.net":true,"94781658861@s.whatsapp.net":true,"94781658861:21@s.whatsapp.net":true,"94786328485@s.whatsapp.net":true,"94788186880@s.whatsapp.net":true,"94788186880:6@s.whatsapp.net":true}