[{"senderKeyId":2049826655,"senderChainKey":{"iteration":19,"seed":"yXBy/ZkX88x7VCF0F45XMnC3ChViZVLLgsE1HasM6dU="},"senderSigningKey":{"public":"BSKPs+yMAV2uMKE4hQ/Q1mcGzckjwYvHcv6pcNa2zpg3","private":"UCuWoiKhqL/N/pP+SPo/B9gYbMkuB2eINCYcGjGDI18="},"senderMessageKeys":[{"iteration":1,"seed":"/ueB6iHctky2t+zQdnSYqsQDEmBHZp+ZDyglj3D3RzY="},{"iteration":3,"seed":"6dSUZzWmljNdfG8+z+xjn3G0e9NANRrqS5FWSDDRqfs="},{"iteration":5,"seed":"tXd+TS2YRiRDvlxOVaihsCAJlVepj8410f05ixITh/Q="},{"iteration":7,"seed":"FRKa5x/aiUFvVaZ7yLYZ98CoizCPeXYZMnnRFBNyXBE="},{"iteration":9,"seed":"g1rGuwj7XwLaUF/wz702VSd8U76yEY3sv5X44RCkcSI="},{},{},{},{}]}]