[{"senderKeyId":2051819083,"senderChainKey":{"iteration":97,"seed":"H3q6kK3xp3ps+SFt2/kpAm8q1PK43xBcSLSnzogIoJ4="},"senderSigningKey":{"public":"BS6wyOk9hxaWFZQygkXL/pMgsGv3XIV91s+MRbw3t55Q","private":"qJ6B2AaDcv2zSvTCClE+Y0lCnuQSaKFuYoQNkuMd7nk="},"senderMessageKeys":[{"iteration":1,"seed":"btWPRDhhh0fIpJlQEfzQ9L2Uhe0RMU8xdyYSdqzTlew="},{"iteration":3,"seed":"sW/zS+ywUZjpCOrs9r4MwyelgSEhR9B94oHJZU8VW/U="},{"iteration":5,"seed":"Zxm744JfgQLXw0q+j5xz4dJe0UkWckxKvzuIEAZqqTk="},{"iteration":7,"seed":"qvaI71YL5ERFwt88tiMEpA6s8JbtviFXqdVGjom45nw="},{"iteration":9,"seed":"vyCYNoG9kt2OniHznqctPcvZMWczDPwsJNlbrYWFt6M="},{},{},{},{},{},{},{},{},{},{},{},{},{},{},{},{},{},{},{},{},{},{},{},{},{},{},{},{},{},{},{},{},{},{},{},{},{},{},{},{},{},{},{}]}]