[{"senderKeyId":137562565,"senderChainKey":{"iteration":4,"seed":"gFh86zgTFDmVaWFr2cHjRlx4jDglgVDeJE+O8XtNLKI="},"senderSigningKey":{"public":"BcQ6kkILDxJ3DfbSNdH4eUwOkqRZzXttx1pvb6cVX3ga"},"senderMessageKeys":[]},{"senderKeyId":137562565,"senderChainKey":{"iteration":4,"seed":"gFh86zgTFDmVaWFr2cHjRlx4jDglgVDeJE+O8XtNLKI="},"senderSigningKey":{"public":"BcQ6kkILDxJ3DfbSNdH4eUwOkqRZzXttx1pvb6cVX3ga"}},{"senderKeyId":137562565,"senderChainKey":{"iteration":4,"seed":"gFh86zgTFDmVaWFr2cHjRlx4jDglgVDeJE+O8XtNLKI="},"senderSigningKey":{"public":"BcQ6kkILDxJ3DfbSNdH4eUwOkqRZzXttx1pvb6cVX3ga"}},{"senderKeyId":137562565,"senderChainKey":{"iteration":4,"seed":"gFh86zgTFDmVaWFr2cHjRlx4jDglgVDeJE+O8XtNLKI="},"senderSigningKey":{"public":"BcQ6kkILDxJ3DfbSNdH4eUwOkqRZzXttx1pvb6cVX3ga"}}]