[{"senderKeyId":932821432,"senderChainKey":{"iteration":0,"seed":"CRiwc9BAJdQsyfNPOBdvtqgYgt5EhIYF0c/+yF9u4nQ="},"senderSigningKey":{"public":"Be0pKLKqlppNvQJP1+M0hKwjU5HQsXJVXWAs54x2rqsT"}},{"senderKeyId":932821432,"senderChainKey":{"iteration":0,"seed":"CRiwc9BAJdQsyfNPOBdvtqgYgt5EhIYF0c/+yF9u4nQ="},"senderSigningKey":{"public":"Be0pKLKqlppNvQJP1+M0hKwjU5HQsXJVXWAs54x2rqsT"}},{"senderKeyId":932821432,"senderChainKey":{"iteration":0,"seed":"CRiwc9BAJdQsyfNPOBdvtqgYgt5EhIYF0c/+yF9u4nQ="},"senderSigningKey":{"public":"Be0pKLKqlppNvQJP1+M0hKwjU5HQsXJVXWAs54x2rqsT"}},{"senderKeyId":932821432,"senderChainKey":{"iteration":0,"seed":"CRiwc9BAJdQsyfNPOBdvtqgYgt5EhIYF0c/+yF9u4nQ="},"senderSigningKey":{"public":"Be0pKLKqlppNvQJP1+M0hKwjU5HQsXJVXWAs54x2rqsT"}}]