{"_sessions":{"Bel+XGNSfOULh4YlWHRC6rNj2N/NAeeDLHpFxE59NZBH":{"registrationId":236,"currentRatchet":{"ephemeralKeyPair":{"pubKey":"BUM9Uqnw2P1E3xV42XM/VgCYICqJ52UreKpJdM6qfDJj","privKey":"yLdBBUMW91gIdB6tHO54LRLhCG9sSwD1R9jDPgw1KV4="},"lastRemoteEphemeralKey":"BUNi4vmbwbVIlSAjvUhd2sU++5hBeAtTeu3gpZJqrPE6","previousCounter":0,"rootKey":"avKED1N50WavBa+0ZXP4F0Lp2mQHeBVY3OvSbXJWXdM="},"indexInfo":{"baseKey":"Bel+XGNSfOULh4YlWHRC6rNj2N/NAeeDLHpFxE59NZBH","baseKeyType":1,"closed":-1,"used":1732505401453,"created":1732505401453,"remoteIdentityKey":"BU7mALsnBDRdLtDZdQ9N8sGmfcP7XqFdEiguvLJzHg4a"},"_chains":{"BUM9Uqnw2P1E3xV42XM/VgCYICqJ52UreKpJdM6qfDJj":{"chainKey":{"counter":4,"key":"zoRsG6PeZaiO9DpLFV0cu1zYpoQzv46aVHRy6ZnsNW0="},"chainType":1,"messageKeys":{}}},"pendingPreKey":{"signedKeyId":1,"baseKey":"Bel+XGNSfOULh4YlWHRC6rNj2N/NAeeDLHpFxE59NZBH"}}},"version":"v1"}