{"_sessions":{"BQty4joX09ifjoe3kEbUb2CLhJy6zkHp+ZsfkrgRLi9D":{"registrationId":1813345061,"currentRatchet":{"ephemeralKeyPair":{"pubKey":"Bb56f2S3VbsSzpCqklcbmCHaXsTUPscbXC5uQSxXujUu","privKey":"mPNk52tEruWkQj2+WQzuAkuYUtUabUAHq3SMOiVP030="},"lastRemoteEphemeralKey":"BWXWAYW8hnXmxqo++3X7SJD1uJkeew1MEt+2KMF5WfwA","previousCounter":0,"rootKey":"zFl0NnA3xRZ1nJ1Adt3tF3VD7YAwaC7Jx0sNr/9SRn4="},"indexInfo":{"baseKey":"BQty4joX09ifjoe3kEbUb2CLhJy6zkHp+ZsfkrgRLi9D","baseKeyType":1,"closed":1732505406400,"used":1732505403871,"created":1732505403871,"remoteIdentityKey":"BdB9IvVQ7mB2orO/vSYcNeP6jB7CPPgWd67f2hr8E1Re"},"_chains":{"Bb56f2S3VbsSzpCqklcbmCHaXsTUPscbXC5uQSxXujUu":{"chainKey":{"counter":0,"key":"Ju/uIh30Um+CdRQ+94N5n75+ZvRfEGN0ou9AQ5jZr90="},"chainType":1,"messageKeys":{}}},"pendingPreKey":{"signedKeyId":4,"baseKey":"BQty4joX09ifjoe3kEbUb2CLhJy6zkHp+ZsfkrgRLi9D","preKeyId":10798557}},"BVKvK4G5XBlX5YrMHu4vQyePxA8yxxWpY56lBgc8iGJL":{"registrationId":1813345061,"currentRatchet":{"ephemeralKeyPair":{"pubKey":"BSo3pVI140RFbV7cJH/FowsI55AdMdsvzExVD1DoFtZX","privKey":"uMTwCgdu+LcISFvBwfcD+P6pgVm06r4Np33RsQWnA1E="},"lastRemoteEphemeralKey":"BWXWAYW8hnXmxqo++3X7SJD1uJkeew1MEt+2KMF5WfwA","previousCounter":0,"rootKey":"M753y3pEwl6Li1u8HuEWhkpnDwPVdQMgAXQ2m/UqiM0="},"indexInfo":{"baseKey":"BVKvK4G5XBlX5YrMHu4vQyePxA8yxxWpY56lBgc8iGJL","baseKeyType":1,"closed":-1,"used":1732505405858,"created":1732505405858,"remoteIdentityKey":"BdB9IvVQ7mB2orO/vSYcNeP6jB7CPPgWd67f2hr8E1Re"},"_chains":{"BSo3pVI140RFbV7cJH/FowsI55AdMdsvzExVD1DoFtZX":{"chainKey":{"counter":6,"key":"+59rQnJNpmMHTeLcCTM0ORn1sp0nfkwpriL2V3PnTcU="},"chainType":1,"messageKeys":{}}},"pendingPreKey":{"signedKeyId":4,"baseKey":"BVKvK4G5XBlX5YrMHu4vQyePxA8yxxWpY56lBgc8iGJL","preKeyId":10798777}}},"version":"v1"}