{"_sessions":{"BeXz31iq+rdroDdpWB5vM3WsPmVQdDSvO7Z6Y6fbbONt":{"registrationId":1457565968,"currentRatchet":{"ephemeralKeyPair":{"pubKey":"BbH+wF6HwGLiS0h4ZMdFQwOiceXHbPS+AzhTPqmjIVVX","privKey":"GAb9rL7lJ2lnbEv38fNrvP+CfMQwpybAFngwI0x3q2w="},"lastRemoteEphemeralKey":"BXHYid3wDdvuUD2HSeb8RsijXLFuVkIPFx87EHfvsM0O","previousCounter":0,"rootKey":"LcTzbzKxONqrjI66PXwcTcIfPFry19ePql7DGhaf+RA="},"indexInfo":{"baseKey":"BeXz31iq+rdroDdpWB5vM3WsPmVQdDSvO7Z6Y6fbbONt","baseKeyType":1,"closed":1732505406600,"used":1732505403897,"created":1732505403897,"remoteIdentityKey":"BYUPYSXGiIohRubtNiTNlDAwEQdSmMWMdKNPd3BLHp5g"},"_chains":{"BbH+wF6HwGLiS0h4ZMdFQwOiceXHbPS+AzhTPqmjIVVX":{"chainKey":{"counter":0,"key":"ApgFm0upT/NfelvuvdYGexeK2Jw+tujud8Aby2FYz7U="},"chainType":1,"messageKeys":{}}},"pendingPreKey":{"signedKeyId":11,"baseKey":"BeXz31iq+rdroDdpWB5vM3WsPmVQdDSvO7Z6Y6fbbONt","preKeyId":15660313}},"BY1zh9yLmlwGLEe7OgCUSmPvQj8XLEUeynih7JMlRzco":{"registrationId":1457565968,"currentRatchet":{"ephemeralKeyPair":{"pubKey":"BQx/uJM4D5IM63pEWYQPlgHb4lkSPQFcaDYqLhJixeY+","privKey":"UEs0MdTG9KG9rUfLf/LfYFjGKMvev7RGZv8Fsgp0pmM="},"lastRemoteEphemeralKey":"BXHYid3wDdvuUD2HSeb8RsijXLFuVkIPFx87EHfvsM0O","previousCounter":0,"rootKey":"KatrHFUjVw/2PrUbOpoodDKUwR68wiqr6XCCQaC833w="},"indexInfo":{"baseKey":"BY1zh9yLmlwGLEe7OgCUSmPvQj8XLEUeynih7JMlRzco","baseKeyType":1,"closed":-1,"used":1732505405884,"created":1732505405884,"remoteIdentityKey":"BYUPYSXGiIohRubtNiTNlDAwEQdSmMWMdKNPd3BLHp5g"},"_chains":{"BQx/uJM4D5IM63pEWYQPlgHb4lkSPQFcaDYqLhJixeY+":{"chainKey":{"counter":6,"key":"pvVgFs9FPp2vDzvTCTj0uzd9PCCmuQANiQuQmWA5yNc="},"chainType":1,"messageKeys":{}}},"pendingPreKey":{"signedKeyId":11,"baseKey":"BY1zh9yLmlwGLEe7OgCUSmPvQj8XLEUeynih7JMlRzco","preKeyId":15660401}}},"version":"v1"}