{"_sessions":{"BQsFWTdN2/K5aYNJNiEtuB77jYupCzmKtS0TfY6GP5F1":{"registrationId":240948021,"currentRatchet":{"ephemeralKeyPair":{"pubKey":"BWvOWgJvtjILdnHNYE/MXaD8vKCEgWvEL0qpOxZcnjZD","privKey":"KE7ffumVL5zPB+iYuS5EdOat+gESq1ex4Gas4qQ3Vmg="},"lastRemoteEphemeralKey":"Bb9H9HuNqFX1Ee+IaHboOxCirIU5V++yhPbAC9clYMhQ","previousCounter":0,"rootKey":"4ggGw1/b8wrb4a2nJ7sS9N6q2ZagDDG4OeBTPFLuD1o="},"indexInfo":{"baseKey":"BQsFWTdN2/K5aYNJNiEtuB77jYupCzmKtS0TfY6GP5F1","baseKeyType":1,"closed":1732505407100,"used":1732505403979,"created":1732505403979,"remoteIdentityKey":"BekjGsXGUXrZIAQTRhAQTdihWWrsXOlwxDTZljI3rblQ"},"_chains":{"BWvOWgJvtjILdnHNYE/MXaD8vKCEgWvEL0qpOxZcnjZD":{"chainKey":{"counter":0,"key":"Zin8HDZou81dkRB8ymWKng38q2IDSutCy9U4vjtSk+c="},"chainType":1,"messageKeys":{}}},"pendingPreKey":{"signedKeyId":2,"baseKey":"BQsFWTdN2/K5aYNJNiEtuB77jYupCzmKtS0TfY6GP5F1","preKeyId":14655621}},"BSPcDHuyxYp7ZKAMKAk+MTFXKLalZEbugx6Pi8lGoNtY":{"registrationId":240948021,"currentRatchet":{"ephemeralKeyPair":{"pubKey":"BWrUVIr7g5rrUEJrTYwfR3SSbo3gRZT8GLMNOJjDEpgz","privKey":"YOYD2XrRpovwmVarrspb8McGw6rKTpg/+bYJsyGObUU="},"lastRemoteEphemeralKey":"Bb9H9HuNqFX1Ee+IaHboOxCirIU5V++yhPbAC9clYMhQ","previousCounter":0,"rootKey":"vd+c0ApCGzqbq07NfGK4CY8l3JZcC78Py8dxL+mAkxU="},"indexInfo":{"baseKey":"BSPcDHuyxYp7ZKAMKAk+MTFXKLalZEbugx6Pi8lGoNtY","baseKeyType":1,"closed":-1,"used":1732505405969,"created":1732505405969,"remoteIdentityKey":"BekjGsXGUXrZIAQTRhAQTdihWWrsXOlwxDTZljI3rblQ"},"_chains":{"BWrUVIr7g5rrUEJrTYwfR3SSbo3gRZT8GLMNOJjDEpgz":{"chainKey":{"counter":6,"key":"6N2N1VvuJtI9/863CeY0h2laiBJ1kUf37mZp9vS01uE="},"chainType":1,"messageKeys":{}}},"pendingPreKey":{"signedKeyId":2,"baseKey":"BSPcDHuyxYp7ZKAMKAk+MTFXKLalZEbugx6Pi8lGoNtY","preKeyId":14655810}}},"version":"v1"}