{"_sessions":{"BYctIpcD2+n1XIHK/SVoaDwggeysAfBUopkFLjXR+0Yq":{"registrationId":1573197020,"currentRatchet":{"ephemeralKeyPair":{"pubKey":"Bfo5Kh04AGOMHTJ0ZXBNZ4H2tUYnMFS2c/znPUBkIptf","privKey":"OL7u5xcBtyZJI87UKdIJeZkRD7W92PvImA8PkvUZnkc="},"lastRemoteEphemeralKey":"BQ/xcz92/qOl7MrTSJhQgSGGSxNhgAXH/rT7ScqCtiAt","previousCounter":0,"rootKey":"0Kyqan2A6orIv5Ojs7D/EocFTd5hvtR/iv3J4PYKgr8="},"indexInfo":{"baseKey":"BYctIpcD2+n1XIHK/SVoaDwggeysAfBUopkFLjXR+0Yq","baseKeyType":1,"closed":-1,"used":1732505401471,"created":1732505401471,"remoteIdentityKey":"BRZXCbPW86rv4BJUPe1uJSwSISGmokhqgRsm2ill/u0y"},"_chains":{"Bfo5Kh04AGOMHTJ0ZXBNZ4H2tUYnMFS2c/znPUBkIptf":{"chainKey":{"counter":4,"key":"9SZnQAeaJjFjmWonsmx24VVw4CqP05sT48tn1Ww/vKQ="},"chainType":1,"messageKeys":{}}},"pendingPreKey":{"signedKeyId":3,"baseKey":"BYctIpcD2+n1XIHK/SVoaDwggeysAfBUopkFLjXR+0Yq","preKeyId":714821}}},"version":"v1"}