{"_sessions":{"BdzGexlLwiGklvonPAGwgj8rOSh9dfl0NE1F+KwEgiUZ":{"registrationId":393972760,"currentRatchet":{"ephemeralKeyPair":{"pubKey":"BWnqM4tSp6l02S51gdWgkbhbVwidvulfsf5MnXkA32Zl","privKey":"WO9W2I8VfGdzl6Z9ZKuSIU/cXkK3vV2+NiWHRsarfHY="},"lastRemoteEphemeralKey":"BY67GCKp5RGmOpdgRFo/sU4BnPO2zm+arf1jSetlLjZO","previousCounter":0,"rootKey":"hOuWwfkRArS4mnXMG1C4de9a0Fny93HYB+4VixqhQUw="},"indexInfo":{"baseKey":"BdzGexlLwiGklvonPAGwgj8rOSh9dfl0NE1F+KwEgiUZ","baseKeyType":1,"closed":1732505406350,"used":1732505403866,"created":1732505403866,"remoteIdentityKey":"BZMIg4JIRBw8lw1yLz1m9AWwqC7An1OExm80Hiyu7oUm"},"_chains":{"BWnqM4tSp6l02S51gdWgkbhbVwidvulfsf5MnXkA32Zl":{"chainKey":{"counter":0,"key":"6A/A4rWQonTKv6FLX0JHDLgp9FJxUR8iYCtycHtYYVg="},"chainType":1,"messageKeys":{}}},"pendingPreKey":{"signedKeyId":2,"baseKey":"BdzGexlLwiGklvonPAGwgj8rOSh9dfl0NE1F+KwEgiUZ","preKeyId":5503076}},"BdkgdYtEpqrKaIz5y4DgL9TQxSiJ9asq2292mmLVFPgl":{"registrationId":393972760,"currentRatchet":{"ephemeralKeyPair":{"pubKey":"BZaa16sJFSwqM5GCS+9UKefqwWWxjY56iJRJq5qjCakO","privKey":"CHRyOyNOEncOH0+S//ckY/L92u5f1TiOpBUWaNpZEn8="},"lastRemoteEphemeralKey":"BY67GCKp5RGmOpdgRFo/sU4BnPO2zm+arf1jSetlLjZO","previousCounter":0,"rootKey":"bS77Q8FmumlDWMIrvppITJlgZ+e2SFdiZ2l0BQ6bghk="},"indexInfo":{"baseKey":"BdkgdYtEpqrKaIz5y4DgL9TQxSiJ9asq2292mmLVFPgl","baseKeyType":1,"closed":-1,"used":1732505405852,"created":1732505405852,"remoteIdentityKey":"BZMIg4JIRBw8lw1yLz1m9AWwqC7An1OExm80Hiyu7oUm"},"_chains":{"BZaa16sJFSwqM5GCS+9UKefqwWWxjY56iJRJq5qjCakO":{"chainKey":{"counter":6,"key":"gxxYbWy9LNa1C14PJ38fLaXaziYY6InVkXQAbM7+BD0="},"chainType":1,"messageKeys":{}}},"pendingPreKey":{"signedKeyId":2,"baseKey":"BdkgdYtEpqrKaIz5y4DgL9TQxSiJ9asq2292mmLVFPgl","preKeyId":5503059}}},"version":"v1"}