{"_sessions":{"BRcY12dSinKgmBXEJY8HR+rhlUkJ4h8ydo+Qzl5nZA0D":{"registrationId":426908017,"currentRatchet":{"ephemeralKeyPair":{"pubKey":"BS12glpvol4hi18IGQrGxLnVNS0UjyIWfU8x7OXey81g","privKey":"GMefn8+ZGSodeRhG36Npb7lI7OhS3p2G01qHSxNAb0Y="},"lastRemoteEphemeralKey":"BVgjf8NhaUU39rFyoAsk9Izi8glBPsquiLcQc03lOKlJ","previousCounter":0,"rootKey":"pdIMfz/soGYYyfjX/Orbx4X8CPps3DecZHJOa4/7aEM="},"indexInfo":{"baseKey":"BRcY12dSinKgmBXEJY8HR+rhlUkJ4h8ydo+Qzl5nZA0D","baseKeyType":1,"closed":1732505407300,"used":1732505404014,"created":1732505404014,"remoteIdentityKey":"Bfed8p8DdqGjUSO9JhhNExQescGjRqjo5Fo50nzXNRsJ"},"_chains":{"BS12glpvol4hi18IGQrGxLnVNS0UjyIWfU8x7OXey81g":{"chainKey":{"counter":0,"key":"jHJ89xk70C0QwlhvKG1OodiSXocdFbtShlVwusd9Lj8="},"chainType":1,"messageKeys":{}}},"pendingPreKey":{"signedKeyId":1,"baseKey":"BRcY12dSinKgmBXEJY8HR+rhlUkJ4h8ydo+Qzl5nZA0D","preKeyId":11174504}},"BXZ1tdKINMskJiVWAwy0EiA5XwyEPWGj0iveeCvkxiJn":{"registrationId":426908017,"currentRatchet":{"ephemeralKeyPair":{"pubKey":"BR2DniHEiLA32UjNQHL3JeoS/IZXi+9iZpieOxAs665Z","privKey":"0Eo0OC1Qhu4eTZf7lXjWs4Rcyxy9hY2zxO43SJKBhX8="},"lastRemoteEphemeralKey":"Bc3RYoHHtB+K+oPd9wSFQMBORDi03ap847u8Zc28OFMP","previousCounter":3,"rootKey":"2fUj9yQYBAjBdwHJ3lP/Or2gds2sRGGYF700E2jUYJs="},"indexInfo":{"baseKey":"BXZ1tdKINMskJiVWAwy0EiA5XwyEPWGj0iveeCvkxiJn","baseKeyType":1,"closed":-1,"used":1732511424554,"created":1732505406001,"remoteIdentityKey":"Bfed8p8DdqGjUSO9JhhNExQescGjRqjo5Fo50nzXNRsJ"},"_chains":{"Bc3RYoHHtB+K+oPd9wSFQMBORDi03ap847u8Zc28OFMP":{"chainKey":{"counter":1,"key":"GkiOb9+TUhzB0uMXKNVMrXdNkxIpVp5wwyytm1qf8So="},"chainType":2,"messageKeys":{"0":"IBAQwuYzi/XL0dGbcazjX+9vBnK7d/DEdSPYDzQOjPA="}},"BR2DniHEiLA32UjNQHL3JeoS/IZXi+9iZpieOxAs665Z":{"chainKey":{"counter":2,"key":"2SwoiOPg9FynGFHocgyAXLFlpuZwpE2EeMGRwDpKaQ8="},"chainType":1,"messageKeys":{}}}}},"version":"v1"}