{"_sessions":{"BWnrT/B2FAHXDqeButolMNSi1xB7mdKMYtV9GFzJoEAY":{"registrationId":2045635849,"currentRatchet":{"ephemeralKeyPair":{"pubKey":"BeDxUqpfcCzZGGoVwXbOtasAn+5FKA9Aa7iEYoqGAeg4","privKey":"WJJ7WAOxzrRn2841QRwSiyyZGR0JQPOWLjJ1kAbkrUM="},"lastRemoteEphemeralKey":"BcCjCJ3cp+g4sspcgyD4IvVB2KxrD5Zdh/6B1bkapxVw","previousCounter":0,"rootKey":"gPcqVAAC7vzqD5BdpEW2+kiLVZFn9R3pXUnRMgX5bJU="},"indexInfo":{"baseKey":"BWnrT/B2FAHXDqeButolMNSi1xB7mdKMYtV9GFzJoEAY","baseKeyType":1,"closed":1732505406025,"used":1732505403753,"created":1732505403753,"remoteIdentityKey":"BVjxZqCJpbFCrFmOPUg45RxjgTrhVvo9ueJ/IG1jdRYI"},"_chains":{"BeDxUqpfcCzZGGoVwXbOtasAn+5FKA9Aa7iEYoqGAeg4":{"chainKey":{"counter":0,"key":"yvQjd9Son1WFfuHfZEftuwdcaXosMtK9RVIzsm9Hprs="},"chainType":1,"messageKeys":{}}},"pendingPreKey":{"signedKeyId":1,"baseKey":"BWnrT/B2FAHXDqeButolMNSi1xB7mdKMYtV9GFzJoEAY"}},"BaEfNEol4acv+u7oQzo3+5/joweM0LZ9QLwXNqljKNw6":{"registrationId":2045635849,"currentRatchet":{"ephemeralKeyPair":{"pubKey":"BXlzHOLxIPHcO0W0ROoHTW1CApKeXKqnpAQKbh/FPrEb","privKey":"aNKNf+EHKDg7O9G19pNUkmEsXwt3inXLX2PAjab6PEA="},"lastRemoteEphemeralKey":"BcCjCJ3cp+g4sspcgyD4IvVB2KxrD5Zdh/6B1bkapxVw","previousCounter":0,"rootKey":"rzwi+bcb+5qLi6tm3bGLbI+gn8p//Rg7d2FH131S80U="},"indexInfo":{"baseKey":"BaEfNEol4acv+u7oQzo3+5/joweM0LZ9QLwXNqljKNw6","baseKeyType":1,"closed":-1,"used":1732505405747,"created":1732505405747,"remoteIdentityKey":"BVjxZqCJpbFCrFmOPUg45RxjgTrhVvo9ueJ/IG1jdRYI"},"_chains":{"BXlzHOLxIPHcO0W0ROoHTW1CApKeXKqnpAQKbh/FPrEb":{"chainKey":{"counter":6,"key":"q3VWUSZ2HWETt8Vm4yUUjdBdy8inaokVjM3qRo4lVzo="},"chainType":1,"messageKeys":{}}},"pendingPreKey":{"signedKeyId":1,"baseKey":"BaEfNEol4acv+u7oQzo3+5/joweM0LZ9QLwXNqljKNw6"}}},"version":"v1"}