{"_sessions":{"BR2sh8CmfBwKuQwIov5rcnqjn9+izUn3uxrAfheWf8oO":{"registrationId":1601993160,"currentRatchet":{"ephemeralKeyPair":{"pubKey":"Bf4Uyxz6aHq/VbLi65A7TU18j1ZMxooCEk0AWp8G99Jd","privKey":"CBcpovyc8vPyl/a/z9opJWOPjORms3Ih6WU5jXpUzkk="},"lastRemoteEphemeralKey":"BanZhE3F1tOEVM5TUPozK/GsgzO19W7aDEyC2CKBKQkb","previousCounter":0,"rootKey":"XoLo07uGtxWYtRrK7ki8Ou9DwGn4//pbkOT7iKtcGoU="},"indexInfo":{"baseKey":"BR2sh8CmfBwKuQwIov5rcnqjn9+izUn3uxrAfheWf8oO","baseKeyType":1,"closed":1732505407350,"used":1732505404025,"created":1732505404025,"remoteIdentityKey":"BVKJBZHDuKluC25xyBEsKGJYCihA0mm2Pa3O1qv5N6gw"},"_chains":{"Bf4Uyxz6aHq/VbLi65A7TU18j1ZMxooCEk0AWp8G99Jd":{"chainKey":{"counter":0,"key":"xT8fYjn9/vzUfKuKQAhYCcwlTHWQAYEF57UR8PA4EeM="},"chainType":1,"messageKeys":{}}},"pendingPreKey":{"signedKeyId":5,"baseKey":"BR2sh8CmfBwKuQwIov5rcnqjn9+izUn3uxrAfheWf8oO","preKeyId":7792907}},"BbAxQ1uy8I8wp6m3vr4iOj1OsqDaneRvw4/OAHRMR0ls":{"registrationId":1601993160,"currentRatchet":{"ephemeralKeyPair":{"pubKey":"BQtA4K9zRx6LLjy127nwzCCMpjMr5ukdwfSKPs4GyB1y","privKey":"qAAxg8UTBM3FwxZGVO7dZLfQnI3KtCboOnsE0gXshFA="},"lastRemoteEphemeralKey":"BanZhE3F1tOEVM5TUPozK/GsgzO19W7aDEyC2CKBKQkb","previousCounter":0,"rootKey":"J7EwUu3OSXFH61LnZb96bIEtl+IlG9ejnkhqiAqCGyI="},"indexInfo":{"baseKey":"BbAxQ1uy8I8wp6m3vr4iOj1OsqDaneRvw4/OAHRMR0ls","baseKeyType":1,"closed":-1,"used":1732505406013,"created":1732505406013,"remoteIdentityKey":"BVKJBZHDuKluC25xyBEsKGJYCihA0mm2Pa3O1qv5N6gw"},"_chains":{"BQtA4K9zRx6LLjy127nwzCCMpjMr5ukdwfSKPs4GyB1y":{"chainKey":{"counter":6,"key":"GbQRMHn/LLDBpNpZnB146EHMOqwCNBY8/v1voqfJMRo="},"chainType":1,"messageKeys":{}}},"pendingPreKey":{"signedKeyId":5,"baseKey":"BbAxQ1uy8I8wp6m3vr4iOj1OsqDaneRvw4/OAHRMR0ls","preKeyId":7792304}}},"version":"v1"}