{"_sessions":{"BY7zAuaiSj8II6M4ltFbEVwdIfUNWAKuIwOsqcnWV+QP":{"registrationId":1934805871,"currentRatchet":{"ephemeralKeyPair":{"pubKey":"BWLCOZjKg2DPMvjYH3yzRt4uAeiTwiNlFenzumwIXsU+","privKey":"QNWB+gazU+CJuZzUaOrVAfMWLju1DOmpM3mTSxOgKHI="},"lastRemoteEphemeralKey":"BYZqlEe9cwJ5Pwp1UCS70bnvCGkCwpW9fAja9F/lI/xo","previousCounter":0,"rootKey":"hEDD88MC7+THsJv+E+yb3P5EVbAzloj4JAP8lIxh4LM="},"indexInfo":{"baseKey":"BY7zAuaiSj8II6M4ltFbEVwdIfUNWAKuIwOsqcnWV+QP","baseKeyType":1,"closed":1732505407050,"used":1732505403970,"created":1732505403970,"remoteIdentityKey":"BUmhdx2li8Bl6gPvOrUOUAVX2QaVbTHxUxCRIT6bW7p9"},"_chains":{"BWLCOZjKg2DPMvjYH3yzRt4uAeiTwiNlFenzumwIXsU+":{"chainKey":{"counter":0,"key":"iuaCtzBxnIdo6GzyRveQYMVZN2q4Czu2o4OhZ+pbsYo="},"chainType":1,"messageKeys":{}}},"pendingPreKey":{"signedKeyId":6919830,"baseKey":"BY7zAuaiSj8II6M4ltFbEVwdIfUNWAKuIwOsqcnWV+QP","preKeyId":6036}},"BQbXADFpvkv76DLQPIRScphMBwxzdJ6CF/vF6K/Pv09+":{"registrationId":1934805871,"currentRatchet":{"ephemeralKeyPair":{"pubKey":"Baask1v+hY/5ZE1Rnwt1ZyP4OaVCvMQpqGwqU14+TUtp","privKey":"OMLVI5a9yV3Sul1s0WImFR8aGJUHYoaZUQ9h0Oy38E8="},"lastRemoteEphemeralKey":"BYZqlEe9cwJ5Pwp1UCS70bnvCGkCwpW9fAja9F/lI/xo","previousCounter":0,"rootKey":"bTivuEDvFWvJ8zmVqdSRLoo/rHezdIgLc7jCj7AhOFA="},"indexInfo":{"baseKey":"BQbXADFpvkv76DLQPIRScphMBwxzdJ6CF/vF6K/Pv09+","baseKeyType":1,"closed":-1,"used":1732505405960,"created":1732505405960,"remoteIdentityKey":"BUmhdx2li8Bl6gPvOrUOUAVX2QaVbTHxUxCRIT6bW7p9"},"_chains":{"Baask1v+hY/5ZE1Rnwt1ZyP4OaVCvMQpqGwqU14+TUtp":{"chainKey":{"counter":6,"key":"k/w7+bAbon7qSw+TYPIAT5srdQeHCNYRZKa7WOXB44w="},"chainType":1,"messageKeys":{}}},"pendingPreKey":{"signedKeyId":6919830,"baseKey":"BQbXADFpvkv76DLQPIRScphMBwxzdJ6CF/vF6K/Pv09+","preKeyId":6131}}},"version":"v1"}