{"_sessions":{"BXUDemzYSO0x8FNRgzQVRmvvQZLNEQkz+Mu9FF/a+9Q+":{"registrationId":62460476,"currentRatchet":{"ephemeralKeyPair":{"pubKey":"BRn6HAJsA2Gq3tahpLIzGBPmB82dJij0/KQ6wGxz8WAT","privKey":"UHuapVw+8duG3aEalhpTi56QSOpzxZpxXbbx3LyvG0M="},"lastRemoteEphemeralKey":"BRmhXlqvJ+9hQMZcThlTuP42YOy/BanZWZAs2I/t/HVC","previousCounter":0,"rootKey":"JWwkoArqhbmqfEi/e0WALpl1NuTSh3UTTqfVNSuSliQ="},"indexInfo":{"baseKey":"BXUDemzYSO0x8FNRgzQVRmvvQZLNEQkz+Mu9FF/a+9Q+","baseKeyType":1,"closed":1732505406100,"used":1732505403822,"created":1732505403822,"remoteIdentityKey":"Bau11KSena8Hv6dWa0H8G6+dsZ99JBRnJqEHNDFGOGo6"},"_chains":{"BRn6HAJsA2Gq3tahpLIzGBPmB82dJij0/KQ6wGxz8WAT":{"chainKey":{"counter":0,"key":"jA5EP9Qysw/5adlu7x8+8NbevKG0TZ5+FdFuu89pBiE="},"chainType":1,"messageKeys":{}}},"pendingPreKey":{"signedKeyId":1,"baseKey":"BXUDemzYSO0x8FNRgzQVRmvvQZLNEQkz+Mu9FF/a+9Q+","preKeyId":6145488}},"BWrCkPXuw2CnC5AdqJa8FDpA1h7/o8Csp5KauWBGEHli":{"registrationId":62460476,"currentRatchet":{"ephemeralKeyPair":{"pubKey":"BVvX6TuMJ7hOPcqZ//DIPTZ4VjgxIPmoe5vgRLVzWidO","privKey":"eIQq5YFRuozjAFbUNZlLBmSdbfuzUq8KYPfOnXeN4lU="},"lastRemoteEphemeralKey":"BRmhXlqvJ+9hQMZcThlTuP42YOy/BanZWZAs2I/t/HVC","previousCounter":0,"rootKey":"0QJJs8bxf8Xc2SKpweWoBMzu+ZwtNqF7KgXk+sT2HWc="},"indexInfo":{"baseKey":"BWrCkPXuw2CnC5AdqJa8FDpA1h7/o8Csp5KauWBGEHli","baseKeyType":1,"closed":-1,"used":1732505405808,"created":1732505405808,"remoteIdentityKey":"Bau11KSena8Hv6dWa0H8G6+dsZ99JBRnJqEHNDFGOGo6"},"_chains":{"BVvX6TuMJ7hOPcqZ//DIPTZ4VjgxIPmoe5vgRLVzWidO":{"chainKey":{"counter":6,"key":"wjatxx3md/w6htUAJx/F+T7tM1sBsyn8y1XwhLDBcUc="},"chainType":1,"messageKeys":{}}},"pendingPreKey":{"signedKeyId":1,"baseKey":"BWrCkPXuw2CnC5AdqJa8FDpA1h7/o8Csp5KauWBGEHli","preKeyId":6145984}}},"version":"v1"}