{"_sessions":{"BdqAYajpoOiKGazTBCllRmEAnlpA3JKnLVtdroPAifhW":{"registrationId":833579855,"currentRatchet":{"ephemeralKeyPair":{"pubKey":"BWQGkwMClgW7hIMmh/GcXyVnD3TnRbroPRJgJtngwsNe","privKey":"QOws2F+qlDQFK407JiGZevzdb+nIAGJEWv2bHzTcr3Q="},"lastRemoteEphemeralKey":"BXwYSzrV2et5f5fTI+bu6qQxwt/IW36VC8GpcciEu60d","previousCounter":0,"rootKey":"7wIXrSKdPYWXuwiHvdSsTV1ZjewQuC+oMFJzkEzOnhg="},"indexInfo":{"baseKey":"BdqAYajpoOiKGazTBCllRmEAnlpA3JKnLVtdroPAifhW","baseKeyType":1,"closed":1732505406962,"used":1732505403957,"created":1732505403957,"remoteIdentityKey":"BSsxu2JAWdtxQW7eYWYt9oL6SIdibuwmKrBt6bgphmQI"},"_chains":{"BWQGkwMClgW7hIMmh/GcXyVnD3TnRbroPRJgJtngwsNe":{"chainKey":{"counter":0,"key":"IS+ZXk2AIY4EfRxRV+Jzr0shvWNHpnngCd0cgO3qJqw="},"chainType":1,"messageKeys":{}}},"pendingPreKey":{"signedKeyId":2,"baseKey":"BdqAYajpoOiKGazTBCllRmEAnlpA3JKnLVtdroPAifhW","preKeyId":2330370}},"BRFLuywLxDqeqhdu78j5FqbcOTg7vR3IkI8NFy/L4Z8Y":{"registrationId":833579855,"currentRatchet":{"ephemeralKeyPair":{"pubKey":"Bah7otUn3lnjoJH0wjryhqZ2qXlBWqbkGNLkvjx41Vts","privKey":"WIBud60V9L7mvsXRAvHltIzDFhhIL+XztIhAggNZg2I="},"lastRemoteEphemeralKey":"BXwYSzrV2et5f5fTI+bu6qQxwt/IW36VC8GpcciEu60d","previousCounter":0,"rootKey":"2p6ksg3vPHc32dqJ5yv/s/RqHGonJ8B6nBMBYmP0k/4="},"indexInfo":{"baseKey":"BRFLuywLxDqeqhdu78j5FqbcOTg7vR3IkI8NFy/L4Z8Y","baseKeyType":1,"closed":-1,"used":1732505405946,"created":1732505405946,"remoteIdentityKey":"BSsxu2JAWdtxQW7eYWYt9oL6SIdibuwmKrBt6bgphmQI"},"_chains":{"Bah7otUn3lnjoJH0wjryhqZ2qXlBWqbkGNLkvjx41Vts":{"chainKey":{"counter":6,"key":"aare0RotDooVZ0YCxo0+cCYkHGvYzTwFCLJBPi4FRNs="},"chainType":1,"messageKeys":{}}},"pendingPreKey":{"signedKeyId":2,"baseKey":"BRFLuywLxDqeqhdu78j5FqbcOTg7vR3IkI8NFy/L4Z8Y","preKeyId":2329837}}},"version":"v1"}