{"_sessions":{"BSAOIbs56R09yHr8we1Ybh2dM42lHIzjMJv80UF+CMUV":{"registrationId":1400555009,"currentRatchet":{"ephemeralKeyPair":{"pubKey":"BfsgmhTPTXQ4OotK/S1PLe52BluxgVv4qU6VO/gG0KVE","privKey":"2JB+hdWQ+InWsY8JchNQ11gvV7VbtnjfSZnmF2hGkF8="},"lastRemoteEphemeralKey":"BdmKoEtm2XWm9+/fnmWIUrBGzjyTagFwo1IbdxLynvkX","previousCounter":0,"rootKey":"W5U/9wp3t5XH+nSFzzvGsw5heXP6i2uzFtG3NQeFOyE="},"indexInfo":{"baseKey":"BSAOIbs56R09yHr8we1Ybh2dM42lHIzjMJv80UF+CMUV","baseKeyType":1,"closed":-1,"used":1732505401496,"created":1732505401496,"remoteIdentityKey":"BUI/2OggDT0SYwnLva8TzWiyCMFaKVOvP/OC6PZX680C"},"_chains":{"BfsgmhTPTXQ4OotK/S1PLe52BluxgVv4qU6VO/gG0KVE":{"chainKey":{"counter":12,"key":"eObnw31aY2nuz1WLAUM892JI2plB7kxy1AaNO+I9Uds="},"chainType":1,"messageKeys":{}}},"pendingPreKey":{"signedKeyId":0,"baseKey":"BSAOIbs56R09yHr8we1Ybh2dM42lHIzjMJv80UF+CMUV","preKeyId":6406297}}},"version":"v1"}