{"_sessions":{"BcrAfBDVo66sPCk96UbH+YAYiCj514TXCMi3/MDXFa1X":{"registrationId":277042727,"currentRatchet":{"ephemeralKeyPair":{"pubKey":"BeFCBEW3vkXKAhytoUlDDWuNiQd/IGCR90CdxbJQX6xm","privKey":"IEkvbm7zVFFxBt5l/uT7QZaHiAUNZh5ShAR+0+OuPH8="},"lastRemoteEphemeralKey":"Bcgr84DCf06Qmhat2Evu36FlJ4dvSy1EjnxPhFS4Mw8p","previousCounter":0,"rootKey":"03Vga8rI5kuVsfLN8kewKK3WFX8MDbfiPAEmgBIXPHI="},"indexInfo":{"baseKey":"BcrAfBDVo66sPCk96UbH+YAYiCj514TXCMi3/MDXFa1X","baseKeyType":1,"closed":1732505406400,"used":1732505403869,"created":1732505403869,"remoteIdentityKey":"BaMdNL5gLe75Zsl3xY+fsX27pvpP02S3Jt/mQM4W5MwL"},"_chains":{"BeFCBEW3vkXKAhytoUlDDWuNiQd/IGCR90CdxbJQX6xm":{"chainKey":{"counter":0,"key":"jXVzjXOThd7Bk5fy0RfyvumZuSwr+zmWiVrukfGb3XY="},"chainType":1,"messageKeys":{}}},"pendingPreKey":{"signedKeyId":22,"baseKey":"BcrAfBDVo66sPCk96UbH+YAYiCj514TXCMi3/MDXFa1X","preKeyId":7590414}},"BTioGu+RzcTgn0aVueZQ3b+PSJpmZ0mQcxsws16VaCo7":{"registrationId":277042727,"currentRatchet":{"ephemeralKeyPair":{"pubKey":"BVdtEUYpCuiePA7HGViPPT3n+iksgZPCZFZqcMuOr0dE","privKey":"sINS6Wd/9LHjBFaUe+6LfFDKtRBnNmTGEGvnAUrha1g="},"lastRemoteEphemeralKey":"Bcgr84DCf06Qmhat2Evu36FlJ4dvSy1EjnxPhFS4Mw8p","previousCounter":0,"rootKey":"llnRUHyDorHG8SYheBVjBY1wvHPzR9OFWYp2IZIRsMM="},"indexInfo":{"baseKey":"BTioGu+RzcTgn0aVueZQ3b+PSJpmZ0mQcxsws16VaCo7","baseKeyType":1,"closed":-1,"used":1732505405855,"created":1732505405855,"remoteIdentityKey":"BaMdNL5gLe75Zsl3xY+fsX27pvpP02S3Jt/mQM4W5MwL"},"_chains":{"BVdtEUYpCuiePA7HGViPPT3n+iksgZPCZFZqcMuOr0dE":{"chainKey":{"counter":6,"key":"NZzM5ilexS73AJXzzgViEX6+bbI6KmtS7C4t5rYcack="},"chainType":1,"messageKeys":{}}},"pendingPreKey":{"signedKeyId":22,"baseKey":"BTioGu+RzcTgn0aVueZQ3b+PSJpmZ0mQcxsws16VaCo7","preKeyId":7590226}}},"version":"v1"}