{"_sessions":{"BeU6qctN6WQxRUyMsXFab7Dn9cfxgybnK3snd14zU504":{"registrationId":6663,"currentRatchet":{"ephemeralKeyPair":{"pubKey":"BR2jWi6uEbqLXOeAGFXYIFkv05DbX/sqOtxyeJa02/M5","privKey":"sLkq4xQ40/rQJPoDgz4aDM7+2hL8eHABCen4pr6cRFo="},"lastRemoteEphemeralKey":"BXO+oL6HEMRfghJp5wH/UxYPiHUHOwgYnNlv42ATStk0","previousCounter":0,"rootKey":"TgCTWWkzGit/gMWss4H4XgItjW1mmScssQalJ7+3N5I="},"indexInfo":{"baseKey":"BeU6qctN6WQxRUyMsXFab7Dn9cfxgybnK3snd14zU504","baseKeyType":1,"closed":1732505406025,"used":1732505403748,"created":1732505403748,"remoteIdentityKey":"BePyPmYsAp0CQBgM8XRSX1FndFUp2Imlw2N3Xt0HpzhQ"},"_chains":{"BR2jWi6uEbqLXOeAGFXYIFkv05DbX/sqOtxyeJa02/M5":{"chainKey":{"counter":0,"key":"+TDmKz4xFjOiS4KQ8lzSKh0ZYYg4sgxAuDskkXF5Yrs="},"chainType":1,"messageKeys":{}}},"pendingPreKey":{"signedKeyId":1,"baseKey":"BeU6qctN6WQxRUyMsXFab7Dn9cfxgybnK3snd14zU504","preKeyId":1342}},"BXqLuwNJhiraoKpIhtv6/BNI5W8Hy0rzZO8BN33kDCNz":{"registrationId":6663,"currentRatchet":{"ephemeralKeyPair":{"pubKey":"BYLSVyeRkA/vaJfy0LIle2azgg2DYTWIZJNX3rp0mm46","privKey":"UHdWPaVAwRgZXDUKPT6wIkA2jF1MnTzefZDPq/rMpEQ="},"lastRemoteEphemeralKey":"BXO+oL6HEMRfghJp5wH/UxYPiHUHOwgYnNlv42ATStk0","previousCounter":0,"rootKey":"crl+oiJqO8k8S6jj4bsrQitXKxfI6FYgrZz/uMAcT2A="},"indexInfo":{"baseKey":"BXqLuwNJhiraoKpIhtv6/BNI5W8Hy0rzZO8BN33kDCNz","baseKeyType":1,"closed":-1,"used":1732505405742,"created":1732505405742,"remoteIdentityKey":"BePyPmYsAp0CQBgM8XRSX1FndFUp2Imlw2N3Xt0HpzhQ"},"_chains":{"BYLSVyeRkA/vaJfy0LIle2azgg2DYTWIZJNX3rp0mm46":{"chainKey":{"counter":6,"key":"vMvXs+zi4oMRAmn5ugBquqHaLTgU8S5R6YDy3IbIdr0="},"chainType":1,"messageKeys":{}}},"pendingPreKey":{"signedKeyId":1,"baseKey":"BXqLuwNJhiraoKpIhtv6/BNI5W8Hy0rzZO8BN33kDCNz","preKeyId":1381}}},"version":"v1"}