{"_sessions":{"BUtj0sReYxpnlVF8PaeKwT57n1ZhOPkFbc3nw8OqI+kj":{"registrationId":301,"currentRatchet":{"ephemeralKeyPair":{"pubKey":"BRxQF0e7Dep7DZpFRaqYIixy+tVP6WsRZaA2AvBYc6wx","privKey":"EETIbNnvJz3Ps6g7kgFFgDrwZKXlfouOTy/kfWFdsmI="},"lastRemoteEphemeralKey":"BW0KL8Rf/ZpC0nsBqt6/dNmZsa9gOMMeO7ohCsuLJJhL","previousCounter":0,"rootKey":"T7mjtd3qrRw+EOY6H0th125mqn/3UcXtlmiVcTai9r4="},"indexInfo":{"baseKey":"BUtj0sReYxpnlVF8PaeKwT57n1ZhOPkFbc3nw8OqI+kj","baseKeyType":1,"closed":1732505406020,"used":1732505403640,"created":1732505403640,"remoteIdentityKey":"Bfanf+AOFkGNOjlfD9XQMWBEaSTk5vWXqRIJq/Kuylh7"},"_chains":{"BRxQF0e7Dep7DZpFRaqYIixy+tVP6WsRZaA2AvBYc6wx":{"chainKey":{"counter":0,"key":"3YfrOQmEubZw8SOMr8I9aZ6MxwWSMyHmEMK9D/tq1FI="},"chainType":1,"messageKeys":{}}},"pendingPreKey":{"signedKeyId":1,"baseKey":"BUtj0sReYxpnlVF8PaeKwT57n1ZhOPkFbc3nw8OqI+kj"}},"Be2kg8dccqEoPO+RCF2KOKRKVdHAPxUC8BQpZHt/SChP":{"registrationId":301,"currentRatchet":{"ephemeralKeyPair":{"pubKey":"Bavmo6x2Z9SfXgC+H9odT/poljKd1GUXkEHCg0EBKl5U","privKey":"sGmFtqVa8IJbn/wiTZbc5vyx51Oebc+zqo6OCqO790E="},"lastRemoteEphemeralKey":"BW0KL8Rf/ZpC0nsBqt6/dNmZsa9gOMMeO7ohCsuLJJhL","previousCounter":0,"rootKey":"jT9mjL2ZH+uo1ZplOn9DHDWVm9l0oWBUDHfgPbouoYw="},"indexInfo":{"baseKey":"Be2kg8dccqEoPO+RCF2KOKRKVdHAPxUC8BQpZHt/SChP","baseKeyType":1,"closed":-1,"used":1732505405647,"created":1732505405647,"remoteIdentityKey":"Bfanf+AOFkGNOjlfD9XQMWBEaSTk5vWXqRIJq/Kuylh7"},"_chains":{"Bavmo6x2Z9SfXgC+H9odT/poljKd1GUXkEHCg0EBKl5U":{"chainKey":{"counter":6,"key":"V2I38mdU1ro+SHCBE6d7fWLLC2ZTXtxUbJZj224+QuU="},"chainType":1,"messageKeys":{}}},"pendingPreKey":{"signedKeyId":1,"baseKey":"Be2kg8dccqEoPO+RCF2KOKRKVdHAPxUC8BQpZHt/SChP"}}},"version":"v1"}