{"_sessions":{"BSbcs+/oiJGKTgkpOZ8lnEBJCGZD6XmCvOUoMEMCUxlE":{"registrationId":544388989,"currentRatchet":{"ephemeralKeyPair":{"pubKey":"BUxJJi0EX+w2IOjVlDQA6Ew8ub16cAl5cUz7o4CuGNtp","privKey":"KHrq+wAfbYnVa6Cai234dKwjuIwvrX5LJ3Ynm1yNO3U="},"lastRemoteEphemeralKey":"BdK2UxskaOVrIliO3EsSgGoTuPxCkTdDioKuRz7G9k4X","previousCounter":0,"rootKey":"xSynIcdenIInU2ZM2T3AGDVRn872ucFCUUEhe4O5tz8="},"indexInfo":{"baseKey":"BSbcs+/oiJGKTgkpOZ8lnEBJCGZD6XmCvOUoMEMCUxlE","baseKeyType":1,"closed":1732505406028,"used":1732505403810,"created":1732505403810,"remoteIdentityKey":"BfiBOIXIhXoA9K7Jy2HQsNc4PLh2pER0tjCISilALS4Z"},"_chains":{"BUxJJi0EX+w2IOjVlDQA6Ew8ub16cAl5cUz7o4CuGNtp":{"chainKey":{"counter":0,"key":"rGdiqhwXupPTCeWbHp90iX8KjYoFqdyNDcRNFaf5O6w="},"chainType":1,"messageKeys":{}}},"pendingPreKey":{"signedKeyId":1,"baseKey":"BSbcs+/oiJGKTgkpOZ8lnEBJCGZD6XmCvOUoMEMCUxlE","preKeyId":14407468}},"BTKV2+Bzw6XcdFIEbtOVQ8M616uFq5FLgLTxC4bAr9lP":{"registrationId":544388989,"currentRatchet":{"ephemeralKeyPair":{"pubKey":"BXDZwkRjs+Nyxz24SvP67XP4Ohngu8bt1ba5yXCJ2FsJ","privKey":"yIFJjI7rYJ+OfBuKMaqvL6aAAIgGt51XfO00AaVhJ3o="},"lastRemoteEphemeralKey":"BdK2UxskaOVrIliO3EsSgGoTuPxCkTdDioKuRz7G9k4X","previousCounter":0,"rootKey":"E49tlerBhbKcx7Licfmjc2v99FJCr1eKhGWxcpIAzwo="},"indexInfo":{"baseKey":"BTKV2+Bzw6XcdFIEbtOVQ8M616uFq5FLgLTxC4bAr9lP","baseKeyType":1,"closed":-1,"used":1732505405796,"created":1732505405796,"remoteIdentityKey":"BfiBOIXIhXoA9K7Jy2HQsNc4PLh2pER0tjCISilALS4Z"},"_chains":{"BXDZwkRjs+Nyxz24SvP67XP4Ohngu8bt1ba5yXCJ2FsJ":{"chainKey":{"counter":6,"key":"a73wzpsgmYCRLU6HjnlUBIz8Aq7DGk35p/ORfkot6OA="},"chainType":1,"messageKeys":{}}},"pendingPreKey":{"signedKeyId":1,"baseKey":"BTKV2+Bzw6XcdFIEbtOVQ8M616uFq5FLgLTxC4bAr9lP","preKeyId":14407603}}},"version":"v1"}