{"_sessions":{"Bcn/2i75lKLRdvEKabNPz/q0FzGmIgtUEokmDFr+jPUC":{"registrationId":534990580,"currentRatchet":{"ephemeralKeyPair":{"pubKey":"BZq/zQ4dw6U68repbBupzHQF7BWGN0SZrymqP3mvPyVN","privKey":"OGmm5d9CuUKluXmb6apAaFv23f8ZoJMUOX5XjEaCQEo="},"lastRemoteEphemeralKey":"BSOvvlrao1TXNAub582YIY79efuwHT7fh8cXPZeIsV42","previousCounter":3,"rootKey":"upnWy/Bpdjguz5C4BCOvnx60igZaYqc30NAuGvIzY3Y="},"indexInfo":{"baseKey":"Bcn/2i75lKLRdvEKabNPz/q0FzGmIgtUEokmDFr+jPUC","baseKeyType":1,"closed":-1,"used":1732520229505,"created":1732505401439,"remoteIdentityKey":"BdVSzukbuSnzNoGWJfskS/sGVrFcpAUgzzHtZYTMcqhW"},"_chains":{"BSOvvlrao1TXNAub582YIY79efuwHT7fh8cXPZeIsV42":{"chainKey":{"counter":0,"key":"hb56cXSpZT022FR9hi2GrgfnyMLS7lUymd1qLCNKekA="},"chainType":2,"messageKeys":{}},"BZq/zQ4dw6U68repbBupzHQF7BWGN0SZrymqP3mvPyVN":{"chainKey":{"counter":0,"key":"GhlPfCkSkpAtp4Hv5H2PHT3TrgpN0lfrE1XEIRRplzg="},"chainType":1,"messageKeys":{}}}}},"version":"v1"}