{"_sessions":{"Bcjr30Qhxvtlq/1vUvUuUJnlRfh6xstgvI9CFh9XYvlh":{"registrationId":509639858,"currentRatchet":{"ephemeralKeyPair":{"pubKey":"BRCaUVJfevvVvF14UJDuSTHPpiuv9z3d5R4FXXThHDtu","privKey":"MKTydxVpjKLSKyQ4O8J+r2pEfisC9LPadj2eqeXpOnA="},"lastRemoteEphemeralKey":"BZXCD/l/uilRhCw4Yqtpwwgib5QaL2WqtbgprpEe8Pdv","previousCounter":0,"rootKey":"hNVW1fI8NsvSnAz4VirxpM4a9ZTC22lWQHxKDnWO7Nc="},"indexInfo":{"baseKey":"Bcjr30Qhxvtlq/1vUvUuUJnlRfh6xstgvI9CFh9XYvlh","baseKeyType":1,"closed":1732505406962,"used":1732505403959,"created":1732505403959,"remoteIdentityKey":"Bfi0macc4Jk5mTs1koeWQ3skmycFLAA3dVqXXEv8hLdn"},"_chains":{"BRCaUVJfevvVvF14UJDuSTHPpiuv9z3d5R4FXXThHDtu":{"chainKey":{"counter":0,"key":"yK669bh9f5VmVO+e2+E6Ix8MA4BUriSw1scdUVgurHI="},"chainType":1,"messageKeys":{}}},"pendingPreKey":{"signedKeyId":0,"baseKey":"Bcjr30Qhxvtlq/1vUvUuUJnlRfh6xstgvI9CFh9XYvlh"}},"BaONsOgdh5HW8xrNdFBb9FBE6uNgcLkheaevmaaaQbQ5":{"registrationId":509639858,"currentRatchet":{"ephemeralKeyPair":{"pubKey":"Be1GJL/jaSon6DhtT/8tYLOQWrboWPvLFe4NS5QrTQ0g","privKey":"KEkQMni2bEZr3wm9ebpyvkCqv5gZcnZTrVBYJsDWEls="},"lastRemoteEphemeralKey":"BZXCD/l/uilRhCw4Yqtpwwgib5QaL2WqtbgprpEe8Pdv","previousCounter":0,"rootKey":"lx2FNslw1UpLsNQ88ZF+ImdiKUd1FKwHhyPTjkM7mSo="},"indexInfo":{"baseKey":"BaONsOgdh5HW8xrNdFBb9FBE6uNgcLkheaevmaaaQbQ5","baseKeyType":1,"closed":-1,"used":1732505405949,"created":1732505405949,"remoteIdentityKey":"Bfi0macc4Jk5mTs1koeWQ3skmycFLAA3dVqXXEv8hLdn"},"_chains":{"Be1GJL/jaSon6DhtT/8tYLOQWrboWPvLFe4NS5QrTQ0g":{"chainKey":{"counter":6,"key":"+9enZC2EuJeST6S/63qPBtUjRf8uAljh57n3W+48k7U="},"chainType":1,"messageKeys":{}}},"pendingPreKey":{"signedKeyId":0,"baseKey":"BaONsOgdh5HW8xrNdFBb9FBE6uNgcLkheaevmaaaQbQ5"}}},"version":"v1"}