{"_sessions":{"Bd8/IOKmsuxFMd2QaU/ULoNpWSLk7Dz5UpoKRz28salL":{"registrationId":10880,"currentRatchet":{"ephemeralKeyPair":{"pubKey":"BeUzyCOPnwxOxSsFrTW5MLO89Mo5GM3ujV7rs8/bidRo","privKey":"kHgc5fJcQMqznCdr4QITqIO1Omxo6T/IqxRlAG5v5Uo="},"lastRemoteEphemeralKey":"BSEoDqMJ/k/eafJyp1Y5Q7O8VfXJqAooSsvoV1/y1NAc","previousCounter":0,"rootKey":"ZyCzuQ6Hpa2Bq2HvW1p1ppHcf0EEspIO0hLvNI6XrI4="},"indexInfo":{"baseKey":"Bd8/IOKmsuxFMd2QaU/ULoNpWSLk7Dz5UpoKRz28salL","baseKeyType":1,"closed":1732505406024,"used":1732505403731,"created":1732505403731,"remoteIdentityKey":"Bfud4z+dvmqASFyqUMQVDa+czNx8bQ63/XFtytdNl7MN"},"_chains":{"BeUzyCOPnwxOxSsFrTW5MLO89Mo5GM3ujV7rs8/bidRo":{"chainKey":{"counter":0,"key":"KMrscN9tsnCgxdzBuL6wOu21Ln0KEO4nernYYDliGNA="},"chainType":1,"messageKeys":{}}},"pendingPreKey":{"signedKeyId":1,"baseKey":"Bd8/IOKmsuxFMd2QaU/ULoNpWSLk7Dz5UpoKRz28salL","preKeyId":557}},"BU8hfOQNt4YLIFFJf/F4n8gcZbQN1qcTng8MxDWEEZ5Q":{"registrationId":10880,"currentRatchet":{"ephemeralKeyPair":{"pubKey":"BZg7bblYt5UfPsIsvuG9ge3ndiIsI/gSZXYX79OXnLlM","privKey":"eBm56Loe60ddLAg9fxllQWNVerMVWwNlQ5wqSeQkwkw="},"lastRemoteEphemeralKey":"BSEoDqMJ/k/eafJyp1Y5Q7O8VfXJqAooSsvoV1/y1NAc","previousCounter":0,"rootKey":"0yYgIz3KJCsr+uHRRRPaknPM8lPKu2Xkczd2vuuh5jU="},"indexInfo":{"baseKey":"BU8hfOQNt4YLIFFJf/F4n8gcZbQN1qcTng8MxDWEEZ5Q","baseKeyType":1,"closed":-1,"used":1732505405729,"created":1732505405729,"remoteIdentityKey":"Bfud4z+dvmqASFyqUMQVDa+czNx8bQ63/XFtytdNl7MN"},"_chains":{"BZg7bblYt5UfPsIsvuG9ge3ndiIsI/gSZXYX79OXnLlM":{"chainKey":{"counter":6,"key":"pXKmj5A7oqEuutAT8hprq2jC8KtYvEy+rQap328veSE="},"chainType":1,"messageKeys":{}}},"pendingPreKey":{"signedKeyId":1,"baseKey":"BU8hfOQNt4YLIFFJf/F4n8gcZbQN1qcTng8MxDWEEZ5Q","preKeyId":667}}},"version":"v1"}