{"_sessions":{"BYOw9Dd98oyClZ7PcviDHmT1VAk3PiDw/CX+YEYCahJw":{"registrationId":642403937,"currentRatchet":{"ephemeralKeyPair":{"pubKey":"BeCzbF3e+Wp5j0x3VNcXueO4rZVgzphGl8qNtRwSJrAp","privKey":"qNLC4nnNiUKmEUn1/cgbguRbxMnleArC821eaYTiPkU="},"lastRemoteEphemeralKey":"BSZa5MlTOgZy77zaWGKDD5kKC6qMU83IVi9KeOoY+bI0","previousCounter":0,"rootKey":"Ew+9W7QciherKo3wRnF/9d6oWiZSdWp2DItPB5VefFQ="},"indexInfo":{"baseKey":"BYOw9Dd98oyClZ7PcviDHmT1VAk3PiDw/CX+YEYCahJw","baseKeyType":1,"closed":-1,"used":1732505401498,"created":1732505401498,"remoteIdentityKey":"BUbFUNhAepUwjFMiybF0I11K0/prY/87BSntlXadJJQT"},"_chains":{"BeCzbF3e+Wp5j0x3VNcXueO4rZVgzphGl8qNtRwSJrAp":{"chainKey":{"counter":4,"key":"0npX0Rjhc8PWJZjiQv/Qc3iJo+66iwqkjUVxLGMGvpk="},"chainType":1,"messageKeys":{}}},"pendingPreKey":{"signedKeyId":8,"baseKey":"BYOw9Dd98oyClZ7PcviDHmT1VAk3PiDw/CX+YEYCahJw","preKeyId":11595266}}},"version":"v1"}