{"_sessions":{"BTwaKVutJcOTXp/YBVMRjS+0IKEC5cah2CkwahGGjU4E":{"registrationId":830959866,"currentRatchet":{"ephemeralKeyPair":{"pubKey":"BTJLP8GdR/+muIhbt7pxZRXfEyc7U+HKtorkBmYXwatl","privKey":"OJu6Fw42tiQ/UtWHPw/8Rv4AmosOZ4rjGzk4SzIgzFc="},"lastRemoteEphemeralKey":"BWfsh6ZFGGipxkD/3Vj569xcFSd2NKdKVSzfqKdknsdm","previousCounter":0,"rootKey":"JDm9mCwxRde0Uaedalc/D3tVwM/laB9pAmE1YZxm78c="},"indexInfo":{"baseKey":"BTwaKVutJcOTXp/YBVMRjS+0IKEC5cah2CkwahGGjU4E","baseKeyType":1,"closed":1732505406900,"used":1732505403950,"created":1732505403950,"remoteIdentityKey":"BbtSe37gM8UQulVT6nNc0rfdKxOzsjlsMZ+AMSXxWetw"},"_chains":{"BTJLP8GdR/+muIhbt7pxZRXfEyc7U+HKtorkBmYXwatl":{"chainKey":{"counter":0,"key":"EGOOIonaV6gHQaKSW4nqab8+umvkLd40JMyMmxV0ixE="},"chainType":1,"messageKeys":{}}},"pendingPreKey":{"signedKeyId":8,"baseKey":"BTwaKVutJcOTXp/YBVMRjS+0IKEC5cah2CkwahGGjU4E","preKeyId":5154533}},"Bbz+ZNczOS4JNkluBfuZqt/LR1b821x3w39XJ71BM/MP":{"registrationId":830959866,"currentRatchet":{"ephemeralKeyPair":{"pubKey":"BZPKJZbsD1TsoQJ/45mfgxZQXIUUlNXEDlZMcgp1Qh9V","privKey":"EC/+6MkWApHaj+6l02IcvkXvMDD5RqryEZ1ObZIKFGY="},"lastRemoteEphemeralKey":"BWfsh6ZFGGipxkD/3Vj569xcFSd2NKdKVSzfqKdknsdm","previousCounter":0,"rootKey":"hoxnccTIztRAd0x0McWn0ztbURp7n7XfuaxSXN6r94Q="},"indexInfo":{"baseKey":"Bbz+ZNczOS4JNkluBfuZqt/LR1b821x3w39XJ71BM/MP","baseKeyType":1,"closed":-1,"used":1732505405940,"created":1732505405940,"remoteIdentityKey":"BbtSe37gM8UQulVT6nNc0rfdKxOzsjlsMZ+AMSXxWetw"},"_chains":{"BZPKJZbsD1TsoQJ/45mfgxZQXIUUlNXEDlZMcgp1Qh9V":{"chainKey":{"counter":6,"key":"46AIBkf0EWuzsFu4rkCvrefiZ3AakSNnT2hO5UTVSqU="},"chainType":1,"messageKeys":{}}},"pendingPreKey":{"signedKeyId":8,"baseKey":"Bbz+ZNczOS4JNkluBfuZqt/LR1b821x3w39XJ71BM/MP","preKeyId":5154301}}},"version":"v1"}