{"_sessions":{"Ba1AA8rOXeAk5yWnE4c243z0nJTm5n69V8f3FNfA2h5G":{"registrationId":699129333,"currentRatchet":{"ephemeralKeyPair":{"pubKey":"BeJeEnTDgcAAaPFBH58ZufVjf6xZMUa9WCFquIGl3j4U","privKey":"oLTLvMTS7uSpqytjtCNWQySaEtHDFTnHMNUMsj4hw24="},"lastRemoteEphemeralKey":"BZ/BSz/C5IQyJU4/S1y5L8QGGQitN5tdEF3/QNzeoWZK","previousCounter":0,"rootKey":"tJ7zqfVT6Us1MRg9m4+ACQggVZQaSrcHoEt19gvqvqY="},"indexInfo":{"baseKey":"Ba1AA8rOXeAk5yWnE4c243z0nJTm5n69V8f3FNfA2h5G","baseKeyType":1,"closed":-1,"used":1732505401493,"created":1732505401493,"remoteIdentityKey":"BYdxOtySLA0YMfdIc+gB4zPDmyTHQD8c3IXVn0wbjiM+"},"_chains":{"BeJeEnTDgcAAaPFBH58ZufVjf6xZMUa9WCFquIGl3j4U":{"chainKey":{"counter":4,"key":"rBvPKsRs5WdO+QJN/XfZfv+HjTjlMU9/g4T6TfRuWvY="},"chainType":1,"messageKeys":{}}},"pendingPreKey":{"signedKeyId":6,"baseKey":"Ba1AA8rOXeAk5yWnE4c243z0nJTm5n69V8f3FNfA2h5G","preKeyId":12140950}}},"version":"v1"}