{"_sessions":{"BWLa0wc3rU//+oxoSflNADPr0L115F7Afd8gfeDQtnd1":{"registrationId":1023964228,"currentRatchet":{"ephemeralKeyPair":{"pubKey":"Bbp0bGcr7fD7gcUpTLtvCdhCizZtSWvx1eAmDJultvp+","privKey":"oCh3XUWrFOwUZWUVwLptL+0lq9cfbVn6jfFt9t1l2FQ="},"lastRemoteEphemeralKey":"BTiacqD4TxGkU76IWH2IV0r7l1Gr/WNOa/OYzfFDQRxy","previousCounter":0,"rootKey":"NjKIrwtKBrVnxFL0LhLuHV18yn4BqhGNUdjyYv53yNs="},"indexInfo":{"baseKey":"BWLa0wc3rU//+oxoSflNADPr0L115F7Afd8gfeDQtnd1","baseKeyType":2,"closed":-1,"used":1732505399867,"created":1732505399867,"remoteIdentityKey":"BXsFSEknSrEU8CbpXhkso2NYUkJX5X4Hopz9nAVVU6pP"},"_chains":{"BTiacqD4TxGkU76IWH2IV0r7l1Gr/WNOa/OYzfFDQRxy":{"chainKey":{"counter":1,"key":"R7+O6aWBRVF99woIav0IgvlBHA2jtiMa76BVW8j1dKw="},"chainType":2,"messageKeys":{}},"Bbp0bGcr7fD7gcUpTLtvCdhCizZtSWvx1eAmDJultvp+":{"chainKey":{"counter":4,"key":"9AR5EfKIwU8QzJbgUkMFyZwWYTVkZEZuLLwB3CEo8Ng="},"chainType":1,"messageKeys":{}}}}},"version":"v1"}