{"_sessions":{"BYK1RVHfKoD+eVeRpZXneyP56p7l3o9zSzVF8uUTgUB1":{"registrationId":702853260,"currentRatchet":{"ephemeralKeyPair":{"pubKey":"BVB7rjiSqDczos2JONljzph3AzGTr4hW8Cip0RQXMckg","privKey":"iBfKxdoCQcy9Y/Gjq5pwCmLsyRz1OC8DU2reaJMpe3g="},"lastRemoteEphemeralKey":"BQcLHpp1EvELlb1mRzUpfh0cXbcNYtPXves+RldBOvEu","previousCounter":0,"rootKey":"8B1U9whkgbHPvIT16xsNkGLy+pCn+3QUTIzxVGUjIAo="},"indexInfo":{"baseKey":"BYK1RVHfKoD+eVeRpZXneyP56p7l3o9zSzVF8uUTgUB1","baseKeyType":1,"closed":1732505406022,"used":1732505403670,"created":1732505403670,"remoteIdentityKey":"BQltANW3+nQVf/TNSBymHbC3ekiUwCwIeAGm5lLlMsME"},"_chains":{"BVB7rjiSqDczos2JONljzph3AzGTr4hW8Cip0RQXMckg":{"chainKey":{"counter":0,"key":"q6C2tFsJEoQyXBBOhei18jWhYqBYFugdl35aji3lrJw="},"chainType":1,"messageKeys":{}}},"pendingPreKey":{"signedKeyId":1,"baseKey":"BYK1RVHfKoD+eVeRpZXneyP56p7l3o9zSzVF8uUTgUB1"}},"BTNOyLYFfLN06N+NQGYsLF5hSOTlqHrUTrR4Vz0bxa5m":{"registrationId":702853260,"currentRatchet":{"ephemeralKeyPair":{"pubKey":"BSO3BzM+pCciTHOBLiyzuVdyp8I57JlUzMOGulRySd5s","privKey":"eGAv5Kr0W357Ja/uT3zZbNXknzvfN14uEeyKTtWR7lE="},"lastRemoteEphemeralKey":"BQcLHpp1EvELlb1mRzUpfh0cXbcNYtPXves+RldBOvEu","previousCounter":0,"rootKey":"wk+K+DBJsE3FszE+TWgfAoHeftgOMh08C9a243Lczho="},"indexInfo":{"baseKey":"BTNOyLYFfLN06N+NQGYsLF5hSOTlqHrUTrR4Vz0bxa5m","baseKeyType":1,"closed":-1,"used":1732505405707,"created":1732505405707,"remoteIdentityKey":"BQltANW3+nQVf/TNSBymHbC3ekiUwCwIeAGm5lLlMsME"},"_chains":{"BSO3BzM+pCciTHOBLiyzuVdyp8I57JlUzMOGulRySd5s":{"chainKey":{"counter":6,"key":"4IOFW5ynfQPXYsZtDL6k2gPlzjLUF8HkEIJqwRqNNKs="},"chainType":1,"messageKeys":{}}},"pendingPreKey":{"signedKeyId":1,"baseKey":"BTNOyLYFfLN06N+NQGYsLF5hSOTlqHrUTrR4Vz0bxa5m"}}},"version":"v1"}