{"_sessions":{"BZV7Q3J2VKPO+TVl7SP1H0d75ialkgJM5U8GRD3NJEUA":{"registrationId":1965843272,"currentRatchet":{"ephemeralKeyPair":{"pubKey":"Bew3oQKze87zesJ05+iaI1t1ZDsLXBf44/u5rFY67TAo","privKey":"MPwbPoX0z39FAWUhh5q7GkZ/q3gM1uAfWnvcspRtw2g="},"lastRemoteEphemeralKey":"Bd52Cm3CedBvuovBXer7/R9scOcAzgEpkzGavxmbi2Z6","previousCounter":0,"rootKey":"NYj6277+sOtSrGgSMjsiTRmKG+RH4y3DdeJqN6SuLaM="},"indexInfo":{"baseKey":"BZV7Q3J2VKPO+TVl7SP1H0d75ialkgJM5U8GRD3NJEUA","baseKeyType":1,"closed":-1,"used":1732505401516,"created":1732505401516,"remoteIdentityKey":"BWfDT0+fFmdLIhZ0M6irZ5tGHg1Y0zI2RNeA21u9tvBh"},"_chains":{"Bew3oQKze87zesJ05+iaI1t1ZDsLXBf44/u5rFY67TAo":{"chainKey":{"counter":12,"key":"ShTpyMDQPhAR5u59Pwa0InOdgnl5MbYAlgpZFWRgDKc="},"chainType":1,"messageKeys":{}}},"pendingPreKey":{"signedKeyId":4,"baseKey":"BZV7Q3J2VKPO+TVl7SP1H0d75ialkgJM5U8GRD3NJEUA","preKeyId":9279538}}},"version":"v1"}