{"_sessions":{"BXvBkOiyxuRNVWsqvE4pOU99e9b90q2AG8Ycb47VT8QL":{"registrationId":185485024,"currentRatchet":{"ephemeralKeyPair":{"pubKey":"BbLcTK3wZ9JOfGxhof+e51WS/kEhNzAmDXWRVyiwUqY6","privKey":"kLN5UL1ACvD6uc3MO24E4h0FUJ108OEhvRhihBagl0Y="},"lastRemoteEphemeralKey":"BVKJxX3O3kMSFTonEcABirxYiqYVGs2x+pikHIQysxQb","previousCounter":0,"rootKey":"zgmHkMUO7gTPfhTdJ+6wD3Mey+6ZoveaT9vMvu0pAWo="},"indexInfo":{"baseKey":"BXvBkOiyxuRNVWsqvE4pOU99e9b90q2AG8Ycb47VT8QL","baseKeyType":1,"closed":1732505407001,"used":1732505403965,"created":1732505403965,"remoteIdentityKey":"BVA0BJkuZv7QZMdMdsBa9EmSrnxxpB/B3ggV/wazQ5QD"},"_chains":{"BbLcTK3wZ9JOfGxhof+e51WS/kEhNzAmDXWRVyiwUqY6":{"chainKey":{"counter":0,"key":"988HvA4WyZqJ1n/pXFzVvobgQ4/abPoyBNHOLWJ9COI="},"chainType":1,"messageKeys":{}}},"pendingPreKey":{"signedKeyId":9,"baseKey":"BXvBkOiyxuRNVWsqvE4pOU99e9b90q2AG8Ycb47VT8QL","preKeyId":13213811}},"BbQ6VmySJvIZ+P2/mHYL9b8tPE5hiuqaCxqpuk+R+PAA":{"registrationId":185485024,"currentRatchet":{"ephemeralKeyPair":{"pubKey":"BRJQENfpam3bOnllXzjhqdU9DVnZjObjIxoLNRLiCbEb","privKey":"IJtBphnvxBf2z3j2MKaJqTJCWVxfVaSBM09BBn2dgFI="},"lastRemoteEphemeralKey":"BVKJxX3O3kMSFTonEcABirxYiqYVGs2x+pikHIQysxQb","previousCounter":0,"rootKey":"K7Xf38F7+YkNQthJ95eG2TN6UOqJYOQu6xTQrx/JMyI="},"indexInfo":{"baseKey":"BbQ6VmySJvIZ+P2/mHYL9b8tPE5hiuqaCxqpuk+R+PAA","baseKeyType":1,"closed":-1,"used":1732505405954,"created":1732505405954,"remoteIdentityKey":"BVA0BJkuZv7QZMdMdsBa9EmSrnxxpB/B3ggV/wazQ5QD"},"_chains":{"BRJQENfpam3bOnllXzjhqdU9DVnZjObjIxoLNRLiCbEb":{"chainKey":{"counter":6,"key":"BR3a6OqQ095YsmqX+SfY1A0GAY9FuC4gpgDxnkxhnEQ="},"chainType":1,"messageKeys":{}}},"pendingPreKey":{"signedKeyId":9,"baseKey":"BbQ6VmySJvIZ+P2/mHYL9b8tPE5hiuqaCxqpuk+R+PAA","preKeyId":13214075}}},"version":"v1"}