{"_sessions":{"BXZExmNAJCWuybWsTjfcJDnQNrlSgM/PsSJi5faBvSwH":{"registrationId":743936090,"currentRatchet":{"ephemeralKeyPair":{"pubKey":"BRUM2L1/+fqwO+kkiSaZWXCf/cwSFb/+XdrAx4y8YzMj","privKey":"2NIn6s+cGfM6mUSEumX5Pfvhqbh0UCgqmPhS5wwhMXI="},"lastRemoteEphemeralKey":"BV9jmp8muhydOrGXd39ysUt8fN4w2WtEZNSuVZ3qRcNb","previousCounter":0,"rootKey":"cwFoWKTNrV/MJKEHmMT5pVdeOfgRSOHK0pI8kfJa6Nc="},"indexInfo":{"baseKey":"BXZExmNAJCWuybWsTjfcJDnQNrlSgM/PsSJi5faBvSwH","baseKeyType":1,"closed":1732505407100,"used":1732505403976,"created":1732505403976,"remoteIdentityKey":"BdqinAvcJcc0N96gIr+jK+4RCchi6fzUY3Clp/CfRF81"},"_chains":{"BRUM2L1/+fqwO+kkiSaZWXCf/cwSFb/+XdrAx4y8YzMj":{"chainKey":{"counter":0,"key":"w3siYE5PVAzJzus/3YZ+VeKOPnbZPW2WVLV+mifqwf8="},"chainType":1,"messageKeys":{}}},"pendingPreKey":{"signedKeyId":0,"baseKey":"BXZExmNAJCWuybWsTjfcJDnQNrlSgM/PsSJi5faBvSwH","preKeyId":216633}},"BQw2ALAcSBpoZ/mtqD6hVCAl3R8MlPsoeI6oZA7XvCIX":{"registrationId":743936090,"currentRatchet":{"ephemeralKeyPair":{"pubKey":"BZd5BkBkHHVuXISVSq7pIt1809jkRAi55eEJS2sJZERQ","privKey":"KGsj7zro3d6ckFyEoFENxgCupurHTo3dT37D7J9Vlks="},"lastRemoteEphemeralKey":"BV9jmp8muhydOrGXd39ysUt8fN4w2WtEZNSuVZ3qRcNb","previousCounter":0,"rootKey":"4MUo3WBOw6yzos7CxjPG3ZgJ4HrufIQV9n9KLJjIzXk="},"indexInfo":{"baseKey":"BQw2ALAcSBpoZ/mtqD6hVCAl3R8MlPsoeI6oZA7XvCIX","baseKeyType":1,"closed":-1,"used":1732505405966,"created":1732505405966,"remoteIdentityKey":"BdqinAvcJcc0N96gIr+jK+4RCchi6fzUY3Clp/CfRF81"},"_chains":{"BZd5BkBkHHVuXISVSq7pIt1809jkRAi55eEJS2sJZERQ":{"chainKey":{"counter":6,"key":"sChx0NACHxTa1pjh0wg8ZyLKhEWKqeb+54xcYOMC7E0="},"chainType":1,"messageKeys":{}}},"pendingPreKey":{"signedKeyId":0,"baseKey":"BQw2ALAcSBpoZ/mtqD6hVCAl3R8MlPsoeI6oZA7XvCIX","preKeyId":216624}}},"version":"v1"}