{"_sessions":{"Bba2kY8bHUbUv2exd3OLR9TwSf4Cx8ZSEdB1ZVi8vnxz":{"registrationId":212,"currentRatchet":{"ephemeralKeyPair":{"pubKey":"Begv53KCpXUhCCFovmzjha6q6oAxbYy+W3fnzpOmL4FT","privKey":"8IcJkK9Q4Z+5dtUTjahkDLh7n/yxQ/gQ5u5Hx5FT3XY="},"lastRemoteEphemeralKey":"Bflg8AAh0PXcV6lE3oegYhTFr88RD6sN2IHctjaEqAMN","previousCounter":3,"rootKey":"noN+ZGZdZHvOOd7dJN3zbIHXvIMl7csrJbd2FAYf+mw="},"indexInfo":{"baseKey":"Bba2kY8bHUbUv2exd3OLR9TwSf4Cx8ZSEdB1ZVi8vnxz","baseKeyType":1,"closed":-1,"used":1732508187775,"created":1732505401448,"remoteIdentityKey":"Be8M4pwHNk9Y23tLH2iw1xFAMzQU5wleHWz6PpSZfyQ/"},"_chains":{"Bflg8AAh0PXcV6lE3oegYhTFr88RD6sN2IHctjaEqAMN":{"chainKey":{"counter":1,"key":"Sv3fk69aZIlspoc99u2lYhkyg8vZWXDCvS++DTw3v+A="},"chainType":2,"messageKeys":{}},"Begv53KCpXUhCCFovmzjha6q6oAxbYy+W3fnzpOmL4FT":{"chainKey":{"counter":0,"key":"ne7oY9PWGwLSxjmVdG9iYZL7rmXpfotpOgqRnEnBpKM="},"chainType":1,"messageKeys":{}}}}},"version":"v1"}