{"_sessions":{"BWtZYdv7zx1jVdLmTnuOm3ts31sACTsHRhcVZnuvYcBA":{"registrationId":695574774,"currentRatchet":{"ephemeralKeyPair":{"pubKey":"BW8RqhQFcjFVxABaDPYekzU6stE+apFBMw3xuFYNbxV4","privKey":"EEHtf7ZMjDaM8HhERKpbE4AAKs2EfocaNylVZNF/XEU="},"lastRemoteEphemeralKey":"BVpm/d3ugmLXEef1Gjq70qznNZayv7kCvcNoh4WcDXgy","previousCounter":0,"rootKey":"xZ86KjMoylCyF+hXSdS3PLanwJXXmsEMaTRNcmBE59U="},"indexInfo":{"baseKey":"BWtZYdv7zx1jVdLmTnuOm3ts31sACTsHRhcVZnuvYcBA","baseKeyType":1,"closed":1732505407301,"used":1732505404016,"created":1732505404016,"remoteIdentityKey":"BYJIH72GEYxXKviroo1yzTBvoYH7cdHTdxi8bZo+p25Q"},"_chains":{"BW8RqhQFcjFVxABaDPYekzU6stE+apFBMw3xuFYNbxV4":{"chainKey":{"counter":0,"key":"f8tVPLerzPKvJIfm+K6Vjp37D10wyUggadUWzMC253I="},"chainType":1,"messageKeys":{}}},"pendingPreKey":{"signedKeyId":9,"baseKey":"BWtZYdv7zx1jVdLmTnuOm3ts31sACTsHRhcVZnuvYcBA","preKeyId":2436899}},"BcjwKHXRPg+B3zM9W38AjpHVYWMQFNLEqg7VWivmzS1e":{"registrationId":695574774,"currentRatchet":{"ephemeralKeyPair":{"pubKey":"BYj5I/j0lA8giSGbtePirmLeA2DggAFagRhyzsSI+81t","privKey":"YDRPnGtT5jZkHlOfTzA2lrWpqbwtCObfZQd0iIMtCnY="},"lastRemoteEphemeralKey":"BVpm/d3ugmLXEef1Gjq70qznNZayv7kCvcNoh4WcDXgy","previousCounter":0,"rootKey":"WmMOZMU8ImKhlN0THJ1+d3I6cMhuF9+AgHsFHYjCeMY="},"indexInfo":{"baseKey":"BcjwKHXRPg+B3zM9W38AjpHVYWMQFNLEqg7VWivmzS1e","baseKeyType":1,"closed":-1,"used":1732505406004,"created":1732505406004,"remoteIdentityKey":"BYJIH72GEYxXKviroo1yzTBvoYH7cdHTdxi8bZo+p25Q"},"_chains":{"BYj5I/j0lA8giSGbtePirmLeA2DggAFagRhyzsSI+81t":{"chainKey":{"counter":6,"key":"2Av+b/Hl8E3M4q9Tooy7nhS2tJciooCsDddKT4x7klE="},"chainType":1,"messageKeys":{}}},"pendingPreKey":{"signedKeyId":9,"baseKey":"BcjwKHXRPg+B3zM9W38AjpHVYWMQFNLEqg7VWivmzS1e","preKeyId":2437131}}},"version":"v1"}