{"_sessions":{"BTX2tidYKFTOk6Rtdi3mddiDbOOTMpYgXsrFORKX6cZ6":{"registrationId":2371,"currentRatchet":{"ephemeralKeyPair":{"pubKey":"BXCZdJqoFhbTMDjippfjFDi13GTc2H0JwDnUj3PDCMJy","privKey":"0D/5+acP2MMxgFQOjuF0+JMP2/6cPrSAVVdnzmM2EVc="},"lastRemoteEphemeralKey":"BRBswDq24Q4gg7gkufnMf5U3O8Z/N2OYCjUSnU/wsXpG","previousCounter":0,"rootKey":"83KE5aQDBPzAyXn+VuaOultnONjcOO2jpmbv9KCfhFs="},"indexInfo":{"baseKey":"BTX2tidYKFTOk6Rtdi3mddiDbOOTMpYgXsrFORKX6cZ6","baseKeyType":1,"closed":1732505406024,"used":1732505403737,"created":1732505403737,"remoteIdentityKey":"BQPFUXL0OvPczY4tKkQclHKbb+sH6piPWZGi1LSmMIFt"},"_chains":{"BXCZdJqoFhbTMDjippfjFDi13GTc2H0JwDnUj3PDCMJy":{"chainKey":{"counter":0,"key":"pECNWLvaaNNhNav6gFsCBIgkanOIBX2KTby64PhAEN8="},"chainType":1,"messageKeys":{}}},"pendingPreKey":{"signedKeyId":6,"baseKey":"BTX2tidYKFTOk6Rtdi3mddiDbOOTMpYgXsrFORKX6cZ6","preKeyId":3878}},"BUSw4P4m3mBmOHnSNP+EDcP7qKrd9ynie6VmPHKJ5E1M":{"registrationId":2371,"currentRatchet":{"ephemeralKeyPair":{"pubKey":"Bd54ZEVLwsfpYKhaGijURKSTi8sgCV18BJHdZQeLjJB9","privKey":"AMEjbPmjAEx7zr5sPtFmYXdFseAzfg8MW7qsjVpbcEY="},"lastRemoteEphemeralKey":"BRBswDq24Q4gg7gkufnMf5U3O8Z/N2OYCjUSnU/wsXpG","previousCounter":0,"rootKey":"kSSlZ+USjYe+9nqlgvikql3FVL4ylyhC2LsZMp11wjE="},"indexInfo":{"baseKey":"BUSw4P4m3mBmOHnSNP+EDcP7qKrd9ynie6VmPHKJ5E1M","baseKeyType":1,"closed":-1,"used":1732505405732,"created":1732505405732,"remoteIdentityKey":"BQPFUXL0OvPczY4tKkQclHKbb+sH6piPWZGi1LSmMIFt"},"_chains":{"Bd54ZEVLwsfpYKhaGijURKSTi8sgCV18BJHdZQeLjJB9":{"chainKey":{"counter":6,"key":"EDIXHq0H312spv9G8gtgXlx0pvAVV2WxSceVukSis4g="},"chainType":1,"messageKeys":{}}},"pendingPreKey":{"signedKeyId":6,"baseKey":"BUSw4P4m3mBmOHnSNP+EDcP7qKrd9ynie6VmPHKJ5E1M","preKeyId":3915}}},"version":"v1"}