{"_sessions":{"BSCIzIrxkwiRpaUYP66KFj8a+D+LhjKMhl9InyA+JeZe":{"registrationId":1204246309,"currentRatchet":{"ephemeralKeyPair":{"pubKey":"BeYMLR8QKwLhYkCg0+m5X8JobP+aiJMjdCV6gsIWSC58","privKey":"ULm7O6KIaLs6wTLBpbcZWTVznzgxw3hCZlnM3WuIGmM="},"lastRemoteEphemeralKey":"BdJ+6A2XoBo7YxAj3fjnnTTPymSsbQj1GJudX5EJ0BRB","previousCounter":0,"rootKey":"k3x/4OUbiGda6amwFSG7orlznVFIE3ojgxzVsgUFjbc="},"indexInfo":{"baseKey":"BSCIzIrxkwiRpaUYP66KFj8a+D+LhjKMhl9InyA+JeZe","baseKeyType":1,"closed":1732505407250,"used":1732505404008,"created":1732505404008,"remoteIdentityKey":"BUuULj63aKd0RrvrIYMChbw2jCDKJnItt4s00Z9veYVx"},"_chains":{"BeYMLR8QKwLhYkCg0+m5X8JobP+aiJMjdCV6gsIWSC58":{"chainKey":{"counter":0,"key":"PDYevwSgXTzs5Ck2ZX3AZpR2NodvQgusaGrINnOw0sA="},"chainType":1,"messageKeys":{}}},"pendingPreKey":{"signedKeyId":3,"baseKey":"BSCIzIrxkwiRpaUYP66KFj8a+D+LhjKMhl9InyA+JeZe","preKeyId":12574066}},"BRtAfTYTjGt7DjPtSsk2r3xw6xngWjmj+0CqgWsHw+x6":{"registrationId":1204246309,"currentRatchet":{"ephemeralKeyPair":{"pubKey":"Bbu/PQuq49OMBOpB+7fqqd1KC3ZLEBPPSP776BaG1oY/","privKey":"4B4OkoE2MlBXQGW53nHBFadCdPwsACE0qZ0ulmTUwlU="},"lastRemoteEphemeralKey":"BdJ+6A2XoBo7YxAj3fjnnTTPymSsbQj1GJudX5EJ0BRB","previousCounter":0,"rootKey":"ozL2s5DKHQ72OLxjVVVfRo+tltGY1t/PMvO7uDZKqwc="},"indexInfo":{"baseKey":"BRtAfTYTjGt7DjPtSsk2r3xw6xngWjmj+0CqgWsHw+x6","baseKeyType":1,"closed":-1,"used":1732505405996,"created":1732505405996,"remoteIdentityKey":"BUuULj63aKd0RrvrIYMChbw2jCDKJnItt4s00Z9veYVx"},"_chains":{"Bbu/PQuq49OMBOpB+7fqqd1KC3ZLEBPPSP776BaG1oY/":{"chainKey":{"counter":6,"key":"/2PDQNu5OKPvoywReheKB44w7GtZonsEHz2ec0DKIS4="},"chainType":1,"messageKeys":{}}},"pendingPreKey":{"signedKeyId":3,"baseKey":"BRtAfTYTjGt7DjPtSsk2r3xw6xngWjmj+0CqgWsHw+x6","preKeyId":12574496}}},"version":"v1"}