{"_sessions":{"BaAogEWOFWLcpAOms7mnqWKL2WgFUc7TIewLMdSE6nU1":{"registrationId":936878841,"currentRatchet":{"ephemeralKeyPair":{"pubKey":"BWzflzXQ0cne2L9GV5zeGuOBd0dy4drRKg6qruiEWmFN","privKey":"SB0X660RS6KD9g2MfDOyFi5AqARpFNyFALSipagR82o="},"lastRemoteEphemeralKey":"BdhIqAjYWKVdTbkbKZwSqhgZpTT9/4Mrs7lHE+0wiiw7","previousCounter":0,"rootKey":"J6w6+5wK4CbDOoE7aQEvIfQyVhSJf11T1NqTDmtpE/Y="},"indexInfo":{"baseKey":"BaAogEWOFWLcpAOms7mnqWKL2WgFUc7TIewLMdSE6nU1","baseKeyType":1,"closed":1732505406050,"used":1732505403813,"created":1732505403813,"remoteIdentityKey":"BbX3O65Ue1wFEkShWsugDA5H5t9L6pO/SgabRh+Xc4tj"},"_chains":{"BWzflzXQ0cne2L9GV5zeGuOBd0dy4drRKg6qruiEWmFN":{"chainKey":{"counter":0,"key":"5vJnHQ7aWOUt6dAcdoWlT4mqcmAScyxnMwsVpqFkuoE="},"chainType":1,"messageKeys":{}}},"pendingPreKey":{"signedKeyId":2,"baseKey":"BaAogEWOFWLcpAOms7mnqWKL2WgFUc7TIewLMdSE6nU1","preKeyId":281621}},"BVvt5I2UWbI9YEu+qooIo/mcaTTZOOa9Y2sddd35GL5y":{"registrationId":936878841,"currentRatchet":{"ephemeralKeyPair":{"pubKey":"BQOC4Xs4f89G4Upm0af9CNFFLKrrk3WOmKUUvfOYUE81","privKey":"kDjqAPDPXJKTh8z2E4J9KJcjZ2EgWcI7RoXowSdumW0="},"lastRemoteEphemeralKey":"BdhIqAjYWKVdTbkbKZwSqhgZpTT9/4Mrs7lHE+0wiiw7","previousCounter":0,"rootKey":"KcMd3z6cLYqQ/7wY/VvWxs1SGWGtoaY1XlGN0sI15Bs="},"indexInfo":{"baseKey":"BVvt5I2UWbI9YEu+qooIo/mcaTTZOOa9Y2sddd35GL5y","baseKeyType":1,"closed":-1,"used":1732505405798,"created":1732505405798,"remoteIdentityKey":"BbX3O65Ue1wFEkShWsugDA5H5t9L6pO/SgabRh+Xc4tj"},"_chains":{"BQOC4Xs4f89G4Upm0af9CNFFLKrrk3WOmKUUvfOYUE81":{"chainKey":{"counter":6,"key":"GyuWCUoqqK/YUB5lfLZAH1yLGDiJugaKgeC2/+xy5gA="},"chainType":1,"messageKeys":{}}},"pendingPreKey":{"signedKeyId":2,"baseKey":"BVvt5I2UWbI9YEu+qooIo/mcaTTZOOa9Y2sddd35GL5y","preKeyId":282161}}},"version":"v1"}