{"_sessions":{"BQKa/eIQ9hgMvbtNf+8xbb95vnM0w38HtObT2fcQcd08":{"registrationId":7652,"currentRatchet":{"ephemeralKeyPair":{"pubKey":"BVAkEyzMcxvXPs48J5f7RnLJOFdQ4x+xgk0ZOtNkXylT","privKey":"aMKf3Hx75JtMb/Q3pIOIO5T4BEtR5nybm6lkbZQJlXk="},"lastRemoteEphemeralKey":"BapBRSczD9xG/k6xHVqBu4AgI9NmaY5F+mDcmHUfGhtX","previousCounter":0,"rootKey":"IyCY7u5eheLPU4wM+1gtsqviTIMQDsj+btGEr6ediKk="},"indexInfo":{"baseKey":"BQKa/eIQ9hgMvbtNf+8xbb95vnM0w38HtObT2fcQcd08","baseKeyType":1,"closed":1732505406023,"used":1732505403715,"created":1732505403715,"remoteIdentityKey":"BZsmjvHgGsi1oDxOGeGZ2tcxa3Y6NVQrKVUbH+Ybfm81"},"_chains":{"BVAkEyzMcxvXPs48J5f7RnLJOFdQ4x+xgk0ZOtNkXylT":{"chainKey":{"counter":0,"key":"CbnpbalNmuiLzpGxBkWlZyXf0bWGWmlR4LEPKrJxTZ8="},"chainType":1,"messageKeys":{}}},"pendingPreKey":{"signedKeyId":6,"baseKey":"BQKa/eIQ9hgMvbtNf+8xbb95vnM0w38HtObT2fcQcd08","preKeyId":13657}},"BfZcQrpCXRw5wtxSJLi5A79w0ZS+Of0aa2AVFXa0hfM/":{"registrationId":7652,"currentRatchet":{"ephemeralKeyPair":{"pubKey":"BU41KWIb6ikIg2ru/b54BO/LFqIp52dwzzDh9Z4dZy85","privKey":"APuizOqxi1yOxYNkOvywrXuZqi/VsVUhWcJfStsbO18="},"lastRemoteEphemeralKey":"BapBRSczD9xG/k6xHVqBu4AgI9NmaY5F+mDcmHUfGhtX","previousCounter":0,"rootKey":"zdlXmdjc8iCnIFEGX4OmcZDojTlcjn5/My7ahwPXr1Q="},"indexInfo":{"baseKey":"BfZcQrpCXRw5wtxSJLi5A79w0ZS+Of0aa2AVFXa0hfM/","baseKeyType":1,"closed":-1,"used":1732505405720,"created":1732505405720,"remoteIdentityKey":"BZsmjvHgGsi1oDxOGeGZ2tcxa3Y6NVQrKVUbH+Ybfm81"},"_chains":{"BU41KWIb6ikIg2ru/b54BO/LFqIp52dwzzDh9Z4dZy85":{"chainKey":{"counter":6,"key":"lyHfE/8/1q1y4Pr+9X69XQHijqGdB1DhpAMvkze9Dv4="},"chainType":1,"messageKeys":{}}},"pendingPreKey":{"signedKeyId":6,"baseKey":"BfZcQrpCXRw5wtxSJLi5A79w0ZS+Of0aa2AVFXa0hfM/","preKeyId":13695}}},"version":"v1"}