{"_sessions":{"BcYDo27wk38Iu/EH5D7xLlYhixwXU9C2Vi2kP2lKrF9G":{"registrationId":246,"currentRatchet":{"ephemeralKeyPair":{"pubKey":"BRMwU5IO6YK6DNKOHQWCHs+TLJatiI1he9VaxBjCDgt0","privKey":"uENIoWBc7cKKyHKTumWTv+19vIdXoutv46XJyoVtTk8="},"lastRemoteEphemeralKey":"BWjofPKC7TQNKkB7XHD5MFOgY6hAcF1B9pnawF+pyz4C","previousCounter":0,"rootKey":"K5kfSY4nFsdxA0hB7SZkTqiX9V2roTdLC7Spa76EKNU="},"indexInfo":{"baseKey":"BcYDo27wk38Iu/EH5D7xLlYhixwXU9C2Vi2kP2lKrF9G","baseKeyType":1,"closed":1732505406020,"used":1732505403645,"created":1732505403645,"remoteIdentityKey":"BTpHQYtQaLNgZHcH2dXntSXmOVEo+DBHaKSgZGQWA003"},"_chains":{"BRMwU5IO6YK6DNKOHQWCHs+TLJatiI1he9VaxBjCDgt0":{"chainKey":{"counter":0,"key":"+w/zDLrUrLUUjDxs0AzkjPezoWbEuHnO3ML10z6h5ck="},"chainType":1,"messageKeys":{}}},"pendingPreKey":{"signedKeyId":1,"baseKey":"BcYDo27wk38Iu/EH5D7xLlYhixwXU9C2Vi2kP2lKrF9G"}},"BThqDBYXocdb9hmSu8a5hSskAuFEzv0Nx/Y4JchLle4C":{"registrationId":246,"currentRatchet":{"ephemeralKeyPair":{"pubKey":"BeNQDP3nJC82D6SnOHOdSBCOKfROz6wjAIZgiyr0T1oA","privKey":"sH7cFfJ0oR0wn6ESGJfbK6HY5qPpMhNEKhDLAvD0gn4="},"lastRemoteEphemeralKey":"BWjofPKC7TQNKkB7XHD5MFOgY6hAcF1B9pnawF+pyz4C","previousCounter":0,"rootKey":"PFIVXS3BW1Y6ya+o+sx9JAsc0F2iQrddoB+hro/51aw="},"indexInfo":{"baseKey":"BThqDBYXocdb9hmSu8a5hSskAuFEzv0Nx/Y4JchLle4C","baseKeyType":1,"closed":-1,"used":1732505405651,"created":1732505405651,"remoteIdentityKey":"BTpHQYtQaLNgZHcH2dXntSXmOVEo+DBHaKSgZGQWA003"},"_chains":{"BeNQDP3nJC82D6SnOHOdSBCOKfROz6wjAIZgiyr0T1oA":{"chainKey":{"counter":6,"key":"Nq7A/THUphxRWusXOsBVldoj8KaKSZb0HoxCvBygC3o="},"chainType":1,"messageKeys":{}}},"pendingPreKey":{"signedKeyId":1,"baseKey":"BThqDBYXocdb9hmSu8a5hSskAuFEzv0Nx/Y4JchLle4C"}}},"version":"v1"}