{"_sessions":{"BamTLcXpKfB7RX/MkgxyJOAsSKsAyNw7y04ASfrDoUVP":{"registrationId":327576792,"currentRatchet":{"ephemeralKeyPair":{"pubKey":"BY++koMgoaCKLUSry81MHUELy80Wu6olOXQPBCiweyJH","privKey":"mEc1k7hOoBypGh6hi3hjxi45jclTM5zc90JwitYzylY="},"lastRemoteEphemeralKey":"BWqiuWHS2+tVKACoK3hCDF6EsPXuN/N1Y2VQPdeyPvwZ","previousCounter":0,"rootKey":"0Be24LtYUecJgxniulrRhZY+vJXRaRnA10PtNEnhmDA="},"indexInfo":{"baseKey":"BamTLcXpKfB7RX/MkgxyJOAsSKsAyNw7y04ASfrDoUVP","baseKeyType":1,"closed":-1,"used":1732505401466,"created":1732505401466,"remoteIdentityKey":"BW1QxFghbk0NL/28y/Q6ZOZeUMwxpPzVFg8xFxvoNRUi"},"_chains":{"BY++koMgoaCKLUSry81MHUELy80Wu6olOXQPBCiweyJH":{"chainKey":{"counter":4,"key":"ag63VecYeiSnO5+QW3nIINzMh/jrj2ParNw0NjCNI/0="},"chainType":1,"messageKeys":{}}},"pendingPreKey":{"signedKeyId":0,"baseKey":"BamTLcXpKfB7RX/MkgxyJOAsSKsAyNw7y04ASfrDoUVP","preKeyId":3850012}}},"version":"v1"}