{"_sessions":{"BYWeUNwXNMhfJ7sbSICpON8KgLgRG2SRCK6BGSVo8oR/":{"registrationId":486238808,"currentRatchet":{"ephemeralKeyPair":{"pubKey":"BVpY1xexScPIvE9PRF+/LqdC7mUAWaLxESWExJlL61oK","privKey":"EJ9/ODws5lmZZsyc74raYy/swvfW18wIDX9UjyxbqEg="},"lastRemoteEphemeralKey":"BbIT1i2optRlrIvSxIbml1Rjv5yfa7kKtxt+ODOpQ+lx","previousCounter":0,"rootKey":"BYoBF1kLpgtvvUISVaRdtAOUTb6Laq4Sz11vIQ0IRBA="},"indexInfo":{"baseKey":"BYWeUNwXNMhfJ7sbSICpON8KgLgRG2SRCK6BGSVo8oR/","baseKeyType":1,"closed":-1,"used":1732505401525,"created":1732505401525,"remoteIdentityKey":"BdkFUONTHxXJ3UoLVyfNRU8ajxqNS2hnGA4pCDoAQ89E"},"_chains":{"BVpY1xexScPIvE9PRF+/LqdC7mUAWaLxESWExJlL61oK":{"chainKey":{"counter":4,"key":"baUhnQlvD8IJ9XkFcd8uFtg2JwQ6MMsw39Sg1oDVB3U="},"chainType":1,"messageKeys":{}}},"pendingPreKey":{"signedKeyId":8,"baseKey":"BYWeUNwXNMhfJ7sbSICpON8KgLgRG2SRCK6BGSVo8oR/","preKeyId":5978289}}},"version":"v1"}