{"_sessions":{"BUsFnYcUWZNOhuqsQnvmJTVh8M02dVmyBni9Uuf8bvkj":{"registrationId":809034797,"currentRatchet":{"ephemeralKeyPair":{"pubKey":"BUebvn4dYQ+cH6atJe7ZjPJq4kz0GxyoiH9dxZswz7hA","privKey":"SJsKs9tAYMvMvS6k4QZ7TYINESPX8if8GoTZdI4wEng="},"lastRemoteEphemeralKey":"BWoC9pn7Tu/IdFIvc+7XFVXfwWV2eq9scpk4epEx+PhH","previousCounter":0,"rootKey":"Uo5Vv7OK14MpTorjeSsS2KUnsM7Du0ua9bDduO4xfrU="},"indexInfo":{"baseKey":"BUsFnYcUWZNOhuqsQnvmJTVh8M02dVmyBni9Uuf8bvkj","baseKeyType":1,"closed":1732505406651,"used":1732505403909,"created":1732505403909,"remoteIdentityKey":"Bf94My02PA88yvZy1MGEfgv8xlumh1GSEGBNt5/4LAhu"},"_chains":{"BUebvn4dYQ+cH6atJe7ZjPJq4kz0GxyoiH9dxZswz7hA":{"chainKey":{"counter":0,"key":"vvVVkUF8T7TlYbm3Myx5/B8DGafi2JdgSbM0vrGO+qQ="},"chainType":1,"messageKeys":{}}},"pendingPreKey":{"signedKeyId":6,"baseKey":"BUsFnYcUWZNOhuqsQnvmJTVh8M02dVmyBni9Uuf8bvkj","preKeyId":8917177}},"Bch6Mw1sXgO5c5jJJtL+e28mq4rHBtaca3nUySR8aUwk":{"registrationId":809034797,"currentRatchet":{"ephemeralKeyPair":{"pubKey":"BSg8ITW2ChCqnyH6iU3tV02vdOHrxTklMsHJJjzX1MwQ","privKey":"EAER+EzHijO9PyhnYR6Qo/vgEzsJbIuBPpZCNoxGWmc="},"lastRemoteEphemeralKey":"BWoC9pn7Tu/IdFIvc+7XFVXfwWV2eq9scpk4epEx+PhH","previousCounter":0,"rootKey":"QSSr9ZCN5qDyQSUT+iwB27BbXl9bTAdiEq4Et1AIiCU="},"indexInfo":{"baseKey":"Bch6Mw1sXgO5c5jJJtL+e28mq4rHBtaca3nUySR8aUwk","baseKeyType":1,"closed":-1,"used":1732505405898,"created":1732505405898,"remoteIdentityKey":"Bf94My02PA88yvZy1MGEfgv8xlumh1GSEGBNt5/4LAhu"},"_chains":{"BSg8ITW2ChCqnyH6iU3tV02vdOHrxTklMsHJJjzX1MwQ":{"chainKey":{"counter":6,"key":"1+0yl2LrEgml6ctEU0GJpWBoLPuzcH8Tv7zG7kTxLwo="},"chainType":1,"messageKeys":{}}},"pendingPreKey":{"signedKeyId":6,"baseKey":"Bch6Mw1sXgO5c5jJJtL+e28mq4rHBtaca3nUySR8aUwk","preKeyId":8917515}}},"version":"v1"}