{"_sessions":{"Bd1wrwMXF/zHLPeL8KIdpubc1r5naYwJpFh9dzShtQ5t":{"registrationId":1092199951,"currentRatchet":{"ephemeralKeyPair":{"pubKey":"BSz1AN4HeOUD4vc0yVnsQHjfl3M1W/7ixBOX90t0FBFr","privKey":"CJJRGFFhF43jEyIu/d19h+/o2PGbwMzTPtlJniQPhF4="},"lastRemoteEphemeralKey":"BRQFsj0/1DzGRx9a5ngLjSXQ97u0YV2S2PN1hIwTDCdF","previousCounter":0,"rootKey":"vvC0QKitYtPB+K/weQbz/VfQVhuW1Jt44q3IEdosufo="},"indexInfo":{"baseKey":"Bd1wrwMXF/zHLPeL8KIdpubc1r5naYwJpFh9dzShtQ5t","baseKeyType":1,"closed":-1,"used":1732505401479,"created":1732505401479,"remoteIdentityKey":"BT8HUET5d8/oi0QKZ/fMJw3vGg607rTzjcfK3iUyShk6"},"_chains":{"BSz1AN4HeOUD4vc0yVnsQHjfl3M1W/7ixBOX90t0FBFr":{"chainKey":{"counter":4,"key":"QDgBTtlBzmPVESHFrJzx5cMVUpfHW7roZpwAZE5RKJA="},"chainType":1,"messageKeys":{}}},"pendingPreKey":{"signedKeyId":3,"baseKey":"Bd1wrwMXF/zHLPeL8KIdpubc1r5naYwJpFh9dzShtQ5t","preKeyId":15865246}}},"version":"v1"}