{"_sessions":{"BbdZbHoT2rxhRu94Pz22XFaJo7S6joBewTGO/lXle8cL":{"registrationId":416206041,"currentRatchet":{"ephemeralKeyPair":{"pubKey":"BZrrniC6CInGMW5FUdu9Mu94oH+yQeetgRZ41Pw+f3l1","privKey":"mF5sfL2RBhej7YFmp75mCzNbkugIyLG0my4f9gH/UUc="},"lastRemoteEphemeralKey":"Bf8B00UGr27pWJkHFqH8TMK8iXlKJj8qQN6ndYSpAud4","previousCounter":0,"rootKey":"Q/0VmtV7CYk6NXAGIvKqfXL7enhygZnA0dh74IVSsJs="},"indexInfo":{"baseKey":"BbdZbHoT2rxhRu94Pz22XFaJo7S6joBewTGO/lXle8cL","baseKeyType":1,"closed":1732505406700,"used":1732505403914,"created":1732505403914,"remoteIdentityKey":"BaaQHbMj9Xz7uMRrhlb55QtOt3DFxD7LViwnIhqnv/oV"},"_chains":{"BZrrniC6CInGMW5FUdu9Mu94oH+yQeetgRZ41Pw+f3l1":{"chainKey":{"counter":0,"key":"1lCkoJ7nqWTe4IEUgL/IBMBVQMl5kDHksXimEEMWmSE="},"chainType":1,"messageKeys":{}}},"pendingPreKey":{"signedKeyId":5,"baseKey":"BbdZbHoT2rxhRu94Pz22XFaJo7S6joBewTGO/lXle8cL","preKeyId":15480826}},"BSGbMNGnC9DdMMzf+hps3+Gkl93kTdO6KcYhBBs8TAoj":{"registrationId":416206041,"currentRatchet":{"ephemeralKeyPair":{"pubKey":"BdjdoKc/aG293L9wKZjUFfLRAT3ghUF3jGHcw9ClX+0p","privKey":"+LNtOyfmbLuGQqwxzL5NiyqARzoPBHnIJCg0WhcLU1Y="},"lastRemoteEphemeralKey":"Bf8B00UGr27pWJkHFqH8TMK8iXlKJj8qQN6ndYSpAud4","previousCounter":0,"rootKey":"kyZ6pLilk0dorci7oSSEx5i8oc+710JuFC5neq6fvcE="},"indexInfo":{"baseKey":"BSGbMNGnC9DdMMzf+hps3+Gkl93kTdO6KcYhBBs8TAoj","baseKeyType":1,"closed":-1,"used":1732505405904,"created":1732505405904,"remoteIdentityKey":"BaaQHbMj9Xz7uMRrhlb55QtOt3DFxD7LViwnIhqnv/oV"},"_chains":{"BdjdoKc/aG293L9wKZjUFfLRAT3ghUF3jGHcw9ClX+0p":{"chainKey":{"counter":6,"key":"64ai31VKDLHAMJc4p2mZXtyPxSkxBqeSMgyt9IrHMAY="},"chainType":1,"messageKeys":{}}},"pendingPreKey":{"signedKeyId":5,"baseKey":"BSGbMNGnC9DdMMzf+hps3+Gkl93kTdO6KcYhBBs8TAoj","preKeyId":15481020}}},"version":"v1"}