{"_sessions":{"Bd8srnzCIRC+t/ULUp911k0Ej3aq0NAgrOAA8QeG0a8X":{"registrationId":98698686,"currentRatchet":{"ephemeralKeyPair":{"pubKey":"BUuoGHk2Ww+Ncch2qlWWDmxkfWVqqvu2xQuRxfV7rVJO","privKey":"GDmgHjwwOvfOuorLsUKsM7dSTqCVGT3gTq/p4cT5sGw="},"lastRemoteEphemeralKey":"BfQfGu27OI3VMkGkGMULt3fzkMcfdfayIv7KoutlpyY7","previousCounter":0,"rootKey":"ywu4qu5bynEodOQm+Lf3SFWdjN9jzs2pTFfhJZ5PDwo="},"indexInfo":{"baseKey":"Bd8srnzCIRC+t/ULUp911k0Ej3aq0NAgrOAA8QeG0a8X","baseKeyType":1,"closed":1732505406450,"used":1732505403874,"created":1732505403874,"remoteIdentityKey":"BYSfiS9Tf+4sGCo2uyGbGuEHb7MLKqLsXeJ/ueRV2dwc"},"_chains":{"BUuoGHk2Ww+Ncch2qlWWDmxkfWVqqvu2xQuRxfV7rVJO":{"chainKey":{"counter":0,"key":"u0qKBbK5lB31eDmHjotLLy1z1E75hHAE3/JLeR2J7bc="},"chainType":1,"messageKeys":{}}},"pendingPreKey":{"signedKeyId":35,"baseKey":"Bd8srnzCIRC+t/ULUp911k0Ej3aq0NAgrOAA8QeG0a8X","preKeyId":4807345}},"BRB+HqsSjq6NZ710rw3Jgp/Ay2qdofEOoXp6xewXBwdZ":{"registrationId":98698686,"currentRatchet":{"ephemeralKeyPair":{"pubKey":"BfwwJ2lXSKh8vcfX7uQWRmRiH1Q322yxScp6xRjXrDlX","privKey":"AKB3ToRRrjqFQE7G5x+I8LF27ntZcrBlK+ng4JEPan4="},"lastRemoteEphemeralKey":"BfQfGu27OI3VMkGkGMULt3fzkMcfdfayIv7KoutlpyY7","previousCounter":0,"rootKey":"AND6FmuR80OIQACRu/yKslv8VDs8IU74H5VfUxkgLzk="},"indexInfo":{"baseKey":"BRB+HqsSjq6NZ710rw3Jgp/Ay2qdofEOoXp6xewXBwdZ","baseKeyType":1,"closed":-1,"used":1732505405861,"created":1732505405861,"remoteIdentityKey":"BYSfiS9Tf+4sGCo2uyGbGuEHb7MLKqLsXeJ/ueRV2dwc"},"_chains":{"BfwwJ2lXSKh8vcfX7uQWRmRiH1Q322yxScp6xRjXrDlX":{"chainKey":{"counter":6,"key":"aSC6+VuuImBPQnxJ1P+n51kS2qYJef9VaV+CEXiAAug="},"chainType":1,"messageKeys":{}}},"pendingPreKey":{"signedKeyId":35,"baseKey":"BRB+HqsSjq6NZ710rw3Jgp/Ay2qdofEOoXp6xewXBwdZ","preKeyId":4806793}}},"version":"v1"}