{"_sessions":{"BbHFK8mnezBxRznYmuYhAG+PlavdnBsHjff1+5JhLiRw":{"registrationId":1918837133,"currentRatchet":{"ephemeralKeyPair":{"pubKey":"BXRu71pnvCzBIc7B/IxEEmzz5W4AKyKASCdFRVIY+RQC","privKey":"EMQfQ+dMgylH6VCBGLRj5SeYUpU/6GOVG5veglNdRlE="},"lastRemoteEphemeralKey":"BRltcZHIPibtePsUiTdnWzIM17kc0CTUDqzXH/LWuppz","previousCounter":0,"rootKey":"k3jFAPWfbchmT3qT2hVwlh6TPXEToXfVntpeoS858zo="},"indexInfo":{"baseKey":"BbHFK8mnezBxRznYmuYhAG+PlavdnBsHjff1+5JhLiRw","baseKeyType":1,"closed":-1,"used":1732505401519,"created":1732505401519,"remoteIdentityKey":"Bcr12TWx2Hr6WADLua1jCjXDkskI/Zn966qf9o8PAn9V"},"_chains":{"BXRu71pnvCzBIc7B/IxEEmzz5W4AKyKASCdFRVIY+RQC":{"chainKey":{"counter":4,"key":"e4gv+cvJ5bX7LTE6rztzMS8WLEx0AJyqhwT4JaSzf5Q="},"chainType":1,"messageKeys":{}}},"pendingPreKey":{"signedKeyId":10,"baseKey":"BbHFK8mnezBxRznYmuYhAG+PlavdnBsHjff1+5JhLiRw","preKeyId":2490370}}},"version":"v1"}