{"_sessions":{"BTdt0T8YeEhrA4LYQ11hQSUFDEohxyNN0dv9H8hmnElh":{"registrationId":1074895705,"currentRatchet":{"ephemeralKeyPair":{"pubKey":"BTwDR6QEuHGV/1zVQZ/asVQvi0EK0VaiZdHXjeIvCdh+","privKey":"eEzeqJIVdR3wrijTIJtCvmpkzbuO/nuBq2Y1AK06CkU="},"lastRemoteEphemeralKey":"BUWMBxxjCQZnweuuKOqh1Z79BBMxEjSVlbsZ1epEGUVX","previousCounter":0,"rootKey":"+XzZ0z8LI8CJ1slinX2qQl6oE2IaNq9rhM4GrpzTb00="},"indexInfo":{"baseKey":"BTdt0T8YeEhrA4LYQ11hQSUFDEohxyNN0dv9H8hmnElh","baseKeyType":1,"closed":1732505406550,"used":1732505403894,"created":1732505403894,"remoteIdentityKey":"BZYkQL4WG0kfTa4Z0KLBy9sId7L8kAxn8Kuu0eW/x6Iu"},"_chains":{"BTwDR6QEuHGV/1zVQZ/asVQvi0EK0VaiZdHXjeIvCdh+":{"chainKey":{"counter":0,"key":"m7wGigcrKh3i4v/H98L2bvvm+yM/Ymx4AaJ1OtteQIg="},"chainType":1,"messageKeys":{}}},"pendingPreKey":{"signedKeyId":2,"baseKey":"BTdt0T8YeEhrA4LYQ11hQSUFDEohxyNN0dv9H8hmnElh","preKeyId":415788}},"BXWJUcQRPDaVVPAq/n2Tk2YRGNDkegZlDj4NCwk49pAS":{"registrationId":1074895705,"currentRatchet":{"ephemeralKeyPair":{"pubKey":"BaolIQmBMEQh3wSQJIuwpGVfj4aZoAzrSPfZBwb8THUj","privKey":"MCHyGy2G9l132zXx9zO37rWNyB7jPeX06DSyAabKmXo="},"lastRemoteEphemeralKey":"BUWMBxxjCQZnweuuKOqh1Z79BBMxEjSVlbsZ1epEGUVX","previousCounter":0,"rootKey":"FgerIaH8m2GWRrqALzcgVi3oc5YJDrC+73f4SG2sjzs="},"indexInfo":{"baseKey":"BXWJUcQRPDaVVPAq/n2Tk2YRGNDkegZlDj4NCwk49pAS","baseKeyType":1,"closed":-1,"used":1732505405881,"created":1732505405881,"remoteIdentityKey":"BZYkQL4WG0kfTa4Z0KLBy9sId7L8kAxn8Kuu0eW/x6Iu"},"_chains":{"BaolIQmBMEQh3wSQJIuwpGVfj4aZoAzrSPfZBwb8THUj":{"chainKey":{"counter":6,"key":"fR+s1jkb3VipLos48MDm1iU5nRTVyvX8kyPUlL66XMo="},"chainType":1,"messageKeys":{}}},"pendingPreKey":{"signedKeyId":2,"baseKey":"BXWJUcQRPDaVVPAq/n2Tk2YRGNDkegZlDj4NCwk49pAS","preKeyId":416455}}},"version":"v1"}