{"_sessions":{"BRnDMKAMjO9NprW46N0WysPenjJxnWRJi5qZjzqZ1EJo":{"registrationId":623904357,"currentRatchet":{"ephemeralKeyPair":{"pubKey":"BdMfI9PEm0j8b9oeaKNIb9In8iEo+iLVoC6NRQJfqUAN","privKey":"aMjP43N6JwTJ5vC3FokoI9moujSJ0u0wD8fQYjYcQlk="},"lastRemoteEphemeralKey":"BQmsEsDZ1XV1QD5BPHKLEJKFYEZkmyrdgehWElQ1hpNK","previousCounter":0,"rootKey":"DoOw+q6lrtoVWCi5t54LKUNq80gvC3bWuJjyJvDA4UE="},"indexInfo":{"baseKey":"BRnDMKAMjO9NprW46N0WysPenjJxnWRJi5qZjzqZ1EJo","baseKeyType":1,"closed":1732505406027,"used":1732505403796,"created":1732505403796,"remoteIdentityKey":"BXntSFH6lym3581tzIi8BIFsDYDJA7LjTJ3QO0uLostQ"},"_chains":{"BdMfI9PEm0j8b9oeaKNIb9In8iEo+iLVoC6NRQJfqUAN":{"chainKey":{"counter":0,"key":"//1nSv9Hgn0gxlvJ5Jj/GVK7etIBop0Z4kM3xoLfLls="},"chainType":1,"messageKeys":{}}},"pendingPreKey":{"signedKeyId":1,"baseKey":"BRnDMKAMjO9NprW46N0WysPenjJxnWRJi5qZjzqZ1EJo"}},"BdRe8D31HbVfIX9gTecJ7D19tjC+AtFOdD5HbJ6YtCx1":{"registrationId":623904357,"currentRatchet":{"ephemeralKeyPair":{"pubKey":"BR4hi9TBZHDrhNDe6xUW0X+c5MQf6AgKBUf/pjCQiVkg","privKey":"QMqczAb7MctfErgjzd/QkvFn/cJMro0WLeV4uoBowVY="},"lastRemoteEphemeralKey":"BQmsEsDZ1XV1QD5BPHKLEJKFYEZkmyrdgehWElQ1hpNK","previousCounter":0,"rootKey":"UuGrTgRRRrwtOBC4zsohPUsXKlp4ihX4Srf0WnUrklY="},"indexInfo":{"baseKey":"BdRe8D31HbVfIX9gTecJ7D19tjC+AtFOdD5HbJ6YtCx1","baseKeyType":1,"closed":-1,"used":1732505405772,"created":1732505405772,"remoteIdentityKey":"BXntSFH6lym3581tzIi8BIFsDYDJA7LjTJ3QO0uLostQ"},"_chains":{"BR4hi9TBZHDrhNDe6xUW0X+c5MQf6AgKBUf/pjCQiVkg":{"chainKey":{"counter":6,"key":"/lbBaKsgNODdvTyYypjnFr/DGv3mTKmSyx19rshOtoY="},"chainType":1,"messageKeys":{}}},"pendingPreKey":{"signedKeyId":1,"baseKey":"BdRe8D31HbVfIX9gTecJ7D19tjC+AtFOdD5HbJ6YtCx1"}}},"version":"v1"}