{"_sessions":{"Bfq9v8sy8P61/OAFXaOVVhV4oeH7sYi+Xk1Im3ZX+usG":{"registrationId":1074849997,"currentRatchet":{"ephemeralKeyPair":{"pubKey":"BSuBn7DgwVLqZkA3/R5W1NeP6R+6/l1O2+HC9Gey0DsQ","privKey":"iKgG+UJuih/ONIT97MVa2GXxMVC0IOnfSwHRFrxOiEE="},"lastRemoteEphemeralKey":"Be2fKuJkKsr8/7o9YyrhrGrKmkEf5EzQPUaw/t8OHp5O","previousCounter":0,"rootKey":"psVQH7VIbY07LLaAXedyQwDPCrjbvGek3WySRomrJSg="},"indexInfo":{"baseKey":"Bfq9v8sy8P61/OAFXaOVVhV4oeH7sYi+Xk1Im3ZX+usG","baseKeyType":1,"closed":1732505407150,"used":1732505403984,"created":1732505403984,"remoteIdentityKey":"Bd8DSfJ6Rn03+2qS7nXgZ8irD2hSSHFnU8uJuLg5xpsE"},"_chains":{"BSuBn7DgwVLqZkA3/R5W1NeP6R+6/l1O2+HC9Gey0DsQ":{"chainKey":{"counter":0,"key":"K09OC3pis9C9kRP7TEpLKABr66qBPxGiFhzSGiRmZ4M="},"chainType":1,"messageKeys":{}}},"pendingPreKey":{"signedKeyId":3,"baseKey":"Bfq9v8sy8P61/OAFXaOVVhV4oeH7sYi+Xk1Im3ZX+usG","preKeyId":2792551}},"BX9wEyhXIOvxAYdYkCaV/xHF5eIRiDF+1+dN0OgfSoI+":{"registrationId":1074849997,"currentRatchet":{"ephemeralKeyPair":{"pubKey":"BWpaShhHgzEF7nFp/txUGQJFJEX//fgPT/2KY9zq97wz","privKey":"mNhoN/WDv+pfsPYT+GDA/g8Rb5s00xvZObhvVZh7L3k="},"lastRemoteEphemeralKey":"Be2fKuJkKsr8/7o9YyrhrGrKmkEf5EzQPUaw/t8OHp5O","previousCounter":0,"rootKey":"Dxlm4AfOlqLDTmEQ+vWR0qVQI8wMi8o3o4bFu4v0Ls8="},"indexInfo":{"baseKey":"BX9wEyhXIOvxAYdYkCaV/xHF5eIRiDF+1+dN0OgfSoI+","baseKeyType":1,"closed":-1,"used":1732505405975,"created":1732505405975,"remoteIdentityKey":"Bd8DSfJ6Rn03+2qS7nXgZ8irD2hSSHFnU8uJuLg5xpsE"},"_chains":{"BWpaShhHgzEF7nFp/txUGQJFJEX//fgPT/2KY9zq97wz":{"chainKey":{"counter":6,"key":"2wfgnxn/DHYmrQFqg0Cy9YfTGEjYKKXaf046u9SEy38="},"chainType":1,"messageKeys":{}}},"pendingPreKey":{"signedKeyId":3,"baseKey":"BX9wEyhXIOvxAYdYkCaV/xHF5eIRiDF+1+dN0OgfSoI+","preKeyId":2792460}}},"version":"v1"}