{"_sessions":{"BQWIbJ3lDq5DzrRYKtV1VYA3eEro+5YNr3eQs5o0ZjAd":{"registrationId":460516114,"currentRatchet":{"ephemeralKeyPair":{"pubKey":"BTVwgFMV5cXUeblJG/4Bg/YgviYx/VrK5TI7UhGhT8Nz","privKey":"SHmyfbDkU3J7ccQDGnmtHZuVOxPHvWocgpW02/DVO1s="},"lastRemoteEphemeralKey":"BZYs62FPCRHByPVi55VXTVRvPs8Pe06u8KLjrj06IF8g","previousCounter":0,"rootKey":"XCEmqAdq0P7R7LmPWpruGUMTLdvlREMV9UpWaZe7AK4="},"indexInfo":{"baseKey":"BQWIbJ3lDq5DzrRYKtV1VYA3eEro+5YNr3eQs5o0ZjAd","baseKeyType":1,"closed":1732505406800,"used":1732505403929,"created":1732505403929,"remoteIdentityKey":"BUqsghDeDcLvbyR95PAmY0M6TlzoWAxW4wqZz/Jyd4J7"},"_chains":{"BTVwgFMV5cXUeblJG/4Bg/YgviYx/VrK5TI7UhGhT8Nz":{"chainKey":{"counter":0,"key":"y7qh47PtSxQUaNAuvZNjlAhtMnTM4YC3C6WkaR7WA+A="},"chainType":1,"messageKeys":{}}},"pendingPreKey":{"signedKeyId":6,"baseKey":"BQWIbJ3lDq5DzrRYKtV1VYA3eEro+5YNr3eQs5o0ZjAd","preKeyId":6657033}},"BdEb6bD68IhzcWrQU6ivWz4sGzScrxFDR2VhO/pxawEY":{"registrationId":460516114,"currentRatchet":{"ephemeralKeyPair":{"pubKey":"Bav/DTljbcOgRt1PFSOjCPdrvXmcGhol/QeCNe8CTF86","privKey":"gFHdqFpPdMylx1JLUWYSUU0yln74wCRK7/3l+Q/9ymE="},"lastRemoteEphemeralKey":"BZYs62FPCRHByPVi55VXTVRvPs8Pe06u8KLjrj06IF8g","previousCounter":0,"rootKey":"b7+BpDWR9ZJTdljmK201l07kk8ZLaZdYMdKik5XQhKQ="},"indexInfo":{"baseKey":"BdEb6bD68IhzcWrQU6ivWz4sGzScrxFDR2VhO/pxawEY","baseKeyType":1,"closed":-1,"used":1732505405919,"created":1732505405919,"remoteIdentityKey":"BUqsghDeDcLvbyR95PAmY0M6TlzoWAxW4wqZz/Jyd4J7"},"_chains":{"Bav/DTljbcOgRt1PFSOjCPdrvXmcGhol/QeCNe8CTF86":{"chainKey":{"counter":6,"key":"x0vBBqmjttDo9nT4MaatpPWnlUqcn9zN0ld5S91STzI="},"chainType":1,"messageKeys":{}}},"pendingPreKey":{"signedKeyId":6,"baseKey":"BdEb6bD68IhzcWrQU6ivWz4sGzScrxFDR2VhO/pxawEY","preKeyId":6656847}}},"version":"v1"}