{"_sessions":{"BVWgeclsxLyexasOfhnOWjZWyI1XCXMl4Srnqfgw2lJI":{"registrationId":2032305395,"currentRatchet":{"ephemeralKeyPair":{"pubKey":"BeWMuKbhDvOodWB/AqFkp/EQrFRB8FD1ckZ8BH3jQLwk","privKey":"kEe5teoRL8gxY3GjP3nnuSEkjaPTkvqBaRGySpBCwHM="},"lastRemoteEphemeralKey":"BemidHrGupQZ8GCmKdrhEBp6xRgtMjw5vt/teyTbRWgo","previousCounter":0,"rootKey":"2Z48uALBsQchuoARSqzHfi5sJYu2VEOtqCh2eaUgfbc="},"indexInfo":{"baseKey":"BVWgeclsxLyexasOfhnOWjZWyI1XCXMl4Srnqfgw2lJI","baseKeyType":1,"closed":1732505406650,"used":1732505403906,"created":1732505403906,"remoteIdentityKey":"BSh9WSmsUA9QVBWh7hdwid0zHlcr4sS7dHjTsxi7Q2VP"},"_chains":{"BeWMuKbhDvOodWB/AqFkp/EQrFRB8FD1ckZ8BH3jQLwk":{"chainKey":{"counter":0,"key":"jsxxBEgvs0PnmHRsGMLhBGpT7KinuV/GK8XiNLyBxV8="},"chainType":1,"messageKeys":{}}},"pendingPreKey":{"signedKeyId":12,"baseKey":"BVWgeclsxLyexasOfhnOWjZWyI1XCXMl4Srnqfgw2lJI","preKeyId":6878492}},"BWLe1qgfSJpDkNnZ3nI+Y85YWcZ7ZCBGTXIz/oq0uokk":{"registrationId":2032305395,"currentRatchet":{"ephemeralKeyPair":{"pubKey":"BRBQqv1S797uhj0hYcRTw7FWVJ/LkQSz5IV3xwjuCfJ6","privKey":"ELTmzjmCtn9WLaEhfCud3o7AiWsRc3IlqdxOK5kAmGA="},"lastRemoteEphemeralKey":"BemidHrGupQZ8GCmKdrhEBp6xRgtMjw5vt/teyTbRWgo","previousCounter":0,"rootKey":"3oDywyAJqv8hvU8j+V8gj3wISCLhvtQaxyQil/3eipU="},"indexInfo":{"baseKey":"BWLe1qgfSJpDkNnZ3nI+Y85YWcZ7ZCBGTXIz/oq0uokk","baseKeyType":1,"closed":-1,"used":1732505405895,"created":1732505405895,"remoteIdentityKey":"BSh9WSmsUA9QVBWh7hdwid0zHlcr4sS7dHjTsxi7Q2VP"},"_chains":{"BRBQqv1S797uhj0hYcRTw7FWVJ/LkQSz5IV3xwjuCfJ6":{"chainKey":{"counter":6,"key":"vdlUSK3/vZudhHaw5c2t2DDwhHU0Cpne5KBr5f7Cmig="},"chainType":1,"messageKeys":{}}},"pendingPreKey":{"signedKeyId":12,"baseKey":"BWLe1qgfSJpDkNnZ3nI+Y85YWcZ7ZCBGTXIz/oq0uokk","preKeyId":6878973}}},"version":"v1"}