{"_sessions":{"Ba6MKtzAAvnybzh5b+x7nWTl6cQrZ2/WNT4VwbnYEH5y":{"registrationId":12719,"currentRatchet":{"ephemeralKeyPair":{"pubKey":"BSKu5IKY9j2owFKPO49/WeFOVNxL39mHypu59oicOGtR","privKey":"mCSu6BWNBEQESwF/tD3o0lnkW3whl6+Wyg6wT+ks4Gc="},"lastRemoteEphemeralKey":"BUWGjHB6tJCSR7hkIyvS6WSswOD6oAfROPcyimiAkbU5","previousCounter":0,"rootKey":"Yj7plFOPrWbBwwqvabK43bfMNU7s2snUWqb5fFGeWMY="},"indexInfo":{"baseKey":"Ba6MKtzAAvnybzh5b+x7nWTl6cQrZ2/WNT4VwbnYEH5y","baseKeyType":1,"closed":1732505406022,"used":1732505403659,"created":1732505403659,"remoteIdentityKey":"BfWaf6zWVkk8ZMTiRRZb/K7pLDCwun7t+ZOu7xLcM1Am"},"_chains":{"BSKu5IKY9j2owFKPO49/WeFOVNxL39mHypu59oicOGtR":{"chainKey":{"counter":0,"key":"GncpqAhWFCkaGzZUvpFPxp2/KSmytLMlJgjdTwYfXf8="},"chainType":1,"messageKeys":{}}},"pendingPreKey":{"signedKeyId":1,"baseKey":"Ba6MKtzAAvnybzh5b+x7nWTl6cQrZ2/WNT4VwbnYEH5y"}},"BX9t9qgMm+FHRVT7pK+fU/XTYtZBhhS0a6rPNlWbezcq":{"registrationId":12719,"currentRatchet":{"ephemeralKeyPair":{"pubKey":"BXj8TUd4cCMMVAqUYexGFxPXjaNfq/h+JjNIUv7eEGoS","privKey":"eJq6OCSAXB7GVp8oXJMIuaOg1p1jrrkwlEm3mihVlmA="},"lastRemoteEphemeralKey":"BUWGjHB6tJCSR7hkIyvS6WSswOD6oAfROPcyimiAkbU5","previousCounter":0,"rootKey":"mUg7e3CeMUlwJV4T8hNYY4RINn/2+mkVRGtOLvtJInE="},"indexInfo":{"baseKey":"BX9t9qgMm+FHRVT7pK+fU/XTYtZBhhS0a6rPNlWbezcq","baseKeyType":1,"closed":-1,"used":1732505405696,"created":1732505405696,"remoteIdentityKey":"BfWaf6zWVkk8ZMTiRRZb/K7pLDCwun7t+ZOu7xLcM1Am"},"_chains":{"BXj8TUd4cCMMVAqUYexGFxPXjaNfq/h+JjNIUv7eEGoS":{"chainKey":{"counter":6,"key":"p3zzr3WWkYSgTFjj/FlWWPakA+csIbLvcD9OIATse24="},"chainType":1,"messageKeys":{}}},"pendingPreKey":{"signedKeyId":1,"baseKey":"BX9t9qgMm+FHRVT7pK+fU/XTYtZBhhS0a6rPNlWbezcq"}}},"version":"v1"}