{"_sessions":{"BR5Shqrj99YumMzTuBWgbgwRyTPxiVP60q4ak2iOoosf":{"registrationId":1688983988,"currentRatchet":{"ephemeralKeyPair":{"pubKey":"BV7wK9f/1yz4JhbAcYRibsYspJjR60BYJwf38mQEpcEH","privKey":"KA8nClbIsiiaK4aXk3mfHaolLxRdi/bfovHt7XGluFk="},"lastRemoteEphemeralKey":"BSqXq+YevBXjrWmnnxhIoQMy8DF2kLtTVsAYs+IOdXkL","previousCounter":0,"rootKey":"BqKKzWDfJ1tivajUgNtErH3iRBElbfGhJhWIziCo7pg="},"indexInfo":{"baseKey":"BR5Shqrj99YumMzTuBWgbgwRyTPxiVP60q4ak2iOoosf","baseKeyType":1,"closed":-1,"used":1732505401522,"created":1732505401522,"remoteIdentityKey":"BeoktKP8RZULHEHJzglwYPiXiCja4Rrjuq0eA0p47s5Q"},"_chains":{"BV7wK9f/1yz4JhbAcYRibsYspJjR60BYJwf38mQEpcEH":{"chainKey":{"counter":12,"key":"boYmshYwE1vs1T71rRCrsU4XCIOVkrEzX2YWJlWC+Z8="},"chainType":1,"messageKeys":{}}},"pendingPreKey":{"signedKeyId":4,"baseKey":"BR5Shqrj99YumMzTuBWgbgwRyTPxiVP60q4ak2iOoosf","preKeyId":6160775}}},"version":"v1"}