{"_sessions":{"Bfhblyy3fIGPMgosyFvj1Vy2dyiygNR4LU0kPqCckwhv":{"registrationId":1329536203,"currentRatchet":{"ephemeralKeyPair":{"pubKey":"BQw59FW81pvHrdtGIgDx56Us9JUzRrHIz1sZAy1j7zJ2","privKey":"ONObvVBhymZx43ejX3v8Yf90HRjJr+rTQ4CudzhBMlg="},"lastRemoteEphemeralKey":"BWwg7UtfRitFfj+CYjVaSn4IvtQVzUvHd2k1tMEoeR8A","previousCounter":0,"rootKey":"EO2Lrp2GWuHbXRTDD3K3qI+NMo+pmgqC3xp2JaF7dS0="},"indexInfo":{"baseKey":"Bfhblyy3fIGPMgosyFvj1Vy2dyiygNR4LU0kPqCckwhv","baseKeyType":1,"closed":-1,"used":1732505401485,"created":1732505401485,"remoteIdentityKey":"BaKH82ZbWbUKcQoWPL6ECfD/zOhzYEAz/bjFSTfpvUYY"},"_chains":{"BQw59FW81pvHrdtGIgDx56Us9JUzRrHIz1sZAy1j7zJ2":{"chainKey":{"counter":4,"key":"o2ScIs7FY/k9LV6vA1dUOFx4dHtXwre/5rIQko9kQvk="},"chainType":1,"messageKeys":{}}},"pendingPreKey":{"signedKeyId":1,"baseKey":"Bfhblyy3fIGPMgosyFvj1Vy2dyiygNR4LU0kPqCckwhv","preKeyId":3400757}}},"version":"v1"}