{"_sessions":{"BQxPfSezxuX9/I3/NQYnLbl0OEu21gksAO+RiBQZw9Au":{"registrationId":2139365525,"currentRatchet":{"ephemeralKeyPair":{"pubKey":"BVu9I79aSgvqTjC18Z/Gl0nVf1SAlEQxrKqnQ/bztAh4","privKey":"CE/RXR0Ugc9q7ujDjYqrFXUdf3VJAV6tV4REc7gCjFc="},"lastRemoteEphemeralKey":"BZPAdEpXA6rZ1CQsT2VcUSzLKAF5Os6wkfoYESq1zEs8","previousCounter":0,"rootKey":"Ba2W9J/xLQQ9grrkZFm6uZGccQBORQYJl1de5MVAr4M="},"indexInfo":{"baseKey":"BQxPfSezxuX9/I3/NQYnLbl0OEu21gksAO+RiBQZw9Au","baseKeyType":1,"closed":-1,"used":1732505401477,"created":1732505401477,"remoteIdentityKey":"Bd8SCm++b8r+iJ4190xVMgy5k6nr+zkaGWeU06fqwWg4"},"_chains":{"BVu9I79aSgvqTjC18Z/Gl0nVf1SAlEQxrKqnQ/bztAh4":{"chainKey":{"counter":4,"key":"R7AtKsdZ4pucy6bRB00xkjzOqQLpmQaBsF7pV5cMsdg="},"chainType":1,"messageKeys":{}}},"pendingPreKey":{"signedKeyId":11,"baseKey":"BQxPfSezxuX9/I3/NQYnLbl0OEu21gksAO+RiBQZw9Au"}}},"version":"v1"}