{"_sessions":{"BbO8qj8j9NCz/vGt0goqL52M06GguduFIS4JejdtMsY0":{"registrationId":1195588873,"currentRatchet":{"ephemeralKeyPair":{"pubKey":"BROm09vnN+C7c9bJ8P2HkzSEe+DOsYv3tV4bwJg7rVxL","privKey":"EKEF8G2PdOfxJUvqOtjL4G/86iC7i+d7N62tJhLZgUI="},"lastRemoteEphemeralKey":"BS1D186T0dP5zrzcooEICj3P4YeZVksmo0nYeTRlEH8m","previousCounter":0,"rootKey":"frG8l+C5DZwdCg5i28mt8CR7ihCFIcZq5M/w2r6rCm4="},"indexInfo":{"baseKey":"BbO8qj8j9NCz/vGt0goqL52M06GguduFIS4JejdtMsY0","baseKeyType":1,"closed":1732505406750,"used":1732505403921,"created":1732505403921,"remoteIdentityKey":"BX3U2W8vbU2V5zdl2OLZZNnzPpN3e/LPrqzLl5ZfigRz"},"_chains":{"BROm09vnN+C7c9bJ8P2HkzSEe+DOsYv3tV4bwJg7rVxL":{"chainKey":{"counter":0,"key":"TIqz5RPRDN0cWFkxr+Tq6H+iXiPdzPM/rb6p8d5guJc="},"chainType":1,"messageKeys":{}}},"pendingPreKey":{"signedKeyId":0,"baseKey":"BbO8qj8j9NCz/vGt0goqL52M06GguduFIS4JejdtMsY0","preKeyId":2689240}},"Ba/MvfV86HtLROjuWRNIoOWrnvZm+qSDoVONH7c+8UZH":{"registrationId":1195588873,"currentRatchet":{"ephemeralKeyPair":{"pubKey":"BWjk91x4kvmz7wI+jyI34q0UBWDlIVmX92BUFqOWPl8T","privKey":"iKnmdap/kzdlpuKrn20TfltQmnFTphYohlTbVf/hzUA="},"lastRemoteEphemeralKey":"BS1D186T0dP5zrzcooEICj3P4YeZVksmo0nYeTRlEH8m","previousCounter":0,"rootKey":"pMgP6CDziG4oqUqPSofEBLXJww3IwBUaDhMWpV86YGE="},"indexInfo":{"baseKey":"Ba/MvfV86HtLROjuWRNIoOWrnvZm+qSDoVONH7c+8UZH","baseKeyType":1,"closed":-1,"used":1732505405910,"created":1732505405910,"remoteIdentityKey":"BX3U2W8vbU2V5zdl2OLZZNnzPpN3e/LPrqzLl5ZfigRz"},"_chains":{"BWjk91x4kvmz7wI+jyI34q0UBWDlIVmX92BUFqOWPl8T":{"chainKey":{"counter":6,"key":"obNVfZrByrIq46V18Q9lUGJM0WNbaGL6p1OcpZ7T/TU="},"chainType":1,"messageKeys":{}}},"pendingPreKey":{"signedKeyId":0,"baseKey":"Ba/MvfV86HtLROjuWRNIoOWrnvZm+qSDoVONH7c+8UZH","preKeyId":2689227}}},"version":"v1"}