{"_sessions":{"BUBzflL4J+7LTZcEqsyNatja27tNOF2KJ+7NaHjammZZ":{"registrationId":173,"currentRatchet":{"ephemeralKeyPair":{"pubKey":"BbVSNURXOgBwFoAfcMvqIeMokzTPz6IRx9idAA+o8L9E","privKey":"UP3OFpAs862r7UQn9msx4uUsvv+c9Neh/fRkDTf7FGg="},"lastRemoteEphemeralKey":"BZEisYgvenltqf1lVE/SBIev7hQECVrrbKajwikGBjwZ","previousCounter":0,"rootKey":"4XoCEw8uMFpCPPcjNlXE5NztHdZWJNXelHcC1m7aRso="},"indexInfo":{"baseKey":"BUBzflL4J+7LTZcEqsyNatja27tNOF2KJ+7NaHjammZZ","baseKeyType":1,"closed":1732505406021,"used":1732505403655,"created":1732505403655,"remoteIdentityKey":"BRJBJ9ZkbjQGnlp6M46J9EKX62YjIhpVAgku0B+IfFk3"},"_chains":{"BbVSNURXOgBwFoAfcMvqIeMokzTPz6IRx9idAA+o8L9E":{"chainKey":{"counter":0,"key":"vB9FlnZKWsojaEkPwcIG1XDDNnpZWdY9FjQnjJje46c="},"chainType":1,"messageKeys":{}}},"pendingPreKey":{"signedKeyId":1,"baseKey":"BUBzflL4J+7LTZcEqsyNatja27tNOF2KJ+7NaHjammZZ"}},"BVOFaLIf7K8xftxWWLJmAg3VCVTmmAPB//wFs/T3+30T":{"registrationId":173,"currentRatchet":{"ephemeralKeyPair":{"pubKey":"BRko7d9tiX7O4TT/8bL/Gk5iFq4a2wvkmbM+s5U+dzMl","privKey":"4IkzBKNS7WPnaa7ZYt1jpRhm6Sg3KvEPEbnTOSaybEA="},"lastRemoteEphemeralKey":"BZEisYgvenltqf1lVE/SBIev7hQECVrrbKajwikGBjwZ","previousCounter":0,"rootKey":"q4MNboHZ4Q6AzVjS+8v4yYSpxo5hzzqsWjbp+62AwG4="},"indexInfo":{"baseKey":"BVOFaLIf7K8xftxWWLJmAg3VCVTmmAPB//wFs/T3+30T","baseKeyType":1,"closed":-1,"used":1732505405663,"created":1732505405663,"remoteIdentityKey":"BRJBJ9ZkbjQGnlp6M46J9EKX62YjIhpVAgku0B+IfFk3"},"_chains":{"BRko7d9tiX7O4TT/8bL/Gk5iFq4a2wvkmbM+s5U+dzMl":{"chainKey":{"counter":6,"key":"WAyGh0pl8RBba85k1aj7f2Se4NMVM9qrMIkdSFfYlK0="},"chainType":1,"messageKeys":{}}},"pendingPreKey":{"signedKeyId":1,"baseKey":"BVOFaLIf7K8xftxWWLJmAg3VCVTmmAPB//wFs/T3+30T"}}},"version":"v1"}