{"_sessions":{"BUCHTABXnaBj1ShqvNciUogYX7q1smt2gt9UiGc3EIFz":{"registrationId":10573,"currentRatchet":{"ephemeralKeyPair":{"pubKey":"BQ98Vz7JE2IOEA01fFHBjKFo1ExDgir/RmMHxA8Nc09B","privKey":"gKiceSuuo19EETYW4605wAMIwrbgYRNcbxP7jC2kynw="},"lastRemoteEphemeralKey":"Bc4bTG3jOc26RtBqsJoc8Vp3RagDRXqQwAVa6aYq6n47","previousCounter":57,"rootKey":"MpEBI/YJSaPSP1wRpIAXsc0Wa44DnrOk54j+oRVGSMY="},"indexInfo":{"baseKey":"BUCHTABXnaBj1ShqvNciUogYX7q1smt2gt9UiGc3EIFz","baseKeyType":1,"closed":-1,"used":1732525027315,"created":1732505379348,"remoteIdentityKey":"BV3gqbdZAtdVbL6UBHSE4OFcogb7Tos2rLRdzoiY6ihy"},"_chains":{"BcgO2ua9Mo0AHOKp2MbhdIR7gOtjjrXnyf1FelYBn4og":{"chainKey":{"counter":0},"chainType":2,"messageKeys":{}},"BbBJeDNjQ9j310dxdMPXSQnjtHCkRczdW001Atsl/up2":{"chainKey":{"counter":3},"chainType":2,"messageKeys":{"0":"AjgmAGPGsvvxCToH8ALdIX7e3HhdMcdIPg19+4zH46g=","1":"VjzO8vhymVBcQYAsi8XRquOAU8doAXKDOaEbyNcyY/8="}},"Bd8jD0rWHrwJiefDJ2Co+ql/i/yQiahr4qRogM+hywpm":{"chainKey":{"counter":2},"chainType":2,"messageKeys":{}},"BZQ++CLnoORAwgWCpZAchcXn7Fr1genK5MGx9+4+kXdn":{"chainKey":{"counter":0},"chainType":2,"messageKeys":{}},"BcFOtIaQzgtuqYV4kExCpQaEvUfL21sZwt7lEg3vvmAn":{"chainKey":{"counter":0},"chainType":2,"messageKeys":{}},"Bey4FIk60G6poqpzKf2OTlJmlJBXhT0p6Ye1QMeNC3cM":{"chainKey":{"counter":0},"chainType":2,"messageKeys":{}},"BTFsX3bFCfJ7NQXfSBllUe3fsEJV1G0PXm98/FyMehlk":{"chainKey":{"counter":0},"chainType":2,"messageKeys":{}},"BTi9hQRnRuLiy/dBBkmMFS0WUYcD5ugMZdVoH1W6VtNI":{"chainKey":{"counter":0},"chainType":2,"messageKeys":{}},"Bc5KOueluvk9BNNoyGlNcChRyytisSou2pIlWA+mkpUo":{"chainKey":{"counter":0},"chainType":2,"messageKeys":{}},"BbV0aSGH+8QQ7Wf26PImqHo7iQMA+KdQdbMPsgrzDRdr":{"chainKey":{"counter":0},"chainType":2,"messageKeys":{}},"BQ77hyy32760prRBj4G/qYzCMqckqS9ckRMsJbx8CydR":{"chainKey":{"counter":0},"chainType":2,"messageKeys":{}},"BbVr9A8doCigKSCbKpALfTh67S8U9ASzzFqwXWGrYN4X":{"chainKey":{"counter":0},"chainType":2,"messageKeys":{}},"BbVxvb3rOzKHNPxbGlPFiAp7iDKi/MfQR4aMI9HEluMn":{"chainKey":{"counter":0},"chainType":2,"messageKeys":{}},"Bb8VU1uMc2nCtduuIR3gHR4cut2JnHnBcewith384907":{"chainKey":{"counter":0},"chainType":2,"messageKeys":{}},"BQ6x+aaRp21Q+oqgGaUTonYtqlFIRljGDVhrHbKLF31o":{"chainKey":{"counter":0},"chainType":2,"messageKeys":{}},"BdWQNB8OuibXnkZi5cvbrHQLEoDUvHEuHpI0QEyW+WQj":{"chainKey":{"counter":0},"chainType":2,"messageKeys":{}},"BVXcUHaDrwoIgIrOegJRZ9b9FfSy6g41DtoZ3RTNr8Mo":{"chainKey":{"counter":0},"chainType":2,"messageKeys":{}},"Be/wkBo44tPN9rQF3c6zEe/vUARmKMde+mxhtdwLBnwg":{"chainKey":{"counter":0},"chainType":2,"messageKeys":{}},"Bdqhfyr3JzgHyM0pIJR8aXA0RvK7dUj1asfDMrb7luYG":{"chainKey":{"counter":0},"chainType":2,"messageKeys":{}},"BfEVHhIB4PH/sxnmX8ZylwFPA0Z3DxNPDRrqz+tO5jsm":{"chainKey":{"counter":0},"chainType":2,"messageKeys":{}},"BQoiU67MvDF+EcwvJ5P9H+6ayKU1QeDM8VxJ0N87vaE8":{"chainKey":{"counter":0},"chainType":2,"messageKeys":{}},"BS1ER3YAaPbRZ27eND/MODwstMcU2N0XSkWgKFwhPuIu":{"chainKey":{"counter":0},"chainType":2,"messageKeys":{}},"BTPtwaGD7UrHqImSA7Uc1utAGwjECYDKNzTU2naAz+l0":{"chainKey":{"counter":0},"chainType":2,"messageKeys":{}},"BSj/YH6G2WuuI1tQ/JC+43i/UVrZhA74pwRDvmYsjRYV":{"chainKey":{"counter":0},"chainType":2,"messageKeys":{}},"BYpGBQEsGCy+1KpEA9qABLOaoYGDfNtL8M5DWmWgW6he":{"chainKey":{"counter":0},"chainType":2,"messageKeys":{}},"BcuD0CxBWbviWS78gov3JRMvbcQp89vLbgAiq+611E4q":{"chainKey":{"counter":0},"chainType":2,"messageKeys":{}},"BfwCk4EmlQHM7DdtLERIQ+ntzZ60TZjAAoplZy/Qt4Z0":{"chainKey":{"counter":0},"chainType":2,"messageKeys":{}},"Bdkwavq3IaRISGTJdPZxKwotSQkq2WCZDK/iNuewm/ws":{"chainKey":{"counter":0},"chainType":2,"messageKeys":{}},"BX9ZaJAUmPkLH882MT+03ApeEQZggoA9Sor3VLdATjFq":{"chainKey":{"counter":0},"chainType":2,"messageKeys":{}},"BSgq4hHEg2O2Jl4l0PQFruKSwkCeN8yOmUJcnW8MHpgq":{"chainKey":{"counter":0},"chainType":2,"messageKeys":{}},"BVKz1h/54hrEgSIeBlVrZT0pfadgV407j7Fda/F8jnAb":{"chainKey":{"counter":0},"chainType":2,"messageKeys":{}},"BaIxN08gjrnJOnYfM8jinA14SVoR5KheGz8TEAJtUCh+":{"chainKey":{"counter":0},"chainType":2,"messageKeys":{}},"BaUVFZV4TQ9XR4dGtma6soWxwGljvB/mVucGYySqlSJ7":{"chainKey":{"counter":0},"chainType":2,"messageKeys":{}},"BXiYymHYgFCuzB7RjMuNFRB8LYy7Oh5MGxh9f5d7/0pK":{"chainKey":{"counter":0},"chainType":2,"messageKeys":{}},"BZujGe7nsZ9UeHFpisvSch45TbJzLMnHzppl/mFGI50J":{"chainKey":{"counter":0},"chainType":2,"messageKeys":{}},"BfUSVhP/kaoa8++GW2vbyrPiYxw09jwSajLtZdh8EWhp":{"chainKey":{"counter":1},"chainType":2,"messageKeys":{}},"BeCIk5N4FxqiBKBRMdi4rGH5qL6So/mttug2e/n7jmJY":{"chainKey":{"counter":0},"chainType":2,"messageKeys":{}},"BSfEusuJBI5EJsaI8Jz4Ir07pjUFTVlv5ma6LdmESRR3":{"chainKey":{"counter":0},"chainType":2,"messageKeys":{}},"Bc4bTG3jOc26RtBqsJoc8Vp3RagDRXqQwAVa6aYq6n47":{"chainKey":{"counter":0,"key":"5+rXp4B1unf/pELG6Cr8ozXh1ltTIQfx95Qw8dcMmw4="},"chainType":2,"messageKeys":{}},"BQ98Vz7JE2IOEA01fFHBjKFo1ExDgir/RmMHxA8Nc09B":{"chainKey":{"counter":0,"key":"3FpmGn1Ss092DrZPFZmsoaHAOwZPBtUswhd+xKuROis="},"chainType":1,"messageKeys":{}}}}},"version":"v1"}