{"_sessions":{"BWOJBrwmN/EraRkMClPA/iC3obt3cABk3YBXVW2P8CMf":{"registrationId":1959994980,"currentRatchet":{"ephemeralKeyPair":{"pubKey":"BVgZ7j68uvFD1ChatQzRhU9xviEb+OaC2Flyuxclnxdo","privKey":"SFaDvurmXi4KTnXdg6lURW4ugNdyS10j2eVuQsMRcks="},"lastRemoteEphemeralKey":"BePF9XARcDuXviUT9U518fhOLfXc1jlKK/wOPTqhi0kE","previousCounter":0,"rootKey":"LS3VePVTxa/NO3e01j/thY1Goonrq6DX+QFDhiGYTXc="},"indexInfo":{"baseKey":"BWOJBrwmN/EraRkMClPA/iC3obt3cABk3YBXVW2P8CMf","baseKeyType":1,"closed":1732505406501,"used":1732505403885,"created":1732505403885,"remoteIdentityKey":"BYj9o8y9F+JjZ8q6J1cnW34aLPjriHHYyO2AbAK1t4EK"},"_chains":{"BVgZ7j68uvFD1ChatQzRhU9xviEb+OaC2Flyuxclnxdo":{"chainKey":{"counter":0,"key":"CPyMqJQflgnd92y3/sswVQjAva6sDoCs9sht60NeHrg="},"chainType":1,"messageKeys":{}}},"pendingPreKey":{"signedKeyId":8,"baseKey":"BWOJBrwmN/EraRkMClPA/iC3obt3cABk3YBXVW2P8CMf","preKeyId":3554492}},"BUfqBQflns19sxsa5Im9VdspdJs3abEg+7Gy5II23r0l":{"registrationId":1959994980,"currentRatchet":{"ephemeralKeyPair":{"pubKey":"BVt+yyMvAE4sM2POgr9ePXG07ptHYXCIg4z6QwHZJ80s","privKey":"GKpRQgSZ23oI+vEqdOChUt57M+mWZ1TtVujeI5aM0Ek="},"lastRemoteEphemeralKey":"BePF9XARcDuXviUT9U518fhOLfXc1jlKK/wOPTqhi0kE","previousCounter":0,"rootKey":"H7v7VoI0gm4Jz355N/2ZUrLq0A3APIxQWL2vLtpi0Zo="},"indexInfo":{"baseKey":"BUfqBQflns19sxsa5Im9VdspdJs3abEg+7Gy5II23r0l","baseKeyType":1,"closed":-1,"used":1732505405872,"created":1732505405872,"remoteIdentityKey":"BYj9o8y9F+JjZ8q6J1cnW34aLPjriHHYyO2AbAK1t4EK"},"_chains":{"BVt+yyMvAE4sM2POgr9ePXG07ptHYXCIg4z6QwHZJ80s":{"chainKey":{"counter":6,"key":"x1hCihBJu81PsQ1bCG4E5DRmlk/rnVkVcVeOZpmc/Qo="},"chainType":1,"messageKeys":{}}},"pendingPreKey":{"signedKeyId":8,"baseKey":"BUfqBQflns19sxsa5Im9VdspdJs3abEg+7Gy5II23r0l","preKeyId":3555182}}},"version":"v1"}