{"_sessions":{"BXBiPm2qptyfW+HBSoJzxccPbewcvMg8MBxSdhVXkNQN":{"registrationId":303582109,"currentRatchet":{"ephemeralKeyPair":{"pubKey":"BVyVOKvjY4AHO4RgDPabkHWlKBj1t6Wa6FrmU8fwXdMa","privKey":"2Lyztz8jFHOd+zFjfF+USvNBCVS2+F9gXdYixaYq/GI="},"lastRemoteEphemeralKey":"BUGHpifTdvTbTz9wKP12e7wDmlybKqPkhydeDK8XjDsn","previousCounter":0,"rootKey":"LQzLC59E9rclnnXlMU0V25bn+s+AgsY9KNufLczDm1Y="},"indexInfo":{"baseKey":"BXBiPm2qptyfW+HBSoJzxccPbewcvMg8MBxSdhVXkNQN","baseKeyType":1,"closed":1732509476706,"used":1732509476199,"created":1732509476199,"remoteIdentityKey":"BRNebmUv5W9WcZveP/MUu8yhSaobGRG8fgbN3ttQvAtZ"},"_chains":{"BVyVOKvjY4AHO4RgDPabkHWlKBj1t6Wa6FrmU8fwXdMa":{"chainKey":{"counter":-1,"key":"Y7nDsGEMwA5GLLfbAtoo8SPmIR1hwv4RxR3vmuxuJ+c="},"chainType":1,"messageKeys":{}}},"pendingPreKey":{"signedKeyId":1,"baseKey":"BXBiPm2qptyfW+HBSoJzxccPbewcvMg8MBxSdhVXkNQN","preKeyId":4959602}},"BaDdM1wemsrrgITIsz+3WA3q0vLhlkSNpoQzDm40G24M":{"registrationId":303582109,"currentRatchet":{"ephemeralKeyPair":{"pubKey":"BUT3TIm30c50DAQDEBLaWgoHQwMos3F6LgTvhD4AaB9H","privKey":"oFrEGoMOgNrXY/XioVY1LeI5uiqs6jxKwZMMetSHkFg="},"lastRemoteEphemeralKey":"BUGHpifTdvTbTz9wKP12e7wDmlybKqPkhydeDK8XjDsn","previousCounter":0,"rootKey":"eLbmIJTLTKZxsldkbhPazcouKo76Bf5KEBfOqGL61ns="},"indexInfo":{"baseKey":"BaDdM1wemsrrgITIsz+3WA3q0vLhlkSNpoQzDm40G24M","baseKeyType":1,"closed":1732509478766,"used":1732509476704,"created":1732509476704,"remoteIdentityKey":"BRNebmUv5W9WcZveP/MUu8yhSaobGRG8fgbN3ttQvAtZ"},"_chains":{"BUT3TIm30c50DAQDEBLaWgoHQwMos3F6LgTvhD4AaB9H":{"chainKey":{"counter":-1,"key":"UhK/qGb76pxK8i+sZhlpkD8FaB84SwtkJdyzxv01n2Y="},"chainType":1,"messageKeys":{}}},"pendingPreKey":{"signedKeyId":1,"baseKey":"BaDdM1wemsrrgITIsz+3WA3q0vLhlkSNpoQzDm40G24M","preKeyId":4959608}},"BYS8i/woPhG0HNLYvwk4WU1SYjaO6iTAEJl3c1MmXJpK":{"registrationId":303582109,"currentRatchet":{"ephemeralKeyPair":{"pubKey":"BWEFYIZKcRQi1sP6eMHOwOu5kB4+h+3/xk7Fmc9TYDxs","privKey":"eI85zNBBlwZOEWwk3aSi66NYk1jB116Z0aMpqLQoynw="},"lastRemoteEphemeralKey":"BUGHpifTdvTbTz9wKP12e7wDmlybKqPkhydeDK8XjDsn","previousCounter":0,"rootKey":"GSy46+DKg5t2KySnq+2G7FbY+8X6+v1bWNxRvYP/EwU="},"indexInfo":{"baseKey":"BYS8i/woPhG0HNLYvwk4WU1SYjaO6iTAEJl3c1MmXJpK","baseKeyType":1,"closed":1732509483111,"used":1732509478764,"created":1732509478764,"remoteIdentityKey":"BRNebmUv5W9WcZveP/MUu8yhSaobGRG8fgbN3ttQvAtZ"},"_chains":{"BWEFYIZKcRQi1sP6eMHOwOu5kB4+h+3/xk7Fmc9TYDxs":{"chainKey":{"counter":-1,"key":"Mo18hR/cW6y0+77qBwQ70v/orilaKVZBpICsyzqkrng="},"chainType":1,"messageKeys":{}}},"pendingPreKey":{"signedKeyId":1,"baseKey":"BYS8i/woPhG0HNLYvwk4WU1SYjaO6iTAEJl3c1MmXJpK","preKeyId":4959360}},"Bdp9+azunn2hihj9UDJIXst1F5T81Whb4OHdlgz6nxwo":{"registrationId":303582109,"currentRatchet":{"ephemeralKeyPair":{"pubKey":"BeZnYT/+of96IMxqRjwJa7fIQis6HNujtx3PFGkKux1X","privKey":"IDwOmjMX/St0liBU66Y0EkFDiUwvBZQSdgtfuIeaRmM="},"lastRemoteEphemeralKey":"BUGHpifTdvTbTz9wKP12e7wDmlybKqPkhydeDK8XjDsn","previousCounter":0,"rootKey":"aaoRzCk+SC+Hpmi/1rmHCjNe4a0g4q2LTOwwIvC5me4="},"indexInfo":{"baseKey":"Bdp9+azunn2hihj9UDJIXst1F5T81Whb4OHdlgz6nxwo","baseKeyType":1,"closed":1732509483550,"used":1732509483109,"created":1732509483109,"remoteIdentityKey":"BRNebmUv5W9WcZveP/MUu8yhSaobGRG8fgbN3ttQvAtZ"},"_chains":{"BeZnYT/+of96IMxqRjwJa7fIQis6HNujtx3PFGkKux1X":{"chainKey":{"counter":-1,"key":"lYl7JUoIpwV77Tkq6vg4zph3DlHd9YvKm+6w2bYscOw="},"chainType":1,"messageKeys":{}}},"pendingPreKey":{"signedKeyId":1,"baseKey":"Bdp9+azunn2hihj9UDJIXst1F5T81Whb4OHdlgz6nxwo","preKeyId":4959334}},"BSzybGN3kz1GQWm6yWKxfLpvICLA3yPSv47ON+KRZaZM":{"registrationId":303582109,"currentRatchet":{"ephemeralKeyPair":{"pubKey":"BReX6RmnlKKymkVJfjdveyEbf4mTCcdUwe2574Kw8Nl7","privKey":"KKzaA19YYXVh9pQVweiFIenptf+CsHgB9A0dreqg6H8="},"lastRemoteEphemeralKey":"BUGHpifTdvTbTz9wKP12e7wDmlybKqPkhydeDK8XjDsn","previousCounter":0,"rootKey":"dTql9+rtWsSJyoP6/9eT3YMFp7H5SUOb7l9kkhq5s3I="},"indexInfo":{"baseKey":"BSzybGN3kz1GQWm6yWKxfLpvICLA3yPSv47ON+KRZaZM","baseKeyType":1,"closed":1732509486879,"used":1732509483548,"created":1732509483548,"remoteIdentityKey":"BRNebmUv5W9WcZveP/MUu8yhSaobGRG8fgbN3ttQvAtZ"},"_chains":{"BReX6RmnlKKymkVJfjdveyEbf4mTCcdUwe2574Kw8Nl7":{"chainKey":{"counter":-1,"key":"dDwa931ilG3k9PnpSaYn5L7w54PurvlrXdIQPF5dc38="},"chainType":1,"messageKeys":{}}},"pendingPreKey":{"signedKeyId":1,"baseKey":"BSzybGN3kz1GQWm6yWKxfLpvICLA3yPSv47ON+KRZaZM","preKeyId":4959587}},"BQhWXjhn9qrJEnXAtiN85GNHNVH23X2RElEUV5DjANYS":{"registrationId":303582109,"currentRatchet":{"ephemeralKeyPair":{"pubKey":"BQ5Tqe2VtVOJ9TlCL+cIXOGdGUZm9pfJ4GEYaqjrXUU/","privKey":"4ERNuSPH2JL5/CGA3kP+mB/trWasrDec0vv7NrnHAnU="},"lastRemoteEphemeralKey":"BUGHpifTdvTbTz9wKP12e7wDmlybKqPkhydeDK8XjDsn","previousCounter":0,"rootKey":"0/r0PzA0JvWxjZdhqHpGXFOjW7h/mHMnZl8v6DwkRVk="},"indexInfo":{"baseKey":"BQhWXjhn9qrJEnXAtiN85GNHNVH23X2RElEUV5DjANYS","baseKeyType":1,"closed":1732509503034,"used":1732509486877,"created":1732509486877,"remoteIdentityKey":"BRNebmUv5W9WcZveP/MUu8yhSaobGRG8fgbN3ttQvAtZ"},"_chains":{"BQ5Tqe2VtVOJ9TlCL+cIXOGdGUZm9pfJ4GEYaqjrXUU/":{"chainKey":{"counter":-1,"key":"1RpUu6q8mjCmv5iJK41TWjL65/C/6vw2MN+e5ols7n4="},"chainType":1,"messageKeys":{}}},"pendingPreKey":{"signedKeyId":1,"baseKey":"BQhWXjhn9qrJEnXAtiN85GNHNVH23X2RElEUV5DjANYS","preKeyId":4959552}},"BcokzYzS2s5q0EpfU1dMRKTwKXOqA/VbxI0ZW1cFZbVG":{"registrationId":303582109,"currentRatchet":{"ephemeralKeyPair":{"pubKey":"BcorDEYT+WIxfwwzrZJ7YTQZj7sBK9xSjPnO9+Y1EdMT","privKey":"eIIvw2nkvIEq7kC0JbPjuuZ+BdvDkriwZcqAL8KosVY="},"lastRemoteEphemeralKey":"BUGHpifTdvTbTz9wKP12e7wDmlybKqPkhydeDK8XjDsn","previousCounter":0,"rootKey":"EV5Eb8y7gQjFZcvlF9s+S5XvVjGe8ZCmjXqQnwcWvgM="},"indexInfo":{"baseKey":"BcokzYzS2s5q0EpfU1dMRKTwKXOqA/VbxI0ZW1cFZbVG","baseKeyType":1,"closed":1732509513801,"used":1732509503031,"created":1732509503031,"remoteIdentityKey":"BRNebmUv5W9WcZveP/MUu8yhSaobGRG8fgbN3ttQvAtZ"},"_chains":{"BcorDEYT+WIxfwwzrZJ7YTQZj7sBK9xSjPnO9+Y1EdMT":{"chainKey":{"counter":-1,"key":"R3YEnr5Jf6pYjUADJ8xYPy8OD+i9jlI7yRRq4Hmj7cc="},"chainType":1,"messageKeys":{}}},"pendingPreKey":{"signedKeyId":1,"baseKey":"BcokzYzS2s5q0EpfU1dMRKTwKXOqA/VbxI0ZW1cFZbVG","preKeyId":4959405}},"BXrxoaSX1cFUCVZ9rGZekBcif+uW3n3krhPpM6zbeC1S":{"registrationId":303582109,"currentRatchet":{"ephemeralKeyPair":{"pubKey":"BRFCuDoKHpKei2gtdcpXaE0SS1A/XLiuvEBRXwPphOEz","privKey":"kF5KqXJ0Yuc+90GpoYMrIcl3D7/QTdVZUmKjks07G1U="},"lastRemoteEphemeralKey":"BUGHpifTdvTbTz9wKP12e7wDmlybKqPkhydeDK8XjDsn","previousCounter":0,"rootKey":"HrDTl4JBE0QWdBeGuJDc8z6UkPpfZE0B3+syPnqYknU="},"indexInfo":{"baseKey":"BXrxoaSX1cFUCVZ9rGZekBcif+uW3n3krhPpM6zbeC1S","baseKeyType":1,"closed":1732509517393,"used":1732509513799,"created":1732509513799,"remoteIdentityKey":"BRNebmUv5W9WcZveP/MUu8yhSaobGRG8fgbN3ttQvAtZ"},"_chains":{"BRFCuDoKHpKei2gtdcpXaE0SS1A/XLiuvEBRXwPphOEz":{"chainKey":{"counter":-1,"key":"2GBNkcwLch2P01LitPt9eVToKZmpg74KEBADZVmPFbk="},"chainType":1,"messageKeys":{}}},"pendingPreKey":{"signedKeyId":1,"baseKey":"BXrxoaSX1cFUCVZ9rGZekBcif+uW3n3krhPpM6zbeC1S","preKeyId":4959440}},"BTEw6yipHhprb+qo8SmqLuGfLMn9vPpfZsMwZ87aJS07":{"registrationId":303582109,"currentRatchet":{"ephemeralKeyPair":{"pubKey":"BXU40WnjyjljJiWOJAEYC28DgBaZn6PRjhJk3pS2FvBd","privKey":"ELPB7CGeVrXZjy3qZEpeer74HgpGsq5X/XeyfZJ3HVg="},"lastRemoteEphemeralKey":"BUGHpifTdvTbTz9wKP12e7wDmlybKqPkhydeDK8XjDsn","previousCounter":0,"rootKey":"v99CvU0zIw8A23Uyeftj1pJ+H05SeVuw6887JNMbh14="},"indexInfo":{"baseKey":"BTEw6yipHhprb+qo8SmqLuGfLMn9vPpfZsMwZ87aJS07","baseKeyType":1,"closed":1732509586982,"used":1732509517382,"created":1732509517382,"remoteIdentityKey":"BRNebmUv5W9WcZveP/MUu8yhSaobGRG8fgbN3ttQvAtZ"},"_chains":{"BXU40WnjyjljJiWOJAEYC28DgBaZn6PRjhJk3pS2FvBd":{"chainKey":{"counter":-1,"key":"OI5afwkUiEg1hVNnNmU8i3n4TOg7nb32C6CHJgu0qDE="},"chainType":1,"messageKeys":{}}},"pendingPreKey":{"signedKeyId":1,"baseKey":"BTEw6yipHhprb+qo8SmqLuGfLMn9vPpfZsMwZ87aJS07","preKeyId":4959248}},"BUNxYBIfYI4IFEsvoS13t+/I/MearXfFj8IfGqmLGOVz":{"registrationId":303582109,"currentRatchet":{"ephemeralKeyPair":{"pubKey":"BVRWzKkjehHQHd+9vvz6eAG5itktlLJ6NLBzWk7u9KpE","privKey":"0OkUHE0bFMh3OxH54ovXnwH2xxnYp0/8AR6haizEzFE="},"lastRemoteEphemeralKey":"BUGHpifTdvTbTz9wKP12e7wDmlybKqPkhydeDK8XjDsn","previousCounter":0,"rootKey":"q1vOg4rZ3kfttr2mHxmvkLnPZje0abSbinKxmr7TX6M="},"indexInfo":{"baseKey":"BUNxYBIfYI4IFEsvoS13t+/I/MearXfFj8IfGqmLGOVz","baseKeyType":1,"closed":1732509587616,"used":1732509586981,"created":1732509586981,"remoteIdentityKey":"BRNebmUv5W9WcZveP/MUu8yhSaobGRG8fgbN3ttQvAtZ"},"_chains":{"BVRWzKkjehHQHd+9vvz6eAG5itktlLJ6NLBzWk7u9KpE":{"chainKey":{"counter":-1,"key":"jAC5RQLqt1B2uSIkltZtNQhblTUAHAPuURPF4KcMZek="},"chainType":1,"messageKeys":{}}},"pendingPreKey":{"signedKeyId":1,"baseKey":"BUNxYBIfYI4IFEsvoS13t+/I/MearXfFj8IfGqmLGOVz","preKeyId":4959456}},"Baf1kn4KO8EEC3ljGKuNkqb2gR/pxKx0YeCPbYOy0jFh":{"registrationId":303582109,"currentRatchet":{"ephemeralKeyPair":{"pubKey":"Bb/hyOQl6L/gDanqKTZdyr3jJG3H8+H8aGwmEODL7LBp","privKey":"WMqcdvpnniCegqfWoiecXz0PAWdwW7LucvbV03grjm8="},"lastRemoteEphemeralKey":"BUGHpifTdvTbTz9wKP12e7wDmlybKqPkhydeDK8XjDsn","previousCounter":0,"rootKey":"VMkKAEGao2/c2DW0OCG1IDt1IdFtR2t09XtNKIWdmLc="},"indexInfo":{"baseKey":"Baf1kn4KO8EEC3ljGKuNkqb2gR/pxKx0YeCPbYOy0jFh","baseKeyType":1,"closed":1732509590800,"used":1732509587614,"created":1732509587614,"remoteIdentityKey":"BRNebmUv5W9WcZveP/MUu8yhSaobGRG8fgbN3ttQvAtZ"},"_chains":{"Bb/hyOQl6L/gDanqKTZdyr3jJG3H8+H8aGwmEODL7LBp":{"chainKey":{"counter":-1,"key":"2cji+4Ds2PJ6fn8MvvgzPAKYF/Isg20MAe9nt2YJCrY="},"chainType":1,"messageKeys":{}}},"pendingPreKey":{"signedKeyId":1,"baseKey":"Baf1kn4KO8EEC3ljGKuNkqb2gR/pxKx0YeCPbYOy0jFh","preKeyId":4959442}},"BYW46ASfqM0NdzcWT2FZLnKmwdjGYdzr5WkXdv2aR1hG":{"registrationId":303582109,"currentRatchet":{"ephemeralKeyPair":{"pubKey":"BVlxwK1hCKU5+Ttg9wnWXPRCs/AwvDfrFgYbUQtRqlps","privKey":"CDBl9i+SVcy8xaKldqKn6TawOeC5+V9xnOS2ReGD+Us="},"lastRemoteEphemeralKey":"BUGHpifTdvTbTz9wKP12e7wDmlybKqPkhydeDK8XjDsn","previousCounter":0,"rootKey":"IZRwT18FRjwuuzD618TpMOOyiEtjfil58Pvwb38CBgI="},"indexInfo":{"baseKey":"BYW46ASfqM0NdzcWT2FZLnKmwdjGYdzr5WkXdv2aR1hG","baseKeyType":1,"closed":1732509593751,"used":1732509590796,"created":1732509590796,"remoteIdentityKey":"BRNebmUv5W9WcZveP/MUu8yhSaobGRG8fgbN3ttQvAtZ"},"_chains":{"BVlxwK1hCKU5+Ttg9wnWXPRCs/AwvDfrFgYbUQtRqlps":{"chainKey":{"counter":-1,"key":"qlp+Oc6E1fPIc+2S8fnTzwxX2CywFUjnUHoyRAwCIBI="},"chainType":1,"messageKeys":{}}},"pendingPreKey":{"signedKeyId":1,"baseKey":"BYW46ASfqM0NdzcWT2FZLnKmwdjGYdzr5WkXdv2aR1hG","preKeyId":4959319}},"BY6IesyIf2Vq2KgpbK4Dy2Yo/J2i8kQi4HCEPxQWpBd6":{"registrationId":303582109,"currentRatchet":{"ephemeralKeyPair":{"pubKey":"Bdc8wpsp6xl+Miw5s4yjLMIbG4aimJAlx3ZJHdwqP8Ab","privKey":"4JzKl0GuRGT/b2pyvNHvxL/qzwWJ9ls9cI+sn4uwqXw="},"lastRemoteEphemeralKey":"BUGHpifTdvTbTz9wKP12e7wDmlybKqPkhydeDK8XjDsn","previousCounter":0,"rootKey":"toYAodd/LzMaBoBTXb6Oz4goBDUXRVi3UZ6Hi3ebrZY="},"indexInfo":{"baseKey":"BY6IesyIf2Vq2KgpbK4Dy2Yo/J2i8kQi4HCEPxQWpBd6","baseKeyType":1,"closed":1732509608969,"used":1732509593749,"created":1732509593749,"remoteIdentityKey":"BRNebmUv5W9WcZveP/MUu8yhSaobGRG8fgbN3ttQvAtZ"},"_chains":{"Bdc8wpsp6xl+Miw5s4yjLMIbG4aimJAlx3ZJHdwqP8Ab":{"chainKey":{"counter":-1,"key":"gW/eK0nH3ePvyBCHdUJZCHIg9uKorooanv5YO3WUDiw="},"chainType":1,"messageKeys":{}}},"pendingPreKey":{"signedKeyId":1,"baseKey":"BY6IesyIf2Vq2KgpbK4Dy2Yo/J2i8kQi4HCEPxQWpBd6","preKeyId":4959780}},"BW/zSnuEH81be7whUPk2uWe3JvgIoWns0+AILK+OoKdK":{"registrationId":303582109,"currentRatchet":{"ephemeralKeyPair":{"pubKey":"BSlPlIbcwDJ8Qhe4olJJ3GUpvXNHQcjrjMdfZlclI+kL","privKey":"0DeGBGyAu/62V/ZpzERq5ZeDjzDShji3aAjkB6H0GGk="},"lastRemoteEphemeralKey":"BUGHpifTdvTbTz9wKP12e7wDmlybKqPkhydeDK8XjDsn","previousCounter":0,"rootKey":"rYAto+ItXDNBiC1y0+et9umTAub7goPzS+FM2vicO04="},"indexInfo":{"baseKey":"BW/zSnuEH81be7whUPk2uWe3JvgIoWns0+AILK+OoKdK","baseKeyType":1,"closed":1732509610896,"used":1732509608967,"created":1732509608967,"remoteIdentityKey":"BRNebmUv5W9WcZveP/MUu8yhSaobGRG8fgbN3ttQvAtZ"},"_chains":{"BSlPlIbcwDJ8Qhe4olJJ3GUpvXNHQcjrjMdfZlclI+kL":{"chainKey":{"counter":-1,"key":"SSXybkOZj90AndVmHMtzmteRAD/85J4CRAcZXDy7Uo0="},"chainType":1,"messageKeys":{}}},"pendingPreKey":{"signedKeyId":1,"baseKey":"BW/zSnuEH81be7whUPk2uWe3JvgIoWns0+AILK+OoKdK","preKeyId":4959582}},"BfOTRx51A5fUv3PV18SA0VMXq6l4+GW+WAayNYW1CyUq":{"registrationId":303582109,"currentRatchet":{"ephemeralKeyPair":{"pubKey":"BbI+XJ6Tz1OZ6FVBxNAHxPp7J2ZVJ/Ulk5RF9gR1LsJR","privKey":"eE+rdPy/M2YGfTNKGdcJwfewWBElz32qFn5ymBKa8nc="},"lastRemoteEphemeralKey":"BUGHpifTdvTbTz9wKP12e7wDmlybKqPkhydeDK8XjDsn","previousCounter":0,"rootKey":"o6CJWQ4P9cQkh1nROTzRVteGOpeEoVUx78r9W4Nf+B4="},"indexInfo":{"baseKey":"BfOTRx51A5fUv3PV18SA0VMXq6l4+GW+WAayNYW1CyUq","baseKeyType":1,"closed":1732509612195,"used":1732509610894,"created":1732509610894,"remoteIdentityKey":"BRNebmUv5W9WcZveP/MUu8yhSaobGRG8fgbN3ttQvAtZ"},"_chains":{"BbI+XJ6Tz1OZ6FVBxNAHxPp7J2ZVJ/Ulk5RF9gR1LsJR":{"chainKey":{"counter":-1,"key":"dnIy6ZkcqH2tf2IEHzCFHONeT0UMdYZcuhAxLx5Gbco="},"chainType":1,"messageKeys":{}}},"pendingPreKey":{"signedKeyId":1,"baseKey":"BfOTRx51A5fUv3PV18SA0VMXq6l4+GW+WAayNYW1CyUq","preKeyId":4959349}},"BYga+UtjbuaoGcCz1xrkF4J33zOqY2JhSTRPVfWiKIY4":{"registrationId":303582109,"currentRatchet":{"ephemeralKeyPair":{"pubKey":"Bb9LEmvu4NHps8TAY2DczY5JHHsDb887ghXu/ryJQWJY","privKey":"aFznI8287Sywf8nwBZd0hYQFeVT3txHEw3rAzC/AcVA="},"lastRemoteEphemeralKey":"BUGHpifTdvTbTz9wKP12e7wDmlybKqPkhydeDK8XjDsn","previousCounter":0,"rootKey":"pFK1W3/Fs4vveWGlYULBKXWB7WlvtwHh/YPopnaP5Rw="},"indexInfo":{"baseKey":"BYga+UtjbuaoGcCz1xrkF4J33zOqY2JhSTRPVfWiKIY4","baseKeyType":1,"closed":1732509615301,"used":1732509612193,"created":1732509612193,"remoteIdentityKey":"BRNebmUv5W9WcZveP/MUu8yhSaobGRG8fgbN3ttQvAtZ"},"_chains":{"Bb9LEmvu4NHps8TAY2DczY5JHHsDb887ghXu/ryJQWJY":{"chainKey":{"counter":-1,"key":"LSOxWAFr9IgxT6CGbU1/x+7m8PbvZAyvbsnrOLEIUn8="},"chainType":1,"messageKeys":{}}},"pendingPreKey":{"signedKeyId":1,"baseKey":"BYga+UtjbuaoGcCz1xrkF4J33zOqY2JhSTRPVfWiKIY4","preKeyId":4959284}},"BTuFvhoQCzm83QA5FVFh3GV6BGy4PdXgkCounSHcz6ha":{"registrationId":303582109,"currentRatchet":{"ephemeralKeyPair":{"pubKey":"BZXRISVYZ7PnTXQPESrgxT7AUtM5mujHluqco9LDSL1T","privKey":"qLjDxpske5j2mjgdOV6/RSueDh/iFguuU6blCpBxplM="},"lastRemoteEphemeralKey":"BUGHpifTdvTbTz9wKP12e7wDmlybKqPkhydeDK8XjDsn","previousCounter":0,"rootKey":"Uxs6BmIS40+fMS8SJYO5wK37yLZ6OeqiDKd5oIWwKNU="},"indexInfo":{"baseKey":"BTuFvhoQCzm83QA5FVFh3GV6BGy4PdXgkCounSHcz6ha","baseKeyType":1,"closed":1732510352848,"used":1732509615298,"created":1732509615298,"remoteIdentityKey":"BRNebmUv5W9WcZveP/MUu8yhSaobGRG8fgbN3ttQvAtZ"},"_chains":{"BZXRISVYZ7PnTXQPESrgxT7AUtM5mujHluqco9LDSL1T":{"chainKey":{"counter":0,"key":"4cbD3I4g+KmqYPPTziPl6QlnTRaAg4CYhgzZ1RCwIRs="},"chainType":1,"messageKeys":{}}},"pendingPreKey":{"signedKeyId":1,"baseKey":"BTuFvhoQCzm83QA5FVFh3GV6BGy4PdXgkCounSHcz6ha","preKeyId":4959426}},"Bc1kQCKLwVXLJgRPcsgRG5s72Hs0hxLeHtjgiiSCz9cG":{"registrationId":303582109,"currentRatchet":{"ephemeralKeyPair":{"pubKey":"BU00yZz5uRaO0eU5/Fz6g3Bbw2qZtfa69xOF9xUIxyFm","privKey":"iH4UZSR0oMsR8mFnfmXW5qkuVpf+7ns2kiuFAEMKg2U="},"lastRemoteEphemeralKey":"BUGHpifTdvTbTz9wKP12e7wDmlybKqPkhydeDK8XjDsn","previousCounter":0,"rootKey":"w+BL5yH7ffTYugRUkNpy27XlZZf5G6GcbOlbcgzVyto="},"indexInfo":{"baseKey":"Bc1kQCKLwVXLJgRPcsgRG5s72Hs0hxLeHtjgiiSCz9cG","baseKeyType":1,"closed":1732510353146,"used":1732510352846,"created":1732510352846,"remoteIdentityKey":"BRNebmUv5W9WcZveP/MUu8yhSaobGRG8fgbN3ttQvAtZ"},"_chains":{"BU00yZz5uRaO0eU5/Fz6g3Bbw2qZtfa69xOF9xUIxyFm":{"chainKey":{"counter":-1,"key":"7vvUP0zNC2t2k+o3y4AdUe+VAM9Qi6yv0XrleENGo4Q="},"chainType":1,"messageKeys":{}}},"pendingPreKey":{"signedKeyId":1,"baseKey":"Bc1kQCKLwVXLJgRPcsgRG5s72Hs0hxLeHtjgiiSCz9cG","preKeyId":4959528}},"BfI4LPzmj4Kn/fJ3pgt71JPaoWKGaRNBTJZx4mL/H7BU":{"registrationId":303582109,"currentRatchet":{"ephemeralKeyPair":{"pubKey":"BS6lhIMYU7EPTXAIuHSTaI9ayvO3gWQhcSmiZPoszdN+","privKey":"UIAUgG+vkI0Xec9ueBxZC10JwcjoA8LDBFwXLDYNDWU="},"lastRemoteEphemeralKey":"BUGHpifTdvTbTz9wKP12e7wDmlybKqPkhydeDK8XjDsn","previousCounter":0,"rootKey":"YoWyZ++91nYunjYQCsZKAOY12I0z77Ou6dppuHU1MZ0="},"indexInfo":{"baseKey":"BfI4LPzmj4Kn/fJ3pgt71JPaoWKGaRNBTJZx4mL/H7BU","baseKeyType":1,"closed":1732510355976,"used":1732510353143,"created":1732510353143,"remoteIdentityKey":"BRNebmUv5W9WcZveP/MUu8yhSaobGRG8fgbN3ttQvAtZ"},"_chains":{"BS6lhIMYU7EPTXAIuHSTaI9ayvO3gWQhcSmiZPoszdN+":{"chainKey":{"counter":-1,"key":"x0CF6atOZb2pawoHz6fmhBg4UICDJhBwp/haoxCei1I="},"chainType":1,"messageKeys":{}}},"pendingPreKey":{"signedKeyId":1,"baseKey":"BfI4LPzmj4Kn/fJ3pgt71JPaoWKGaRNBTJZx4mL/H7BU","preKeyId":4959299}},"BeCTGXTZ/FLol7/taCdHeQZQLA2VYvdG5SIHNmsyeSpj":{"registrationId":303582109,"currentRatchet":{"ephemeralKeyPair":{"pubKey":"BWodj2y8BUufs7SSClg5mUiu0MM+0115B5EF0D0pHdRw","privKey":"gI13qkWHhHUuxq+FirHHprJNHCDHGKjvOxu9X9A7ZGA="},"lastRemoteEphemeralKey":"BUGHpifTdvTbTz9wKP12e7wDmlybKqPkhydeDK8XjDsn","previousCounter":0,"rootKey":"EqkElSnfqqj1cYsk66g8ySofwt6I3xlwW9rfGMKI1A0="},"indexInfo":{"baseKey":"BeCTGXTZ/FLol7/taCdHeQZQLA2VYvdG5SIHNmsyeSpj","baseKeyType":1,"closed":1732510404818,"used":1732510355974,"created":1732510355974,"remoteIdentityKey":"BRNebmUv5W9WcZveP/MUu8yhSaobGRG8fgbN3ttQvAtZ"},"_chains":{"BWodj2y8BUufs7SSClg5mUiu0MM+0115B5EF0D0pHdRw":{"chainKey":{"counter":-1,"key":"BZjKC/XI84P4pLuFkRquJgx6mEq3zMetf/5Al7prny4="},"chainType":1,"messageKeys":{}}},"pendingPreKey":{"signedKeyId":1,"baseKey":"BeCTGXTZ/FLol7/taCdHeQZQLA2VYvdG5SIHNmsyeSpj","preKeyId":4959335}},"BSMKG1Pbo5H3/sDbVSpusC2Gr/7p4FyC/8uK1sj3KGFh":{"registrationId":303582109,"currentRatchet":{"ephemeralKeyPair":{"pubKey":"BapXpoT/MuM0klBJ+H59fcimtQkDtQAqUqEEPUDnz5ZU","privKey":"CMFZB+E0Im7z1w0pDNOLPj35J4N26aEi0LNxbGguOmc="},"lastRemoteEphemeralKey":"BUGHpifTdvTbTz9wKP12e7wDmlybKqPkhydeDK8XjDsn","previousCounter":0,"rootKey":"OHhl3Q7R9Ub40xe0vl3BnbXVk8B3fjihYW4kuReUUJk="},"indexInfo":{"baseKey":"BSMKG1Pbo5H3/sDbVSpusC2Gr/7p4FyC/8uK1sj3KGFh","baseKeyType":1,"closed":1732510407498,"used":1732510404816,"created":1732510404816,"remoteIdentityKey":"BRNebmUv5W9WcZveP/MUu8yhSaobGRG8fgbN3ttQvAtZ"},"_chains":{"BapXpoT/MuM0klBJ+H59fcimtQkDtQAqUqEEPUDnz5ZU":{"chainKey":{"counter":-1,"key":"HSNW0o4QeGGS/tU1WbT0SokxghUF4vAgi3qMbMU2eu0="},"chainType":1,"messageKeys":{}}},"pendingPreKey":{"signedKeyId":1,"baseKey":"BSMKG1Pbo5H3/sDbVSpusC2Gr/7p4FyC/8uK1sj3KGFh","preKeyId":4959411}},"BS9fPxLzKtKoINK//dJzzIwSlc/Z/vN8WB3GSV9XzHZ7":{"registrationId":303582109,"currentRatchet":{"ephemeralKeyPair":{"pubKey":"BfiCFlvzfHH+hwceI2Xi7eu2ryRI7bUVG0GB3NCvhBVp","privKey":"CCeSqGJineGaYyTfAxbmZTml0O2a7IDXB52kp+xrkU4="},"lastRemoteEphemeralKey":"BUGHpifTdvTbTz9wKP12e7wDmlybKqPkhydeDK8XjDsn","previousCounter":0,"rootKey":"CUxpu8TC97l/LHNTcugz3+t2pFubVN2Q/qEOAVWuqy0="},"indexInfo":{"baseKey":"BS9fPxLzKtKoINK//dJzzIwSlc/Z/vN8WB3GSV9XzHZ7","baseKeyType":1,"closed":1732510425389,"used":1732510407496,"created":1732510407496,"remoteIdentityKey":"BRNebmUv5W9WcZveP/MUu8yhSaobGRG8fgbN3ttQvAtZ"},"_chains":{"BfiCFlvzfHH+hwceI2Xi7eu2ryRI7bUVG0GB3NCvhBVp":{"chainKey":{"counter":-1,"key":"konLk2pQCowYOYWYjbizXcj50hRjcVnABYh69savxuc="},"chainType":1,"messageKeys":{}}},"pendingPreKey":{"signedKeyId":1,"baseKey":"BS9fPxLzKtKoINK//dJzzIwSlc/Z/vN8WB3GSV9XzHZ7","preKeyId":4959410}},"BVht/L/sbIzmS3IcNnculaqprzdcpip1HjYYSOT547cj":{"registrationId":303582109,"currentRatchet":{"ephemeralKeyPair":{"pubKey":"Bb9VSZQoQL6F/Kq5aTU9TdO3kpym+wzEHbE1+G0v90x/","privKey":"GAzfVIiSMxcnZGrz0lS2ar443XyGIUag0Du+LcPDZFE="},"lastRemoteEphemeralKey":"BUGHpifTdvTbTz9wKP12e7wDmlybKqPkhydeDK8XjDsn","previousCounter":0,"rootKey":"LfEDxfy+WUzCCBLhehqyBJb8pCjZBnivRvRc7CiNLwc="},"indexInfo":{"baseKey":"BVht/L/sbIzmS3IcNnculaqprzdcpip1HjYYSOT547cj","baseKeyType":1,"closed":1732510452034,"used":1732510425387,"created":1732510425387,"remoteIdentityKey":"BRNebmUv5W9WcZveP/MUu8yhSaobGRG8fgbN3ttQvAtZ"},"_chains":{"Bb9VSZQoQL6F/Kq5aTU9TdO3kpym+wzEHbE1+G0v90x/":{"chainKey":{"counter":-1,"key":"D+8+lEAdWYo7W4WU18MEX1I3FarB8YoOcorcXtPP2TQ="},"chainType":1,"messageKeys":{}}},"pendingPreKey":{"signedKeyId":1,"baseKey":"BVht/L/sbIzmS3IcNnculaqprzdcpip1HjYYSOT547cj","preKeyId":4959537}},"Ba1G0iD3KbAU/rF19ckhYrgaF3Co5BtAwBHFYR0AOZQ8":{"registrationId":303582109,"currentRatchet":{"ephemeralKeyPair":{"pubKey":"BYROQMsidEutrezZ/cFA+JEAviRAOKvtum6C60JsX2YZ","privKey":"aERqYyDr3YXskB1vC8VrB5S2SjZfJywEFijQu1PTwXk="},"lastRemoteEphemeralKey":"BUGHpifTdvTbTz9wKP12e7wDmlybKqPkhydeDK8XjDsn","previousCounter":0,"rootKey":"qCWQ24NwPiAhdApX8kv5Aw2rxhjBlIgNQqgcv4ci2zk="},"indexInfo":{"baseKey":"Ba1G0iD3KbAU/rF19ckhYrgaF3Co5BtAwBHFYR0AOZQ8","baseKeyType":1,"closed":1732510453688,"used":1732510452031,"created":1732510452031,"remoteIdentityKey":"BRNebmUv5W9WcZveP/MUu8yhSaobGRG8fgbN3ttQvAtZ"},"_chains":{"BYROQMsidEutrezZ/cFA+JEAviRAOKvtum6C60JsX2YZ":{"chainKey":{"counter":-1,"key":"qveWeYwYmJY+Dc2qyD8UxwCT4Hnr/ayIdO0KI0GZ1dU="},"chainType":1,"messageKeys":{}}},"pendingPreKey":{"signedKeyId":1,"baseKey":"Ba1G0iD3KbAU/rF19ckhYrgaF3Co5BtAwBHFYR0AOZQ8","preKeyId":4959450}},"BTSb5LcKZd9Cue0l0Sua0Ag7muX7veQvZefxPgG/iJ5X":{"registrationId":303582109,"currentRatchet":{"ephemeralKeyPair":{"pubKey":"BTRxujsjpOxU6miK1LMZbG+3GL9MdiwtbAlPMKeD6gQB","privKey":"YIoNohFRsHQDQ/X8g98cOoLmfCRPtq2nhEhk7iwCG2c="},"lastRemoteEphemeralKey":"BUGHpifTdvTbTz9wKP12e7wDmlybKqPkhydeDK8XjDsn","previousCounter":0,"rootKey":"l6UXtoNuSEG5stM1McH/9OCPPBy/zCNuUe7xhfSlg7g="},"indexInfo":{"baseKey":"BTSb5LcKZd9Cue0l0Sua0Ag7muX7veQvZefxPgG/iJ5X","baseKeyType":1,"closed":1732510455638,"used":1732510453686,"created":1732510453686,"remoteIdentityKey":"BRNebmUv5W9WcZveP/MUu8yhSaobGRG8fgbN3ttQvAtZ"},"_chains":{"BTRxujsjpOxU6miK1LMZbG+3GL9MdiwtbAlPMKeD6gQB":{"chainKey":{"counter":-1,"key":"OE4RyzFsr9cz9Z7Z2TEJs7MC3aCNFXdMYRPxUgchst0="},"chainType":1,"messageKeys":{}}},"pendingPreKey":{"signedKeyId":1,"baseKey":"BTSb5LcKZd9Cue0l0Sua0Ag7muX7veQvZefxPgG/iJ5X","preKeyId":4959415}},"BUwkZ7VjAhD7lQzTlz/64yj2py71e44aDkv0yOzgPLkY":{"registrationId":303582109,"currentRatchet":{"ephemeralKeyPair":{"pubKey":"BWGYNXsCoUn9/xT7PsG34zeXC39QyTYCRqKBViEU9z9u","privKey":"+Pf1DGUGmyfK0gqd0ZBZQHDy5EVsEd6ljDWQrhzd6m0="},"lastRemoteEphemeralKey":"BUGHpifTdvTbTz9wKP12e7wDmlybKqPkhydeDK8XjDsn","previousCounter":0,"rootKey":"TiBUDno2DR+lNdMYWBX9/ZAfz8YEUslhSjTcVqrbMUE="},"indexInfo":{"baseKey":"BUwkZ7VjAhD7lQzTlz/64yj2py71e44aDkv0yOzgPLkY","baseKeyType":1,"closed":1732510457567,"used":1732510455636,"created":1732510455636,"remoteIdentityKey":"BRNebmUv5W9WcZveP/MUu8yhSaobGRG8fgbN3ttQvAtZ"},"_chains":{"BWGYNXsCoUn9/xT7PsG34zeXC39QyTYCRqKBViEU9z9u":{"chainKey":{"counter":-1,"key":"SQ4ilkGTNbE6XrxbSCVbh+g5u5pNR4VO1aUcDlWmn/I="},"chainType":1,"messageKeys":{}}},"pendingPreKey":{"signedKeyId":1,"baseKey":"BUwkZ7VjAhD7lQzTlz/64yj2py71e44aDkv0yOzgPLkY","preKeyId":4959651}},"Bbj7zqsxVoi02ETQTUtypJceauEOXoIuP5y7/ix/5Yol":{"registrationId":303582109,"currentRatchet":{"ephemeralKeyPair":{"pubKey":"BeRsGv29jFp9wYvvOMlCUb17HVLVQ8JvRNUkGYjJg2sI","privKey":"kB/fmcLF/cpJAY3vj4eU7mX9BT5AbRCav4j5uZnRbnw="},"lastRemoteEphemeralKey":"BUGHpifTdvTbTz9wKP12e7wDmlybKqPkhydeDK8XjDsn","previousCounter":0,"rootKey":"hcS7/IZSRDI7JjZLTrUUb5kfpTUcsKPDVPI++aUJUy8="},"indexInfo":{"baseKey":"Bbj7zqsxVoi02ETQTUtypJceauEOXoIuP5y7/ix/5Yol","baseKeyType":1,"closed":1732510459708,"used":1732510457564,"created":1732510457564,"remoteIdentityKey":"BRNebmUv5W9WcZveP/MUu8yhSaobGRG8fgbN3ttQvAtZ"},"_chains":{"BeRsGv29jFp9wYvvOMlCUb17HVLVQ8JvRNUkGYjJg2sI":{"chainKey":{"counter":-1,"key":"mtaxvUzItmDp6yQiPueh9+ImE/sZs/F1KcejBn33nEE="},"chainType":1,"messageKeys":{}}},"pendingPreKey":{"signedKeyId":1,"baseKey":"Bbj7zqsxVoi02ETQTUtypJceauEOXoIuP5y7/ix/5Yol","preKeyId":4959487}},"BYPuL1Ke4LeuB4VprSV2kH26rZDFsf6NDi33AFQjdfJr":{"registrationId":303582109,"currentRatchet":{"ephemeralKeyPair":{"pubKey":"BT8N0qMNNwE6bifcBoVWWqCvRYnoMv3mCuG0zWlnmhtj","privKey":"0GIo7G1cHWD5hFV+ireuQB3rqL7ua/qh+qjgA657fls="},"lastRemoteEphemeralKey":"BUGHpifTdvTbTz9wKP12e7wDmlybKqPkhydeDK8XjDsn","previousCounter":0,"rootKey":"7uL5EtZc0FZgsDmmlng5uk+klSu0VOE3QZfzMYf/Ap4="},"indexInfo":{"baseKey":"BYPuL1Ke4LeuB4VprSV2kH26rZDFsf6NDi33AFQjdfJr","baseKeyType":1,"closed":1732510461729,"used":1732510459706,"created":1732510459706,"remoteIdentityKey":"BRNebmUv5W9WcZveP/MUu8yhSaobGRG8fgbN3ttQvAtZ"},"_chains":{"BT8N0qMNNwE6bifcBoVWWqCvRYnoMv3mCuG0zWlnmhtj":{"chainKey":{"counter":-1,"key":"njsWKMf67VICEWmf3SHHrOCjcp6BbdUBAxIpQDUqvL4="},"chainType":1,"messageKeys":{}}},"pendingPreKey":{"signedKeyId":1,"baseKey":"BYPuL1Ke4LeuB4VprSV2kH26rZDFsf6NDi33AFQjdfJr","preKeyId":4959331}},"BUijeDtiffjyi8APftzhh1aJBZaL8t8REuSyT3WPD7Y4":{"registrationId":303582109,"currentRatchet":{"ephemeralKeyPair":{"pubKey":"BZK/PZ3dVxtjwFUPRGkKMSifBlKvQlS1N/KU//QIY4h0","privKey":"0BXHP6DT6Q2u+FhasQaJXHqyTqZSH5djga+WNo2oNlg="},"lastRemoteEphemeralKey":"BUGHpifTdvTbTz9wKP12e7wDmlybKqPkhydeDK8XjDsn","previousCounter":0,"rootKey":"tnq3j0Ca+mvlnR3dTZmJ7ykZbDbzJWNXjxeMrgbgTp4="},"indexInfo":{"baseKey":"BUijeDtiffjyi8APftzhh1aJBZaL8t8REuSyT3WPD7Y4","baseKeyType":1,"closed":1732510463440,"used":1732510461725,"created":1732510461725,"remoteIdentityKey":"BRNebmUv5W9WcZveP/MUu8yhSaobGRG8fgbN3ttQvAtZ"},"_chains":{"BZK/PZ3dVxtjwFUPRGkKMSifBlKvQlS1N/KU//QIY4h0":{"chainKey":{"counter":-1,"key":"3cAFZCBscTSoaSyCCmy50NgAgfZnQ0W6ncFXiVxFkT8="},"chainType":1,"messageKeys":{}}},"pendingPreKey":{"signedKeyId":1,"baseKey":"BUijeDtiffjyi8APftzhh1aJBZaL8t8REuSyT3WPD7Y4","preKeyId":4959389}},"BYm4yUXZ6Hp3ARID/EyWJ2rM9PtHP2MAjaBiFVvPun8r":{"registrationId":303582109,"currentRatchet":{"ephemeralKeyPair":{"pubKey":"BUI6NcM+K93im4fHKhU7FRpaXgtyP+GPyPZ1JSfDBMgv","privKey":"AKpQoZuH19goG8rPXdzUw0kHeSTaGt1o4VC5EAexl0E="},"lastRemoteEphemeralKey":"BUGHpifTdvTbTz9wKP12e7wDmlybKqPkhydeDK8XjDsn","previousCounter":0,"rootKey":"WhWsYfGUmutnY0gFEYwAQIhdredd8mGLQjVq116ip6Q="},"indexInfo":{"baseKey":"BYm4yUXZ6Hp3ARID/EyWJ2rM9PtHP2MAjaBiFVvPun8r","baseKeyType":1,"closed":1732510466287,"used":1732510463438,"created":1732510463438,"remoteIdentityKey":"BRNebmUv5W9WcZveP/MUu8yhSaobGRG8fgbN3ttQvAtZ"},"_chains":{"BUI6NcM+K93im4fHKhU7FRpaXgtyP+GPyPZ1JSfDBMgv":{"chainKey":{"counter":-1,"key":"G8OtjJzbfKXM/wVZZLgIu4PUN60u6vQ8TOtnWL+EShI="},"chainType":1,"messageKeys":{}}},"pendingPreKey":{"signedKeyId":1,"baseKey":"BYm4yUXZ6Hp3ARID/EyWJ2rM9PtHP2MAjaBiFVvPun8r","preKeyId":4959532}},"BWi6UHS3uucQ/yr2zwV15EVSLapekx1ePgdHy8UBWIFa":{"registrationId":303582109,"currentRatchet":{"ephemeralKeyPair":{"pubKey":"BVsIDlfpL4ALtph5vzp62J1UITa1GzvMb6rJPIm8NSpy","privKey":"eLafcUz7mNvBTMiIf3hrT1uWZ7EIanrWZBDjOsXiG2s="},"lastRemoteEphemeralKey":"BUGHpifTdvTbTz9wKP12e7wDmlybKqPkhydeDK8XjDsn","previousCounter":0,"rootKey":"dwPLB62Au+iCxGbIbFPRrc+RNlV69dDQ3LVAzuHo+OU="},"indexInfo":{"baseKey":"BWi6UHS3uucQ/yr2zwV15EVSLapekx1ePgdHy8UBWIFa","baseKeyType":1,"closed":1732510468198,"used":1732510466284,"created":1732510466284,"remoteIdentityKey":"BRNebmUv5W9WcZveP/MUu8yhSaobGRG8fgbN3ttQvAtZ"},"_chains":{"BVsIDlfpL4ALtph5vzp62J1UITa1GzvMb6rJPIm8NSpy":{"chainKey":{"counter":-1,"key":"aBKttH6M+VWrc4XnlaZ6z4bl5cz7THqR7GU2y8RwmGc="},"chainType":1,"messageKeys":{}}},"pendingPreKey":{"signedKeyId":1,"baseKey":"BWi6UHS3uucQ/yr2zwV15EVSLapekx1ePgdHy8UBWIFa","preKeyId":4959585}},"BbzOvH0rGh5Ripid2UKB4elq+UND0b6xiicfFgrkeeJI":{"registrationId":303582109,"currentRatchet":{"ephemeralKeyPair":{"pubKey":"BVCUC6tLFCeFBi3QSujqxVXtscEPBOOveZKqQcdu+up0","privKey":"uGh9vkyf6GEq7gbERhIFmnGJNjwYRBX6Mn4gjkPon1Y="},"lastRemoteEphemeralKey":"BUGHpifTdvTbTz9wKP12e7wDmlybKqPkhydeDK8XjDsn","previousCounter":0,"rootKey":"FCtnaa38swxME/w4cBEa5ATWsdMYHNqq5LeYok9DE8Y="},"indexInfo":{"baseKey":"BbzOvH0rGh5Ripid2UKB4elq+UND0b6xiicfFgrkeeJI","baseKeyType":1,"closed":1732510469115,"used":1732510468196,"created":1732510468196,"remoteIdentityKey":"BRNebmUv5W9WcZveP/MUu8yhSaobGRG8fgbN3ttQvAtZ"},"_chains":{"BVCUC6tLFCeFBi3QSujqxVXtscEPBOOveZKqQcdu+up0":{"chainKey":{"counter":-1,"key":"atR1dChmAOTSQda9GICYHwfvlSw8q3v8rCql7rLrSrc="},"chainType":1,"messageKeys":{}}},"pendingPreKey":{"signedKeyId":1,"baseKey":"BbzOvH0rGh5Ripid2UKB4elq+UND0b6xiicfFgrkeeJI","preKeyId":4959562}},"Bfh3WX0boG52R7zCIpS36Q2bUTmqt7fFKLmvLie71jgx":{"registrationId":303582109,"currentRatchet":{"ephemeralKeyPair":{"pubKey":"BZaMpS8aJFv3objlwiVXdK/BInYsSANN4nqUg8hx6FYR","privKey":"eHS2+EtZXmwIeN0pT+uVtqGWDqik9j1O4txKwof4sm8="},"lastRemoteEphemeralKey":"BUGHpifTdvTbTz9wKP12e7wDmlybKqPkhydeDK8XjDsn","previousCounter":0,"rootKey":"CgPV55uo1kIxhgokQXI8mY1K49unQsGICZk9BziGLSs="},"indexInfo":{"baseKey":"Bfh3WX0boG52R7zCIpS36Q2bUTmqt7fFKLmvLie71jgx","baseKeyType":1,"closed":1732511664178,"used":1732510469112,"created":1732510469112,"remoteIdentityKey":"BRNebmUv5W9WcZveP/MUu8yhSaobGRG8fgbN3ttQvAtZ"},"_chains":{"BZaMpS8aJFv3objlwiVXdK/BInYsSANN4nqUg8hx6FYR":{"chainKey":{"counter":3,"key":"211oHM1C3/CjPWqBiFG7QqP8lONoau8rEROH3tHdY+U="},"chainType":1,"messageKeys":{}}},"pendingPreKey":{"signedKeyId":1,"baseKey":"Bfh3WX0boG52R7zCIpS36Q2bUTmqt7fFKLmvLie71jgx","preKeyId":4959628}},"BU3HIZ5+CjxFUyAoM4G2CkVFOuvy93cQ56yXmdo17qN5":{"registrationId":303582109,"currentRatchet":{"ephemeralKeyPair":{"pubKey":"BSAMNxJ0gyWRDnj5xP/X0hWnO99Z6KdGJXVusmdp2d5s","privKey":"qBy/ZCXssdS9ChU8cXDJS2Su7Zk6IsHGbVcrldP4HUs="},"lastRemoteEphemeralKey":"BUGHpifTdvTbTz9wKP12e7wDmlybKqPkhydeDK8XjDsn","previousCounter":0,"rootKey":"dyRnHD3FPZGEhCT/pzLt0Y5TWrgLAmoofo7WJvJEuFg="},"indexInfo":{"baseKey":"BU3HIZ5+CjxFUyAoM4G2CkVFOuvy93cQ56yXmdo17qN5","baseKeyType":1,"closed":1732511664500,"used":1732511664175,"created":1732511664175,"remoteIdentityKey":"BRNebmUv5W9WcZveP/MUu8yhSaobGRG8fgbN3ttQvAtZ"},"_chains":{"BSAMNxJ0gyWRDnj5xP/X0hWnO99Z6KdGJXVusmdp2d5s":{"chainKey":{"counter":-1,"key":"2zFjr0zAL0PaNgfda8d90BcPTqpUv39wRJs/7xx4xVU="},"chainType":1,"messageKeys":{}}},"pendingPreKey":{"signedKeyId":1,"baseKey":"BU3HIZ5+CjxFUyAoM4G2CkVFOuvy93cQ56yXmdo17qN5","preKeyId":4959463}},"BbF4gjEZeFZr08i+OYOIdhdNvC8w1mqk2dqPazYJIhNs":{"registrationId":303582109,"currentRatchet":{"ephemeralKeyPair":{"pubKey":"BZrDCOn7YF1X2YXFs7V+7z39qQju1qavyimrX5OqZLcP","privKey":"uM9F1E5jbq01/jxTvZYR56rrOBmJay5w2PSf3CjkKVQ="},"lastRemoteEphemeralKey":"BUGHpifTdvTbTz9wKP12e7wDmlybKqPkhydeDK8XjDsn","previousCounter":0,"rootKey":"fozG7GPyW+/SPAHOv2xKq7h6Q9U60YypWO4HM4HulIE="},"indexInfo":{"baseKey":"BbF4gjEZeFZr08i+OYOIdhdNvC8w1mqk2dqPazYJIhNs","baseKeyType":1,"closed":1732511667916,"used":1732511664497,"created":1732511664497,"remoteIdentityKey":"BRNebmUv5W9WcZveP/MUu8yhSaobGRG8fgbN3ttQvAtZ"},"_chains":{"BZrDCOn7YF1X2YXFs7V+7z39qQju1qavyimrX5OqZLcP":{"chainKey":{"counter":-1,"key":"CoH2Xbqp7q86vItljb+YpHfcY6WQpDg+EM/tGOQf734="},"chainType":1,"messageKeys":{}}},"pendingPreKey":{"signedKeyId":1,"baseKey":"BbF4gjEZeFZr08i+OYOIdhdNvC8w1mqk2dqPazYJIhNs","preKeyId":4959076}},"BU5UlQWrMTpD4HnQJtnFW2XqCC3yEhHClZjPULjEj1M8":{"registrationId":303582109,"currentRatchet":{"ephemeralKeyPair":{"pubKey":"BUFaeZtnyRXTpdSgBV7+kyIK5FMTvAs4pts1o7UKCKd5","privKey":"mFzUtZNP2P0qXs+ODX6VeUyniJl+3IlMdwOTtvX0GGI="},"lastRemoteEphemeralKey":"BUGHpifTdvTbTz9wKP12e7wDmlybKqPkhydeDK8XjDsn","previousCounter":0,"rootKey":"KoB/3S0s2EULZvKoitNBTCDz+F8aqxc7NfZzwHWHDBs="},"indexInfo":{"baseKey":"BU5UlQWrMTpD4HnQJtnFW2XqCC3yEhHClZjPULjEj1M8","baseKeyType":1,"closed":1732511678354,"used":1732511667913,"created":1732511667913,"remoteIdentityKey":"BRNebmUv5W9WcZveP/MUu8yhSaobGRG8fgbN3ttQvAtZ"},"_chains":{"BUFaeZtnyRXTpdSgBV7+kyIK5FMTvAs4pts1o7UKCKd5":{"chainKey":{"counter":-1,"key":"rApA9tV/YlOTlLZS5vnc7Fnfzfncc8jfKuG++7KKhl0="},"chainType":1,"messageKeys":{}}},"pendingPreKey":{"signedKeyId":1,"baseKey":"BU5UlQWrMTpD4HnQJtnFW2XqCC3yEhHClZjPULjEj1M8","preKeyId":4959569}},"Bd9p7c4QF4FIotCW3EYEUS6Ve2ovH9rFKZqJ4xjh8Nw9":{"registrationId":303582109,"currentRatchet":{"ephemeralKeyPair":{"pubKey":"BfTYBaLjXzY9QTsKOQQKZ1AE+JKovopN3EbInDXYeRp4","privKey":"EAH2rHutIoRs1MTsEJtvvM+DeQ+Q1TSvxx2UdkqjDEw="},"lastRemoteEphemeralKey":"BUGHpifTdvTbTz9wKP12e7wDmlybKqPkhydeDK8XjDsn","previousCounter":0,"rootKey":"hx7dhmm8mQqQIatar/eWzUnCOjR54qHP6QL7c25dr00="},"indexInfo":{"baseKey":"Bd9p7c4QF4FIotCW3EYEUS6Ve2ovH9rFKZqJ4xjh8Nw9","baseKeyType":1,"closed":1732511682723,"used":1732511678351,"created":1732511678351,"remoteIdentityKey":"BRNebmUv5W9WcZveP/MUu8yhSaobGRG8fgbN3ttQvAtZ"},"_chains":{"BfTYBaLjXzY9QTsKOQQKZ1AE+JKovopN3EbInDXYeRp4":{"chainKey":{"counter":-1,"key":"rYWzUg9UBpHEZDtDDx6UpsQ3UanTqrNvywnkj/4hFK0="},"chainType":1,"messageKeys":{}}},"pendingPreKey":{"signedKeyId":1,"baseKey":"Bd9p7c4QF4FIotCW3EYEUS6Ve2ovH9rFKZqJ4xjh8Nw9","preKeyId":4959570}},"BVbFCQZMi8nwNKlZhcdFysP+4iQpz+ttZe7Mk+N6e6Yv":{"registrationId":303582109,"currentRatchet":{"ephemeralKeyPair":{"pubKey":"BVTsOrxBpuKX8FChOtujv6bOR6IFARWRSOiFekdbgQIO","privKey":"MMDUp2o8zX6HXm97iDJsS95/dAYPdoRUbwrrEeNfjm0="},"lastRemoteEphemeralKey":"BUGHpifTdvTbTz9wKP12e7wDmlybKqPkhydeDK8XjDsn","previousCounter":0,"rootKey":"uPmeA2IEPuukYS6O0VhvQaFvzj2/dXSTOZK0AyDMqAI="},"indexInfo":{"baseKey":"BVbFCQZMi8nwNKlZhcdFysP+4iQpz+ttZe7Mk+N6e6Yv","baseKeyType":1,"closed":1732511703881,"used":1732511682721,"created":1732511682721,"remoteIdentityKey":"BRNebmUv5W9WcZveP/MUu8yhSaobGRG8fgbN3ttQvAtZ"},"_chains":{"BVTsOrxBpuKX8FChOtujv6bOR6IFARWRSOiFekdbgQIO":{"chainKey":{"counter":-1,"key":"K976qyIAWKuZAecMDW6xF4lsbQyV2kTILLJGf/2vEbw="},"chainType":1,"messageKeys":{}}},"pendingPreKey":{"signedKeyId":1,"baseKey":"BVbFCQZMi8nwNKlZhcdFysP+4iQpz+ttZe7Mk+N6e6Yv","preKeyId":4959447}},"BTOikQVqu+UrmkHuT4rH42IOb4t8gIjn0rS8ByFJRA41":{"registrationId":303582109,"currentRatchet":{"ephemeralKeyPair":{"pubKey":"BcgL4o0+9F06FSa9Zt/sOB42N2gTyoYLWQMGGw6THGR6","privKey":"yC+m+UuY2GMoWVsrEzLWlzOKmHaAJ0EJIPw9ZkcVXXA="},"lastRemoteEphemeralKey":"BUGHpifTdvTbTz9wKP12e7wDmlybKqPkhydeDK8XjDsn","previousCounter":0,"rootKey":"HDlp7pkD8r9dJQsscZ7VdPAFTfEogDiDcQeZmT/Ga9A="},"indexInfo":{"baseKey":"BTOikQVqu+UrmkHuT4rH42IOb4t8gIjn0rS8ByFJRA41","baseKeyType":1,"closed":1732511722810,"used":1732511703878,"created":1732511703878,"remoteIdentityKey":"BRNebmUv5W9WcZveP/MUu8yhSaobGRG8fgbN3ttQvAtZ"},"_chains":{"BcgL4o0+9F06FSa9Zt/sOB42N2gTyoYLWQMGGw6THGR6":{"chainKey":{"counter":-1,"key":"Ck7RBMItzNdhplRv4Bs9Pbfo/GoQ6InE+pfoUXQCUnY="},"chainType":1,"messageKeys":{}}},"pendingPreKey":{"signedKeyId":1,"baseKey":"BTOikQVqu+UrmkHuT4rH42IOb4t8gIjn0rS8ByFJRA41","preKeyId":4959715}},"BRL2xYA6Hf9s6UDHDTV9If677OJdVuDZqpjW9GVMVTdS":{"registrationId":303582109,"currentRatchet":{"ephemeralKeyPair":{"pubKey":"BZ9gaqQ3Qs9bHIEDQnl8oe7142uaStLO2JDIhLOKbrxK","privKey":"gJc74iHuQ7xTmNujRVGtRgYRlBE0xPY9uypuqnbD3Gw="},"lastRemoteEphemeralKey":"BUGHpifTdvTbTz9wKP12e7wDmlybKqPkhydeDK8XjDsn","previousCounter":0,"rootKey":"FYlYqKZ9QO+KmKHDsMra6kq74FkJXUGl0qLaAAlA3y8="},"indexInfo":{"baseKey":"BRL2xYA6Hf9s6UDHDTV9If677OJdVuDZqpjW9GVMVTdS","baseKeyType":1,"closed":-1,"used":1732511722807,"created":1732511722807,"remoteIdentityKey":"BRNebmUv5W9WcZveP/MUu8yhSaobGRG8fgbN3ttQvAtZ"},"_chains":{"BZ9gaqQ3Qs9bHIEDQnl8oe7142uaStLO2JDIhLOKbrxK":{"chainKey":{"counter":177,"key":"D04TdhXUW3W/mVRuxZJmi8NMaeifnNkQ34HEG0yy5YI="},"chainType":1,"messageKeys":{}}},"pendingPreKey":{"signedKeyId":1,"baseKey":"BRL2xYA6Hf9s6UDHDTV9If677OJdVuDZqpjW9GVMVTdS","preKeyId":4959661}}},"version":"v1"}