{"_sessions":{"BaXmE8q9vMotfA3sT8gDd8dLcnFBsdg1uVRRvT1oXPMS":{"registrationId":1557894026,"currentRatchet":{"ephemeralKeyPair":{"pubKey":"BSulrJFT5bbO0vJXxIoBsUf3g5Vvx4+4UfpYb9b1u4t/","privKey":"QCZ7jtoYBeZ9bxtqWj4TS3wd53/zGjSMD8w7WB1OYH0="},"lastRemoteEphemeralKey":"BR4x5PIKc22VYXNBoQe+NF6f/kRjNuPLT75mQG4zV7UT","previousCounter":0,"rootKey":"Wbw/s/aSttklEedS/JdnbH9A4hh1OAcOPIo8zJIoMZI="},"indexInfo":{"baseKey":"BaXmE8q9vMotfA3sT8gDd8dLcnFBsdg1uVRRvT1oXPMS","baseKeyType":1,"closed":1732505406350,"used":1732505403860,"created":1732505403860,"remoteIdentityKey":"BWZXU6PKgv1Nz843REd2RD/p8k2mtSQ/IeYLxYQBeyJU"},"_chains":{"BSulrJFT5bbO0vJXxIoBsUf3g5Vvx4+4UfpYb9b1u4t/":{"chainKey":{"counter":0,"key":"zy+KVIg94F5Mlp/drQezS2Q+cJ91+xZ9NGUsjHeFsDw="},"chainType":1,"messageKeys":{}}},"pendingPreKey":{"signedKeyId":0,"baseKey":"BaXmE8q9vMotfA3sT8gDd8dLcnFBsdg1uVRRvT1oXPMS"}},"BUzFpgd61LftjMg8En3QB2/d2Hb+8uKdKuIhaxxgTPVT":{"registrationId":1557894026,"currentRatchet":{"ephemeralKeyPair":{"pubKey":"BcmgmbECcjoFpGb1Qvkijr2PaS4CbJLjZmF/kKKYfiRA","privKey":"WDiUdPI6EQxrvzxhSAo/vu/bKtWrW6v5GpM/XgPKi2U="},"lastRemoteEphemeralKey":"BR4x5PIKc22VYXNBoQe+NF6f/kRjNuPLT75mQG4zV7UT","previousCounter":0,"rootKey":"9JvjDUtU7yFGhfRXC9U0hm+yROcB0HsEvXdMn0mm2Bg="},"indexInfo":{"baseKey":"BUzFpgd61LftjMg8En3QB2/d2Hb+8uKdKuIhaxxgTPVT","baseKeyType":1,"closed":-1,"used":1732505405846,"created":1732505405846,"remoteIdentityKey":"BWZXU6PKgv1Nz843REd2RD/p8k2mtSQ/IeYLxYQBeyJU"},"_chains":{"BcmgmbECcjoFpGb1Qvkijr2PaS4CbJLjZmF/kKKYfiRA":{"chainKey":{"counter":6,"key":"682Bum29w3qvkZnyZ3+IHWgkZt3s2wijf9Zvrf6WpH0="},"chainType":1,"messageKeys":{}}},"pendingPreKey":{"signedKeyId":0,"baseKey":"BUzFpgd61LftjMg8En3QB2/d2Hb+8uKdKuIhaxxgTPVT"}}},"version":"v1"}