{"_sessions":{"Bfim/TDnxP9BSvAcLd++Ff+qnnct22O3DcquoesEy9Zp":{"registrationId":1160581852,"currentRatchet":{"ephemeralKeyPair":{"pubKey":"BYIs6ezGxmjnyroVqIRhetpFbiFAAjLMntTRCCCkVepY","privKey":"aCijpU0Emm0PepktLCKAeoZXuRedCubqlbGiIErvmHU="},"lastRemoteEphemeralKey":"BRF7+kznQhJIWP3PfagmPggVinbHmSPgnVW0DoTejYZa","previousCounter":0,"rootKey":"Nt9KhOYI4Fco64QqYkpRRgM8esO00tBgwDzfiS+4Bdc="},"indexInfo":{"baseKey":"Bfim/TDnxP9BSvAcLd++Ff+qnnct22O3DcquoesEy9Zp","baseKeyType":1,"closed":-1,"used":1732505401460,"created":1732505401460,"remoteIdentityKey":"BZtJzbbmw7APcjEuppgtBE8gz43O4q/K1dA3gL9KOAAK"},"_chains":{"BYIs6ezGxmjnyroVqIRhetpFbiFAAjLMntTRCCCkVepY":{"chainKey":{"counter":4,"key":"OVVlfHDj+GYb3f/ZCGifKSARTndoy11rZ4UqNO2c8mA="},"chainType":1,"messageKeys":{}}},"pendingPreKey":{"signedKeyId":1,"baseKey":"Bfim/TDnxP9BSvAcLd++Ff+qnnct22O3DcquoesEy9Zp","preKeyId":2364}}},"version":"v1"}