{"_sessions":{"BV2ETwy43TxmrZOagFtNzZdB0HSgRK7JNyCCemQToBpO":{"registrationId":1709527276,"currentRatchet":{"ephemeralKeyPair":{"pubKey":"BXqQxCQ5cFMoTMVENTJ/9PJQvhYqQJEC8bFfcNx5uYdL","privKey":"UDbjNI28yZmU7Cp4UGBLr496COflNQc/Wkw7jxn5iVk="},"lastRemoteEphemeralKey":"BXFBOwdcTtLB3+Df8aACpjr3gVGVYUpgBL1TmPyDeqY0","previousCounter":0,"rootKey":"/4BFs/UnKjUaFqXjO8+mjfSlJk6IWq0m/ya/vr/EgHY="},"indexInfo":{"baseKey":"BV2ETwy43TxmrZOagFtNzZdB0HSgRK7JNyCCemQToBpO","baseKeyType":1,"closed":-1,"used":1732505401442,"created":1732505401442,"remoteIdentityKey":"BdO9KkprAw+Wdfkvs6r/7GE9yPzCId+db71lwLryOJ0w"},"_chains":{"BXqQxCQ5cFMoTMVENTJ/9PJQvhYqQJEC8bFfcNx5uYdL":{"chainKey":{"counter":4,"key":"EqigUozQn9/QBR+HBHrt/m+RIBkzX0G+7ttLvEK37YI="},"chainType":1,"messageKeys":{}}},"pendingPreKey":{"signedKeyId":2,"baseKey":"BV2ETwy43TxmrZOagFtNzZdB0HSgRK7JNyCCemQToBpO","preKeyId":5156816}}},"version":"v1"}