{"_sessions":{"Be/xTcvL/8WwXcwzF3BVdWTABPbP4v9TwmdPQESuSZVB":{"registrationId":1635766483,"currentRatchet":{"ephemeralKeyPair":{"pubKey":"BYW/Cz/ZcasaW5/Mcp0b6y35KkLyCK79UtuG+KnoC/BS","privKey":"4Hrc5MXvy/dHF48IxyiSWJug+cMGERxZwin42Nk5GV4="},"lastRemoteEphemeralKey":"Be/hGFNvCk4J5iHSvO0L+h55DPjCI6pA2q1r8SKbv9Q3","previousCounter":0,"rootKey":"tjqK4BsF1qabiffi4bk2MGRvdiGQUVEfAmurUpQ8RQ8="},"indexInfo":{"baseKey":"Be/xTcvL/8WwXcwzF3BVdWTABPbP4v9TwmdPQESuSZVB","baseKeyType":1,"closed":1732505407201,"used":1732505404005,"created":1732505404005,"remoteIdentityKey":"Bdesj49vU0IcWbvRIK8KJ+lbbXMjO9k3M2TogrUzwlVd"},"_chains":{"BYW/Cz/ZcasaW5/Mcp0b6y35KkLyCK79UtuG+KnoC/BS":{"chainKey":{"counter":0,"key":"5HTFAuBP8ayHP8pvtYVj+/iLeZgLUOApQpSs+HiNyFI="},"chainType":1,"messageKeys":{}}},"pendingPreKey":{"signedKeyId":3114463,"baseKey":"Be/xTcvL/8WwXcwzF3BVdWTABPbP4v9TwmdPQESuSZVB","preKeyId":21382}},"BQxrzUS26bnkgNU93hD6NX40Vdp2b8hxpng8KSSRrftC":{"registrationId":1635766483,"currentRatchet":{"ephemeralKeyPair":{"pubKey":"BXGlz3+Je4x4yy85D79eLnTVCOwzYbp1KFrR/yRfU1A9","privKey":"KC4JVsglo0f4Bp6fpOOEGVtEjAO/RXj2yW8CuXaxN3w="},"lastRemoteEphemeralKey":"Be/hGFNvCk4J5iHSvO0L+h55DPjCI6pA2q1r8SKbv9Q3","previousCounter":0,"rootKey":"cagVDdkEcMcVo2dM6QzT6ggQsaAdt3Ry92YlDKhZQ1Y="},"indexInfo":{"baseKey":"BQxrzUS26bnkgNU93hD6NX40Vdp2b8hxpng8KSSRrftC","baseKeyType":1,"closed":-1,"used":1732505405990,"created":1732505405990,"remoteIdentityKey":"Bdesj49vU0IcWbvRIK8KJ+lbbXMjO9k3M2TogrUzwlVd"},"_chains":{"BXGlz3+Je4x4yy85D79eLnTVCOwzYbp1KFrR/yRfU1A9":{"chainKey":{"counter":6,"key":"RHLzLC+CwOqOQCJjen7yuZmrbRBu2riC9dHbHi353u8="},"chainType":1,"messageKeys":{}}},"pendingPreKey":{"signedKeyId":3114463,"baseKey":"BQxrzUS26bnkgNU93hD6NX40Vdp2b8hxpng8KSSRrftC","preKeyId":21801}}},"version":"v1"}