{"_sessions":{"BdwJF8/BTHYnOY2eMwjEkhrN/flTDPboqnVeMVH76ZYK":{"registrationId":1083748304,"currentRatchet":{"ephemeralKeyPair":{"pubKey":"BYbDilcNgEXuEFtFC+yIN52LJ50N8QiI848+CI8ZFHlQ","privKey":"mAXyZOO8+b6iZiFsH7CWSEjIDOtBIpD8LwARDhYRHm8="},"lastRemoteEphemeralKey":"BZ1BkiQEjvgTMdbfMBjL+zHFeSCCP0tlmcNTfh9mGMVR","previousCounter":0,"rootKey":"tpQ+xA+FVu90KhsxE2zZt88tIDgWoLDVsjd9COIhPLU="},"indexInfo":{"baseKey":"BdwJF8/BTHYnOY2eMwjEkhrN/flTDPboqnVeMVH76ZYK","baseKeyType":1,"closed":1732505406026,"used":1732505403764,"created":1732505403764,"remoteIdentityKey":"BXXtWoB/CQqaMfNcsC48vm4Slq07a45v+/CGP6Wa6A1P"},"_chains":{"BYbDilcNgEXuEFtFC+yIN52LJ50N8QiI848+CI8ZFHlQ":{"chainKey":{"counter":0,"key":"c82o+9MZ9oSiU0Rje8LOWS2xoA84IUhFyU2RYPKcUik="},"chainType":1,"messageKeys":{}}},"pendingPreKey":{"signedKeyId":2,"baseKey":"BdwJF8/BTHYnOY2eMwjEkhrN/flTDPboqnVeMVH76ZYK","preKeyId":330298}},"BZEfRAn8OoIGmqDAKuMbuBWcuBGlVxoALssiWL55c8Jc":{"registrationId":1083748304,"currentRatchet":{"ephemeralKeyPair":{"pubKey":"BbOUVYMMVAzvTax0LoKYPbMq2mb2KYaqiTJe3uz9sft8","privKey":"SBqC1V3XXAcfD4zN0TFb+iA9ajfMUeY6eaWtjvXkDUk="},"lastRemoteEphemeralKey":"BZ1BkiQEjvgTMdbfMBjL+zHFeSCCP0tlmcNTfh9mGMVR","previousCounter":0,"rootKey":"sDrDyg6q8wvvODFUkqT5p3TMWqheDkyBV4ApKaCz0Kg="},"indexInfo":{"baseKey":"BZEfRAn8OoIGmqDAKuMbuBWcuBGlVxoALssiWL55c8Jc","baseKeyType":1,"closed":-1,"used":1732505405759,"created":1732505405759,"remoteIdentityKey":"BXXtWoB/CQqaMfNcsC48vm4Slq07a45v+/CGP6Wa6A1P"},"_chains":{"BbOUVYMMVAzvTax0LoKYPbMq2mb2KYaqiTJe3uz9sft8":{"chainKey":{"counter":6,"key":"uMpZICc5kjRddVMgYi/81X33En88dZWGjgjNWeHmLrA="},"chainType":1,"messageKeys":{}}},"pendingPreKey":{"signedKeyId":2,"baseKey":"BZEfRAn8OoIGmqDAKuMbuBWcuBGlVxoALssiWL55c8Jc","preKeyId":331032}}},"version":"v1"}