{"_sessions":{"BVIwG2qzEzTDsRlmeg/YcLqQ61uAcZeb7E9nB7G3PJE1":{"registrationId":48,"currentRatchet":{"ephemeralKeyPair":{"pubKey":"Bfbsym7XR5muPHp+P3O7F9ZHOy0k+dFbrGWf2jhIbKEw","privKey":"AP/2ygkpMuZfeuHucudNlZcHXQuV7LWn2Y+1QtAJmFM="},"lastRemoteEphemeralKey":"BXdoO74MFkUMIMTWwkfxge/A1iteTvZYBhWkFh68wQ88","previousCounter":0,"rootKey":"ijl0EHnsxOVO31zkXipeUXOvkSmbJMuhf01eMlhSsNY="},"indexInfo":{"baseKey":"BVIwG2qzEzTDsRlmeg/YcLqQ61uAcZeb7E9nB7G3PJE1","baseKeyType":1,"closed":-1,"used":1732505401455,"created":1732505401455,"remoteIdentityKey":"BU3oH469kkpznbn69WmffWsSs/rFDLXPoAus3/b5jN1G"},"_chains":{"Bfbsym7XR5muPHp+P3O7F9ZHOy0k+dFbrGWf2jhIbKEw":{"chainKey":{"counter":4,"key":"h+HjF1/x0PJEqWHCia7bkrN7S+hxNKeNNxqCz6jjXT4="},"chainType":1,"messageKeys":{}}},"pendingPreKey":{"signedKeyId":1,"baseKey":"BVIwG2qzEzTDsRlmeg/YcLqQ61uAcZeb7E9nB7G3PJE1"}}},"version":"v1"}