{"_sessions":{"BcKRsBgGkyqTmQZ5NdCw06v20ai+/yGV37jG/o/8fO5h":{"registrationId":2053445781,"currentRatchet":{"ephemeralKeyPair":{"pubKey":"Bay55cpMvoNnFWcN72HMLABsmjPHI3UkGWrTvXxFrYI/","privKey":"4Nen9FakPMap+c9Ts8oExBZLo70qAs8yGjRWZSDnX2w="},"lastRemoteEphemeralKey":"BWXNh3wEvWgauPxI9bhHZ/BcuX3UZ53jUjcRtQAlJXBA","previousCounter":0,"rootKey":"XqaxZ9+eOC/94tStzRmbVyyoFuyGTwvz+JAS8z4p0F0="},"indexInfo":{"baseKey":"BcKRsBgGkyqTmQZ5NdCw06v20ai+/yGV37jG/o/8fO5h","baseKeyType":1,"closed":1732505407001,"used":1732505403968,"created":1732505403968,"remoteIdentityKey":"BS1dYy6a2Vz0bDtIuc27OqFSz6LxTHWBiNOZxCltdNFs"},"_chains":{"Bay55cpMvoNnFWcN72HMLABsmjPHI3UkGWrTvXxFrYI/":{"chainKey":{"counter":0,"key":"50vaxQYfqDlhVh/F8A7gMnp9Ov2DlG18oMu978HcALs="},"chainType":1,"messageKeys":{}}},"pendingPreKey":{"signedKeyId":12,"baseKey":"BcKRsBgGkyqTmQZ5NdCw06v20ai+/yGV37jG/o/8fO5h","preKeyId":5739302}},"BaAJ6fI4RinQnojbGIWTr3uTJPBGi8++swknwfgpMShC":{"registrationId":2053445781,"currentRatchet":{"ephemeralKeyPair":{"pubKey":"Bb1CGpkB53Ikg2BSN4JWBgmd1PU4TE2Hn2iMYg+nBrc3","privKey":"QHRM28VseCeDZ61HsEtwYwggbdxuwtJj+y7XdL/oeFY="},"lastRemoteEphemeralKey":"BWXNh3wEvWgauPxI9bhHZ/BcuX3UZ53jUjcRtQAlJXBA","previousCounter":0,"rootKey":"rW2f5i/EPdJyK19gIZf/wf2AMXE9d8Kdh6qCPlW84Ms="},"indexInfo":{"baseKey":"BaAJ6fI4RinQnojbGIWTr3uTJPBGi8++swknwfgpMShC","baseKeyType":1,"closed":-1,"used":1732505405957,"created":1732505405957,"remoteIdentityKey":"BS1dYy6a2Vz0bDtIuc27OqFSz6LxTHWBiNOZxCltdNFs"},"_chains":{"Bb1CGpkB53Ikg2BSN4JWBgmd1PU4TE2Hn2iMYg+nBrc3":{"chainKey":{"counter":6,"key":"B04iLFQQm/P/ticqtUZIf4M8xUn1M3JPahKe055YaoE="},"chainType":1,"messageKeys":{}}},"pendingPreKey":{"signedKeyId":12,"baseKey":"BaAJ6fI4RinQnojbGIWTr3uTJPBGi8++swknwfgpMShC","preKeyId":5739996}}},"version":"v1"}