{"_sessions":{"BbjlZ9EdK6M/2z7wp8j/ImzRS/qlXB6dzVvEsPiltRVt":{"registrationId":1764977235,"currentRatchet":{"ephemeralKeyPair":{"pubKey":"BWpghAHFDdW8zfxi3O9F2btwGGy7egQ7yRwerPkV4nBQ","privKey":"aEGWGV6gYhscgfcGZ4iF5/QmNdFaMp0vVsQjt6C3X2U="},"lastRemoteEphemeralKey":"Ba6Y4I8t88ZkSECEC72zWDzjq6H4cqxsm5U3F9N3Gj40","previousCounter":0,"rootKey":"mjoO7n9si2RjAscKTsvGfgJxeFfBe7FJReVtnFHFV1A="},"indexInfo":{"baseKey":"BbjlZ9EdK6M/2z7wp8j/ImzRS/qlXB6dzVvEsPiltRVt","baseKeyType":1,"closed":-1,"used":1732505401501,"created":1732505401501,"remoteIdentityKey":"BUZb12EikAbG5Q5KBmBQzFBbu06mVbNxtZLcHY04saMh"},"_chains":{"BWpghAHFDdW8zfxi3O9F2btwGGy7egQ7yRwerPkV4nBQ":{"chainKey":{"counter":4,"key":"x5iVVIi8xbAEMVlBpCKJ0c5LxIXzyB/YKaahPNl8MQU="},"chainType":1,"messageKeys":{}}},"pendingPreKey":{"signedKeyId":18,"baseKey":"BbjlZ9EdK6M/2z7wp8j/ImzRS/qlXB6dzVvEsPiltRVt","preKeyId":12068834}}},"version":"v1"}