{"_sessions":{"BYqFmKeoyKi/0DtZT5KuuF/MwjLmZaYt87hXeXg464d+":{"registrationId":721936339,"currentRatchet":{"ephemeralKeyPair":{"pubKey":"Bc8/cd90aDjufEU5FAA9+uBpOyZBqLF4b9AsgQ6SWcY4","privKey":"UHqjCjB3wtYj5XndTGRTJDLl53gIF10TsTVQLhOwbXE="},"lastRemoteEphemeralKey":"BSLaAxUnI1I9OdPaxUJnEoiHeSavX4xUa4pSZR2WgOBm","previousCounter":0,"rootKey":"lpte92ZSZWL4d6QDDo3Ios1Ia3Lm1/TWvsP6p+xNwEg="},"indexInfo":{"baseKey":"BYqFmKeoyKi/0DtZT5KuuF/MwjLmZaYt87hXeXg464d+","baseKeyType":1,"closed":-1,"used":1732505401474,"created":1732505401474,"remoteIdentityKey":"BY3+VVq1P1ZVa7qfE5CYJ3UxzLJbI28/KKP0ahwQMuVD"},"_chains":{"Bc8/cd90aDjufEU5FAA9+uBpOyZBqLF4b9AsgQ6SWcY4":{"chainKey":{"counter":4,"key":"5CjMO9tdWmbUvSYLYRiFU1TVeYqU2uqB0C1YQDE6XEQ="},"chainType":1,"messageKeys":{}}},"pendingPreKey":{"signedKeyId":2,"baseKey":"BYqFmKeoyKi/0DtZT5KuuF/MwjLmZaYt87hXeXg464d+","preKeyId":2240811}}},"version":"v1"}