{"_sessions":{"BWdqfhGYwjzrNzz75YomTzYZjQQYjkh+uAVXOM3A9i00":{"registrationId":1132153768,"currentRatchet":{"ephemeralKeyPair":{"pubKey":"Bez+c6CMURhLc3duAAEjAPUgWTNvKZRZp0LOshx/E5Fk","privKey":"sCzMR9hyvVJ4euAJAqE9M2v0y0Hm42UOdi4jxIqe1lo="},"lastRemoteEphemeralKey":"BaJYzYrEsmGcZA+UWnP5TowZ83dtT3RjFkGjbNQq3xRl","previousCounter":0,"rootKey":"D+WwGgOcMRaNMs8iyPIAQVuAGej6CSmPeZHtP9WjumQ="},"indexInfo":{"baseKey":"BWdqfhGYwjzrNzz75YomTzYZjQQYjkh+uAVXOM3A9i00","baseKeyType":1,"closed":1732505406350,"used":1732505403863,"created":1732505403863,"remoteIdentityKey":"BbJyxhxGPYVOJIoFHg/GqEDvJBUkoygmLS6Xi67tFdRV"},"_chains":{"Bez+c6CMURhLc3duAAEjAPUgWTNvKZRZp0LOshx/E5Fk":{"chainKey":{"counter":0,"key":"MZYA+Zrw1NkR7EL8JsH7PkZ1Li5PaWzqbr5GsEmFuoQ="},"chainType":1,"messageKeys":{}}},"pendingPreKey":{"signedKeyId":2,"baseKey":"BWdqfhGYwjzrNzz75YomTzYZjQQYjkh+uAVXOM3A9i00","preKeyId":9400507}},"BYfsFB4UPpSrPDa609xM+DjibDnQQCddLD6Jlf8DWKcz":{"registrationId":1132153768,"currentRatchet":{"ephemeralKeyPair":{"pubKey":"BSLGKm+yR97IFrmyqHXb3P1GOz3w8WzEgkcJVfWYfdxh","privKey":"kKN89xl9kIwF+8jfS5gzwxvPmycogB0eqC7ncboN2Uo="},"lastRemoteEphemeralKey":"BaJYzYrEsmGcZA+UWnP5TowZ83dtT3RjFkGjbNQq3xRl","previousCounter":0,"rootKey":"wmejBY5d1PNXxjC0um4dA6z9zovBM5k7tet/6laxGFs="},"indexInfo":{"baseKey":"BYfsFB4UPpSrPDa609xM+DjibDnQQCddLD6Jlf8DWKcz","baseKeyType":1,"closed":-1,"used":1732505405849,"created":1732505405849,"remoteIdentityKey":"BbJyxhxGPYVOJIoFHg/GqEDvJBUkoygmLS6Xi67tFdRV"},"_chains":{"BSLGKm+yR97IFrmyqHXb3P1GOz3w8WzEgkcJVfWYfdxh":{"chainKey":{"counter":6,"key":"sDEvib0KKtCKwX4p6qYgVqr1i0/74k0Euhy3msyvOuI="},"chainType":1,"messageKeys":{}}},"pendingPreKey":{"signedKeyId":2,"baseKey":"BYfsFB4UPpSrPDa609xM+DjibDnQQCddLD6Jlf8DWKcz","preKeyId":9399939}}},"version":"v1"}