{"_sessions":{"BXrtrjGq+ejgX7f8flsSXOdHxXgK/MrzU4pUuWH98O8F":{"registrationId":1581380240,"currentRatchet":{"ephemeralKeyPair":{"pubKey":"BXtjE41HixK2Kgr/2mIECC+emRd502uvyToMAxSZ68ZB","privKey":"wC1555MktM0Zida/SgF4qznxGVvmbACoHnC8kQFEkHE="},"lastRemoteEphemeralKey":"BVtB152FZl2d+s3L6vHCMFUJS/q2vChRAJmJ3IkaTf5q","previousCounter":0,"rootKey":"KgB7nQo5SwmLt1AJYooa+rKDt8wePaqtCKTkNLAH6ro="},"indexInfo":{"baseKey":"BXrtrjGq+ejgX7f8flsSXOdHxXgK/MrzU4pUuWH98O8F","baseKeyType":1,"closed":-1,"used":1732508155599,"created":1732508155599,"remoteIdentityKey":"BQp6pWV4CeYvGTWd3OGpJbUIUbbq2MLPaXCM3MktBxkz"},"_chains":{"BXtjE41HixK2Kgr/2mIECC+emRd502uvyToMAxSZ68ZB":{"chainKey":{"counter":43,"key":"R23sat+ta4t/iFwzuWl4KqsWeGuFwuXpKgwHQfV7W+8="},"chainType":1,"messageKeys":{}}},"pendingPreKey":{"signedKeyId":5,"baseKey":"BXrtrjGq+ejgX7f8flsSXOdHxXgK/MrzU4pUuWH98O8F","preKeyId":5152335}}},"version":"v1"}