{"_sessions":{"BebSfS1CNjk2NrSfkjmH9ZxC77LrJTJMMug4jBcreusd":{"registrationId":48611215,"currentRatchet":{"ephemeralKeyPair":{"pubKey":"BdocvXTUPEIUoMLh4KGfQPAOinY/io1G+8pibOzu5nZm","privKey":"eCQHwR9ZropB5xk9duR1pTLc9qMzGau2MIheYlUYsmU="},"lastRemoteEphemeralKey":"BdIc3CJ5KCYBOk3dLPRlVWME4bFVWzRBxLPT8WIslyY1","previousCounter":0,"rootKey":"/WkwD+2mRvcT9K5zcZN9+A4Ds9qTetYaJy/uHpuswi0="},"indexInfo":{"baseKey":"BebSfS1CNjk2NrSfkjmH9ZxC77LrJTJMMug4jBcreusd","baseKeyType":1,"closed":1732505406750,"used":1732505403924,"created":1732505403924,"remoteIdentityKey":"BQFZFqc4p20IvCfsFLnj34JoDd5CzmBgedgUJJzdNAVK"},"_chains":{"BdocvXTUPEIUoMLh4KGfQPAOinY/io1G+8pibOzu5nZm":{"chainKey":{"counter":0,"key":"hd3MjEeDiWQg9Wo1YV/2nXLQPzdqtL3q3GfFoqs+Ijg="},"chainType":1,"messageKeys":{}}},"pendingPreKey":{"signedKeyId":5,"baseKey":"BebSfS1CNjk2NrSfkjmH9ZxC77LrJTJMMug4jBcreusd","preKeyId":1943670}},"Bdc66pjcFfvRGJ6scfwaSpoUbA/79hh5TthfvzDDsNJm":{"registrationId":48611215,"currentRatchet":{"ephemeralKeyPair":{"pubKey":"BbWVlAQxhsIBX3sZ8MuM8dQcBtSaB032Tj6X/5H9bG4a","privKey":"SDKzkpesYfGuspTvlvAAqZ/uMPae2CsDmkmsux+O7UI="},"lastRemoteEphemeralKey":"BdIc3CJ5KCYBOk3dLPRlVWME4bFVWzRBxLPT8WIslyY1","previousCounter":0,"rootKey":"5KPVjEo6s/mdjVDdRKEKvkvwDVyrOEB0GWyoDT1X4aQ="},"indexInfo":{"baseKey":"Bdc66pjcFfvRGJ6scfwaSpoUbA/79hh5TthfvzDDsNJm","baseKeyType":1,"closed":-1,"used":1732505405913,"created":1732505405913,"remoteIdentityKey":"BQFZFqc4p20IvCfsFLnj34JoDd5CzmBgedgUJJzdNAVK"},"_chains":{"BbWVlAQxhsIBX3sZ8MuM8dQcBtSaB032Tj6X/5H9bG4a":{"chainKey":{"counter":6,"key":"vf9eklDRfJNybNGpmGm/0lygQTNFq1v6NIRLk+tYdJ8="},"chainType":1,"messageKeys":{}}},"pendingPreKey":{"signedKeyId":5,"baseKey":"Bdc66pjcFfvRGJ6scfwaSpoUbA/79hh5TthfvzDDsNJm","preKeyId":1943551}}},"version":"v1"}