{"_sessions":{"BXlvj1EcWkStlX+SMHSH5Rp1cMkjRXH7fJYDL6JRUgAH":{"registrationId":1715049180,"currentRatchet":{"ephemeralKeyPair":{"pubKey":"BaCgfmvKbOyKiGfJ9kzvqTYbzVnwc5pIOMJZZ3iSORcV","privKey":"qBvayady8RYkdwMzwLViITYwcWanjbPe36ej8HWOS0o="},"lastRemoteEphemeralKey":"BfT95FttJEWMiAkuxsSqxm91o3UPsX1+rxCJK6LJ9qs8","previousCounter":0,"rootKey":"KogmSLdABJ0/BuTt2cRs3VN12TwCESsDIXhvZEfu7Nw="},"indexInfo":{"baseKey":"BXlvj1EcWkStlX+SMHSH5Rp1cMkjRXH7fJYDL6JRUgAH","baseKeyType":1,"closed":1732505406801,"used":1732505403935,"created":1732505403935,"remoteIdentityKey":"BZx25ExMCUwxBpQ+Lr4N7iu7f1vydhcCnGnSwH0/xjUc"},"_chains":{"BaCgfmvKbOyKiGfJ9kzvqTYbzVnwc5pIOMJZZ3iSORcV":{"chainKey":{"counter":0,"key":"hEuU6yiNXnnCFGHU/eDvW8vf7FlPgN97CrkqCZC5+HY="},"chainType":1,"messageKeys":{}}},"pendingPreKey":{"signedKeyId":4,"baseKey":"BXlvj1EcWkStlX+SMHSH5Rp1cMkjRXH7fJYDL6JRUgAH","preKeyId":11470115}},"BSPln1czYx/TBwjyQjfMN7F+45kWConQPO3HzPtScsx9":{"registrationId":1715049180,"currentRatchet":{"ephemeralKeyPair":{"pubKey":"BbRALWvcYjAxbPkv7Er7kpu8oImrRxRRVyuyJBPc09pQ","privKey":"UNFl2IEC5CbIxMEs+sBjlDYpv8+H3R1XiZfHblH3ek4="},"lastRemoteEphemeralKey":"BfT95FttJEWMiAkuxsSqxm91o3UPsX1+rxCJK6LJ9qs8","previousCounter":0,"rootKey":"eoQ/GGHJv/As9KF1++WUraM3xqHaszPPO1dJURB6Ojk="},"indexInfo":{"baseKey":"BSPln1czYx/TBwjyQjfMN7F+45kWConQPO3HzPtScsx9","baseKeyType":1,"closed":-1,"used":1732505405925,"created":1732505405925,"remoteIdentityKey":"BZx25ExMCUwxBpQ+Lr4N7iu7f1vydhcCnGnSwH0/xjUc"},"_chains":{"BbRALWvcYjAxbPkv7Er7kpu8oImrRxRRVyuyJBPc09pQ":{"chainKey":{"counter":6,"key":"JoX4qH1r5uMgbDP2uA6VR/AuRrH1t/tX2h3c+oD6Y58="},"chainType":1,"messageKeys":{}}},"pendingPreKey":{"signedKeyId":4,"baseKey":"BSPln1czYx/TBwjyQjfMN7F+45kWConQPO3HzPtScsx9","preKeyId":11469980}}},"version":"v1"}