{"_sessions":{"BQUamrWbOJTSZmAG3BvZFico3credTvkpAO2NNGVKQAG":{"registrationId":576939410,"currentRatchet":{"ephemeralKeyPair":{"pubKey":"BeiIcY+dZXuzjVvFWfr/kh31aLghJODtfsSDwH2bp6RX","privKey":"6ItclYrxFGZ0Oji+zSAevfuLl5IYfbm8VFQE3mkSBWE="},"lastRemoteEphemeralKey":"BfN8ASVn++GJMP75GSXY8UK77lw2ICzf29YL+iaIfUcg","previousCounter":0,"rootKey":"GgdWPud5/q5UlDtC1khiC+a+6ZDeQar6AhgWzIC3ECE="},"indexInfo":{"baseKey":"BQUamrWbOJTSZmAG3BvZFico3credTvkpAO2NNGVKQAG","baseKeyType":1,"closed":1732505406027,"used":1732505403772,"created":1732505403772,"remoteIdentityKey":"BQnFk538JuhvLa/b1UD5royF4nphxZxAlhM+4w9icZ4/"},"_chains":{"BeiIcY+dZXuzjVvFWfr/kh31aLghJODtfsSDwH2bp6RX":{"chainKey":{"counter":0,"key":"8hhcYBHEcKCGxhGcpdirelXVHsjPcyH4EnMJ23RbWXM="},"chainType":1,"messageKeys":{}}},"pendingPreKey":{"signedKeyId":7,"baseKey":"BQUamrWbOJTSZmAG3BvZFico3credTvkpAO2NNGVKQAG","preKeyId":8882457}},"Ba2ui8ewGSKJJWWS0Rhn/rnyaCD0Yn8HBBKTPQHA/1k/":{"registrationId":576939410,"currentRatchet":{"ephemeralKeyPair":{"pubKey":"Beq1iLJKafkUE6lx0raotFA1uVxzFoYtmbiwvGLB2CoP","privKey":"CNeylN1P94jbjjpg9XiGchgVNcuK6FmQ3eSHX8cieH0="},"lastRemoteEphemeralKey":"BfN8ASVn++GJMP75GSXY8UK77lw2ICzf29YL+iaIfUcg","previousCounter":0,"rootKey":"/+FpgxHF0nXIpPxR429zrAtSRPjJSFiLDqtb0DVZINo="},"indexInfo":{"baseKey":"Ba2ui8ewGSKJJWWS0Rhn/rnyaCD0Yn8HBBKTPQHA/1k/","baseKeyType":1,"closed":-1,"used":1732505405767,"created":1732505405767,"remoteIdentityKey":"BQnFk538JuhvLa/b1UD5royF4nphxZxAlhM+4w9icZ4/"},"_chains":{"Beq1iLJKafkUE6lx0raotFA1uVxzFoYtmbiwvGLB2CoP":{"chainKey":{"counter":6,"key":"z1gBC9gS2q09MbFCHYuJAMtr9he02xy1uKqjO8lG6SM="},"chainType":1,"messageKeys":{}}},"pendingPreKey":{"signedKeyId":7,"baseKey":"Ba2ui8ewGSKJJWWS0Rhn/rnyaCD0Yn8HBBKTPQHA/1k/","preKeyId":8882680}}},"version":"v1"}