{"_sessions":{"BV330NraN0D5S8Q9hIwVCb5g+zgjyIUGtErd6grD1R5F":{"registrationId":319827111,"currentRatchet":{"ephemeralKeyPair":{"pubKey":"BZuVWRViDkuddDXIHGtilDboiqMqhqTgPwctcOOILBth","privKey":"6KKjD9xFiSEqzqwz7Bazd7VPSuqnQ8ib4pHBenUWPE0="},"lastRemoteEphemeralKey":"BSe4VyNSGrK7BvG9PshoUJkbprk22q4d0YsKKlu77FBo","previousCounter":0,"rootKey":"aMrP3S0jZpC5FcsLMqTHh8FpZ5AL7UY+A2zluJtuYoY="},"indexInfo":{"baseKey":"BV330NraN0D5S8Q9hIwVCb5g+zgjyIUGtErd6grD1R5F","baseKeyType":1,"closed":1732505407150,"used":1732505403996,"created":1732505403996,"remoteIdentityKey":"BTw3dAOEYONEZt2Di3rl/THDMWFiGLiil+5KsjsXpJkD"},"_chains":{"BZuVWRViDkuddDXIHGtilDboiqMqhqTgPwctcOOILBth":{"chainKey":{"counter":0,"key":"jSgGtZfQ/A+q7I15GyUKr8ssFZpw3BLi/U7W4FTgHwM="},"chainType":1,"messageKeys":{}}},"pendingPreKey":{"signedKeyId":2,"baseKey":"BV330NraN0D5S8Q9hIwVCb5g+zgjyIUGtErd6grD1R5F","preKeyId":4542628}},"BfHGFTRnmFFxMLY79FMkaqj/KQEIyZeGmFi8o1siV7Fb":{"registrationId":319827111,"currentRatchet":{"ephemeralKeyPair":{"pubKey":"BWGGoKSynxxNLWkwpaSq1eNCeX2rcPA6I0MECFpbEkIb","privKey":"GAFgliX9QJs3OpIxjZ05UD3ItbbX9YB/L6lE37zcG0Q="},"lastRemoteEphemeralKey":"BSe4VyNSGrK7BvG9PshoUJkbprk22q4d0YsKKlu77FBo","previousCounter":0,"rootKey":"Dqip8AVDQrUZeH+3XOzTYX+MSkoOxMy2E8xaVZO7TTE="},"indexInfo":{"baseKey":"BfHGFTRnmFFxMLY79FMkaqj/KQEIyZeGmFi8o1siV7Fb","baseKeyType":1,"closed":-1,"used":1732505405981,"created":1732505405981,"remoteIdentityKey":"BTw3dAOEYONEZt2Di3rl/THDMWFiGLiil+5KsjsXpJkD"},"_chains":{"BWGGoKSynxxNLWkwpaSq1eNCeX2rcPA6I0MECFpbEkIb":{"chainKey":{"counter":6,"key":"kZIaR5fwkCwgTfwXICXQ9ET/DjGPgUx9T8y9FN43RMo="},"chainType":1,"messageKeys":{}}},"pendingPreKey":{"signedKeyId":2,"baseKey":"BfHGFTRnmFFxMLY79FMkaqj/KQEIyZeGmFi8o1siV7Fb","preKeyId":4542624}}},"version":"v1"}