{"_sessions":{"BdVXZgMw6rSkqHrHfQcgFJp6ogk6Fv5NTeJ3P1TkSJ4H":{"registrationId":1291224799,"currentRatchet":{"ephemeralKeyPair":{"pubKey":"BXUmh6F6F8rk0/vGJZ6ER4jgPvSItjhkH4yawXQE3BdD","privKey":"mDmzdbtHdWtZW06QaLP26gZPUgi2uVHtxdVgJ3HZSXo="},"lastRemoteEphemeralKey":"BXole5FaDQfDV0g+KZ0S4xaNsxqdDFO/3/01vtdegKVD","previousCounter":0,"rootKey":"4/1tjCJnIguSn4mmf8MKg6bXqXM/oKqewDziilr06I8="},"indexInfo":{"baseKey":"BdVXZgMw6rSkqHrHfQcgFJp6ogk6Fv5NTeJ3P1TkSJ4H","baseKeyType":1,"closed":1732505406950,"used":1732505403953,"created":1732505403953,"remoteIdentityKey":"BaWQfUCmpoa7EefGF0WzCIX6caEdFtzHSTC/pxxAdvwn"},"_chains":{"BXUmh6F6F8rk0/vGJZ6ER4jgPvSItjhkH4yawXQE3BdD":{"chainKey":{"counter":0,"key":"Cfv2H5YeXlyQ7QRizFC8Ayw8ZPWFEpsgunVcYFhkI7k="},"chainType":1,"messageKeys":{}}},"pendingPreKey":{"signedKeyId":4137028,"baseKey":"BdVXZgMw6rSkqHrHfQcgFJp6ogk6Fv5NTeJ3P1TkSJ4H","preKeyId":22785}},"BQ2Z3w2LaDdQr6cLGnSnyOogh2yHK+x0GzuF78MZZ99S":{"registrationId":1291224799,"currentRatchet":{"ephemeralKeyPair":{"pubKey":"BSRTPJ0Qu+sxUZKdgOPOpAy/ujVbE4mwL6RIMfcLr3IA","privKey":"kIQOyZNUhs3+MJRpXbXJo9zrvzr0RLQxySSIbLh3z3A="},"lastRemoteEphemeralKey":"BXole5FaDQfDV0g+KZ0S4xaNsxqdDFO/3/01vtdegKVD","previousCounter":0,"rootKey":"KwmSjsspPelSNsFwkLFnyo8UOOcVHvWoE1eaLny5AA8="},"indexInfo":{"baseKey":"BQ2Z3w2LaDdQr6cLGnSnyOogh2yHK+x0GzuF78MZZ99S","baseKeyType":1,"closed":-1,"used":1732505405943,"created":1732505405943,"remoteIdentityKey":"BaWQfUCmpoa7EefGF0WzCIX6caEdFtzHSTC/pxxAdvwn"},"_chains":{"BSRTPJ0Qu+sxUZKdgOPOpAy/ujVbE4mwL6RIMfcLr3IA":{"chainKey":{"counter":6,"key":"bZzHbZRJdzlgP7puKYpbQX0wwQglE5gMAbZsy96f6p4="},"chainType":1,"messageKeys":{}}},"pendingPreKey":{"signedKeyId":4137028,"baseKey":"BQ2Z3w2LaDdQr6cLGnSnyOogh2yHK+x0GzuF78MZZ99S","preKeyId":22759}}},"version":"v1"}