{"_sessions":{"BbkhklutmfPDSFUlGxxDwPNZMVHITJKYg6FyBN2+RVg0":{"registrationId":791491597,"currentRatchet":{"ephemeralKeyPair":{"pubKey":"BTZ/MkwGl7wth/aU7kJWqzddj/XomXD/ZNxhCB2rBspT","privKey":"KHe4BLKGXj75V8n9WFDSD1NNYF/XiE6m+6el1W8n6WA="},"lastRemoteEphemeralKey":"Bbblm0kcHWHTR4jVk7AKPgx2CGvsxDbOmO7lSpZv6Ak+","previousCounter":0,"rootKey":"Fynnxc2pF6NKnkoU3C7xUv0rpCsOQgauGYRf3qADbKs="},"indexInfo":{"baseKey":"BbkhklutmfPDSFUlGxxDwPNZMVHITJKYg6FyBN2+RVg0","baseKeyType":1,"closed":1732505406200,"used":1732505403842,"created":1732505403842,"remoteIdentityKey":"BWMWwcAYfp04ftucY1SZp5rMbTV6BXjbjRbECMOGuk1y"},"_chains":{"BTZ/MkwGl7wth/aU7kJWqzddj/XomXD/ZNxhCB2rBspT":{"chainKey":{"counter":0,"key":"XDo3CfBk8cXxkJCy0NcHp4s9eS1b/0T+sOOaVbXeNXo="},"chainType":1,"messageKeys":{}}},"pendingPreKey":{"signedKeyId":2,"baseKey":"BbkhklutmfPDSFUlGxxDwPNZMVHITJKYg6FyBN2+RVg0","preKeyId":7415848}},"BYqmWWgsONwHzvF0nOcy3nqU2p2D03pfKIWTKFU/Rq1l":{"registrationId":791491597,"currentRatchet":{"ephemeralKeyPair":{"pubKey":"BY4pnry9Rp0IRI2u4sgz1VOtxiYpg0MfBOeaf7Km0YxM","privKey":"oE/INjANB3170XxUR9XjbxORs0+Vp0dC73Pwy3YFZEE="},"lastRemoteEphemeralKey":"Bbblm0kcHWHTR4jVk7AKPgx2CGvsxDbOmO7lSpZv6Ak+","previousCounter":0,"rootKey":"I1DZagT+DqyQtwyJIj6pJDd4urm8GEkrjCX/wdGTO/Q="},"indexInfo":{"baseKey":"BYqmWWgsONwHzvF0nOcy3nqU2p2D03pfKIWTKFU/Rq1l","baseKeyType":1,"closed":-1,"used":1732505405829,"created":1732505405829,"remoteIdentityKey":"BWMWwcAYfp04ftucY1SZp5rMbTV6BXjbjRbECMOGuk1y"},"_chains":{"BY4pnry9Rp0IRI2u4sgz1VOtxiYpg0MfBOeaf7Km0YxM":{"chainKey":{"counter":6,"key":"EvVlt1BGc6Zo80ohEH9p6+ziaQ9ptkXyKIPgn+MJGQg="},"chainType":1,"messageKeys":{}}},"pendingPreKey":{"signedKeyId":2,"baseKey":"BYqmWWgsONwHzvF0nOcy3nqU2p2D03pfKIWTKFU/Rq1l","preKeyId":7415780}}},"version":"v1"}