{"_sessions":{"BSGIv5+c1FBtLNBf2lw1t8FiH4smo1hF7ZwYWHYBL9FW":{"registrationId":2106430891,"currentRatchet":{"ephemeralKeyPair":{"pubKey":"BcQyNH4LspVf6vtMZYT7M4BVpyZVU+9XxAT/yE5D7JRO","privKey":"EP5DE7pTwItIT4AMFF9uINFsYHWTFkoW/D+YIsiLqE0="},"lastRemoteEphemeralKey":"BbncnybU1wFEGUVb/tYqd0pUbrCVlN4mKRPKnoyyjgMu","previousCounter":0,"rootKey":"MHi/IS1SLyW95/kkdFMD+QfA9u3GeQUWSa3dtidu9nk="},"indexInfo":{"baseKey":"BSGIv5+c1FBtLNBf2lw1t8FiH4smo1hF7ZwYWHYBL9FW","baseKeyType":1,"closed":1732505406022,"used":1732505403697,"created":1732505403697,"remoteIdentityKey":"BXMMbUbQWTiKQtcQSPPC6mnC0LL8Gp0d9saTHtht8skD"},"_chains":{"BcQyNH4LspVf6vtMZYT7M4BVpyZVU+9XxAT/yE5D7JRO":{"chainKey":{"counter":0,"key":"55gWLVcx3qr3qyspKR50t8dQQYnHnPKD7II6kzzPXwc="},"chainType":1,"messageKeys":{}}},"pendingPreKey":{"signedKeyId":1,"baseKey":"BSGIv5+c1FBtLNBf2lw1t8FiH4smo1hF7ZwYWHYBL9FW"}},"BevqAwP5GBFMebSlV3OqHz9XyfARIqJ1Vtl9U4b+exg6":{"registrationId":2106430891,"currentRatchet":{"ephemeralKeyPair":{"pubKey":"BUeUstjCG6EmRvJI7D9ZwCXd43T/iPUvrR51vBNfRLUW","privKey":"OKF7YNIjMwRg+AeCSwmqcvDkeaDT62KC1jcA5+GdbVA="},"lastRemoteEphemeralKey":"BbncnybU1wFEGUVb/tYqd0pUbrCVlN4mKRPKnoyyjgMu","previousCounter":0,"rootKey":"8gSrENx0/t1xcNfj8zuSFkVPg6X26Ydjlv2F7FLUHi8="},"indexInfo":{"baseKey":"BevqAwP5GBFMebSlV3OqHz9XyfARIqJ1Vtl9U4b+exg6","baseKeyType":1,"closed":-1,"used":1732505405711,"created":1732505405711,"remoteIdentityKey":"BXMMbUbQWTiKQtcQSPPC6mnC0LL8Gp0d9saTHtht8skD"},"_chains":{"BUeUstjCG6EmRvJI7D9ZwCXd43T/iPUvrR51vBNfRLUW":{"chainKey":{"counter":6,"key":"qQOxr17KezM3cZjiwXT6uF+A6gKgD8AnMgx7eVfccRc="},"chainType":1,"messageKeys":{}}},"pendingPreKey":{"signedKeyId":1,"baseKey":"BevqAwP5GBFMebSlV3OqHz9XyfARIqJ1Vtl9U4b+exg6"}}},"version":"v1"}