{"_sessions":{"BYABIZZyuWbIplaXE5g+jrRfZKKYJIUE/cEJV7d4/2p+":{"registrationId":1150495382,"currentRatchet":{"ephemeralKeyPair":{"pubKey":"BRijsVuW8e+0JFR0DCRiLHuw/g9Bltftv0poRflLnyRK","privKey":"WICAbqo6V308XfPAzN2fo0PLQvx0TiV+am0qutY6llY="},"lastRemoteEphemeralKey":"BSEGoZl+eyrkkjbyHAZlHNREqP7AoowMAkB6aaMFlpw7","previousCounter":0,"rootKey":"vNTHwILgDpS+0wJDt54gF+qPtYJf0ffrxFbo5G1o2sc="},"indexInfo":{"baseKey":"BYABIZZyuWbIplaXE5g+jrRfZKKYJIUE/cEJV7d4/2p+","baseKeyType":1,"closed":1732505407301,"used":1732505404019,"created":1732505404019,"remoteIdentityKey":"BTOrOkIEoaMOOh9CLavSxZBwwVxornrW7Lnqa+ZKYyhn"},"_chains":{"BRijsVuW8e+0JFR0DCRiLHuw/g9Bltftv0poRflLnyRK":{"chainKey":{"counter":0,"key":"g3bfay4lXf9dN3OgeqEbhl1/N2L70eiZUxxvBan5BMw="},"chainType":1,"messageKeys":{}}},"pendingPreKey":{"signedKeyId":12,"baseKey":"BYABIZZyuWbIplaXE5g+jrRfZKKYJIUE/cEJV7d4/2p+","preKeyId":2724064}},"BWFiK2xrOlViKGjOimUneowvovpRQxbWgKaUfsHzqWw+":{"registrationId":1150495382,"currentRatchet":{"ephemeralKeyPair":{"pubKey":"Bb+mBSvxZJgWFHt0bN85Wi1OlocWWBDEu8um2lM00loP","privKey":"mPbjAAFdwTeMJtT4foQGb16DbI7setL+QNyBPg4NJUM="},"lastRemoteEphemeralKey":"BSEGoZl+eyrkkjbyHAZlHNREqP7AoowMAkB6aaMFlpw7","previousCounter":0,"rootKey":"u3vyFVWkx7jMQCfkaPY/4HAZVb1ae13QI7w16LzeMAc="},"indexInfo":{"baseKey":"BWFiK2xrOlViKGjOimUneowvovpRQxbWgKaUfsHzqWw+","baseKeyType":1,"closed":-1,"used":1732505406007,"created":1732505406007,"remoteIdentityKey":"BTOrOkIEoaMOOh9CLavSxZBwwVxornrW7Lnqa+ZKYyhn"},"_chains":{"Bb+mBSvxZJgWFHt0bN85Wi1OlocWWBDEu8um2lM00loP":{"chainKey":{"counter":6,"key":"kEAg5NJOupSRyJhPhlrrSrgQiUuaFreEHtw/+WN1ovw="},"chainType":1,"messageKeys":{}}},"pendingPreKey":{"signedKeyId":12,"baseKey":"BWFiK2xrOlViKGjOimUneowvovpRQxbWgKaUfsHzqWw+","preKeyId":2724805}}},"version":"v1"}