{"_sessions":{"BTJ65jKtBb3Z4ueA6sPu3KZNY2TOYzKFpmOnwLQxICVW":{"registrationId":1659806349,"currentRatchet":{"ephemeralKeyPair":{"pubKey":"BVZUY7CZJ6coF+68GXCS0VMfk+ay8+7ugUvmDlEglL5t","privKey":"ePE4lrT8JyzB3yiLSl5SHdiABSQSjygH3ZFL4wfHoEw="},"lastRemoteEphemeralKey":"BaRFneEwp9wdUET3RMJIUzTpurcjobviIQHAavIOOTsd","previousCounter":0,"rootKey":"YU08EWW0WL60PvkIusBZVJZNlQUWEgFvkgKACFAzX5M="},"indexInfo":{"baseKey":"BTJ65jKtBb3Z4ueA6sPu3KZNY2TOYzKFpmOnwLQxICVW","baseKeyType":1,"closed":-1,"used":1732505401528,"created":1732505401528,"remoteIdentityKey":"Bfigvnu0RNfORcchwwQiBNing78hzwEbhcumuEiRhd0e"},"_chains":{"BVZUY7CZJ6coF+68GXCS0VMfk+ay8+7ugUvmDlEglL5t":{"chainKey":{"counter":4,"key":"0EL9djwZQfI8PwsCRBULSB7mgmAt950+74iWVBvLAvo="},"chainType":1,"messageKeys":{}}},"pendingPreKey":{"signedKeyId":6,"baseKey":"BTJ65jKtBb3Z4ueA6sPu3KZNY2TOYzKFpmOnwLQxICVW","preKeyId":3656089}}},"version":"v1"}