{"_sessions":{"Beq6+9M+G4Da26VnfVlcK4eZ2U0GKbiQwo7qAXHoZmBE":{"registrationId":2064714208,"currentRatchet":{"ephemeralKeyPair":{"pubKey":"BUUURvqOf2BTZsWLDK1ei9+sQWAdoM4D3QVa6FdkIMtu","privKey":"GESdFWhb0Qh4+QUuHQExi0V8hYECYLDlndRfuhx6jHA="},"lastRemoteEphemeralKey":"BceiVXBiHoTltsOj+odPBdiDZvKvuu3yHdHDSLmS3QZf","previousCounter":0,"rootKey":"1VPFRagGNX32SJHxBycYYPafIng9VJI4cqCoFfdlhes="},"indexInfo":{"baseKey":"Beq6+9M+G4Da26VnfVlcK4eZ2U0GKbiQwo7qAXHoZmBE","baseKeyType":1,"closed":1732505406451,"used":1732505403877,"created":1732505403877,"remoteIdentityKey":"BUTlrS1TOkSVdq9tY9DTBQTP4j29ma74/1F+C29Ws/QK"},"_chains":{"BUUURvqOf2BTZsWLDK1ei9+sQWAdoM4D3QVa6FdkIMtu":{"chainKey":{"counter":0,"key":"lI13mhBo6nIqHKLhjQq1Muba9ujgKUtfChOzsD0Knv4="},"chainType":1,"messageKeys":{}}},"pendingPreKey":{"signedKeyId":12,"baseKey":"Beq6+9M+G4Da26VnfVlcK4eZ2U0GKbiQwo7qAXHoZmBE","preKeyId":6928371}},"BcoLZbI76Og6CGhGfCJtP+dLt8WHxD7e3gCZ+NOE2Cto":{"registrationId":2064714208,"currentRatchet":{"ephemeralKeyPair":{"pubKey":"BbrZDYfSjxgSFdOLRdY+G6nvZQJYQaSmYabc7frDnpUO","privKey":"iKQ5R8erG7cJkZtxDQmcQK8utDQWhTYnknMwOAvO8Ec="},"lastRemoteEphemeralKey":"BceiVXBiHoTltsOj+odPBdiDZvKvuu3yHdHDSLmS3QZf","previousCounter":0,"rootKey":"TTF6koaM09hfx/DzxF4mVDRL7JYQHa67AWK1O0ZBU5M="},"indexInfo":{"baseKey":"BcoLZbI76Og6CGhGfCJtP+dLt8WHxD7e3gCZ+NOE2Cto","baseKeyType":1,"closed":-1,"used":1732505405864,"created":1732505405864,"remoteIdentityKey":"BUTlrS1TOkSVdq9tY9DTBQTP4j29ma74/1F+C29Ws/QK"},"_chains":{"BbrZDYfSjxgSFdOLRdY+G6nvZQJYQaSmYabc7frDnpUO":{"chainKey":{"counter":6,"key":"RzLqNnIhM3fHITKgCMlRZKAVh9RXvGZq4nWOfptdpbs="},"chainType":1,"messageKeys":{}}},"pendingPreKey":{"signedKeyId":12,"baseKey":"BcoLZbI76Og6CGhGfCJtP+dLt8WHxD7e3gCZ+NOE2Cto","preKeyId":6928358}}},"version":"v1"}