{"_sessions":{"BewlWYSPo8KSjDqia9G3vZBq/fF0TOcdJVqPRebwwexr":{"registrationId":1521249455,"currentRatchet":{"ephemeralKeyPair":{"pubKey":"BZxAi7Offt06SlRBPE686rCtvMZm67cdWk3KUIFDAJgk","privKey":"ODsmX3wAMQkJXnLSYoQtZbciwLNktAXBNv90L3MBsmA="},"lastRemoteEphemeralKey":"Bbgn96ATYckxP2zL2u3b8Ll2Q6EUykG76V4G5jIemM5V","previousCounter":0,"rootKey":"t29RPSdaTMLpZbvcFZqjDpjRFMGEck9JSXP4V93lg1M="},"indexInfo":{"baseKey":"BewlWYSPo8KSjDqia9G3vZBq/fF0TOcdJVqPRebwwexr","baseKeyType":1,"closed":1732505406027,"used":1732505403794,"created":1732505403794,"remoteIdentityKey":"BaifnWK9aivNPDkvVBf/iPZ2dWq6thIiwmywiIwivhRT"},"_chains":{"BZxAi7Offt06SlRBPE686rCtvMZm67cdWk3KUIFDAJgk":{"chainKey":{"counter":0,"key":"68oJRfrLdAFVS9dH+5EIV2SICFpYGSgtvgfVuGm5g14="},"chainType":1,"messageKeys":{}}},"pendingPreKey":{"signedKeyId":3,"baseKey":"BewlWYSPo8KSjDqia9G3vZBq/fF0TOcdJVqPRebwwexr","preKeyId":13938215}},"BSyhukx9ilN4vc9gyZeXr/Yit7+UlxeRAmjfFvp4IcFT":{"registrationId":1521249455,"currentRatchet":{"ephemeralKeyPair":{"pubKey":"BXVRKrKWUmSwGtJtYZGBNuVfDrAUi6KwuLC10V+Kr05h","privKey":"WJPmRaaN7UL9JYXM6KUyrOZNUJIH98obNQQRoeAfIl4="},"lastRemoteEphemeralKey":"Bbgn96ATYckxP2zL2u3b8Ll2Q6EUykG76V4G5jIemM5V","previousCounter":0,"rootKey":"T9rTmF9BYoOMIGcFZf8Ak7gQwCwvOlvgvG8iuEVhnAk="},"indexInfo":{"baseKey":"BSyhukx9ilN4vc9gyZeXr/Yit7+UlxeRAmjfFvp4IcFT","baseKeyType":1,"closed":-1,"used":1732505405770,"created":1732505405770,"remoteIdentityKey":"BaifnWK9aivNPDkvVBf/iPZ2dWq6thIiwmywiIwivhRT"},"_chains":{"BXVRKrKWUmSwGtJtYZGBNuVfDrAUi6KwuLC10V+Kr05h":{"chainKey":{"counter":6,"key":"J3jdfssTmP3pWpQ97AJglbfEqLlOopS3kmUfKTBoB4M="},"chainType":1,"messageKeys":{}}},"pendingPreKey":{"signedKeyId":3,"baseKey":"BSyhukx9ilN4vc9gyZeXr/Yit7+UlxeRAmjfFvp4IcFT","preKeyId":13938742}}},"version":"v1"}