{"_sessions":{"BcOWoHpDEdlMGntp5l+iWA8iy/QmtROKkF/i9CAHmwJ0":{"registrationId":1642567010,"currentRatchet":{"ephemeralKeyPair":{"pubKey":"BYai5aCLzoOScabDWdz+9nItGcPQ7vkcYVIS3yHlnzMR","privKey":"8A/ENWjFDjdgOvSRb1v5SbKX42fkQ55tKv6hFYXGj1U="},"lastRemoteEphemeralKey":"BfhGyxNb5MgHU0sQcdIcAyTodNoC+8S8iby0jhhxmY9F","previousCounter":2,"rootKey":"/quEAsW5Aq8d6DT4eJ1N0ipmfkkQSGBoq/UuFUvIjiU="},"indexInfo":{"baseKey":"BcOWoHpDEdlMGntp5l+iWA8iy/QmtROKkF/i9CAHmwJ0","baseKeyType":1,"closed":-1,"used":1732508154595,"created":1732505401513,"remoteIdentityKey":"BWm7a1UfMtaPnB31dB4zIyeDdOLUGRI1p+tFEQ5Xt/Ij"},"_chains":{"BfhGyxNb5MgHU0sQcdIcAyTodNoC+8S8iby0jhhxmY9F":{"chainKey":{"counter":0,"key":"sIJsy7sxbjb6w8bB5JrZ6NCqUWKzFlGmY3HRjKiueRQ="},"chainType":2,"messageKeys":{}},"BYai5aCLzoOScabDWdz+9nItGcPQ7vkcYVIS3yHlnzMR":{"chainKey":{"counter":1,"key":"QLtbNaGDbFE2tULjacKx6DBTP0xYIRtyhTYFB+8E6Mk="},"chainType":1,"messageKeys":{}}}}},"version":"v1"}