{"_sessions":{"BTNs9aBkl9eGBFTJfJz6SrMMM8HTlCLmSYDJgadyoY0u":{"registrationId":1931609360,"currentRatchet":{"ephemeralKeyPair":{"pubKey":"BaXuK7RxgbWVGC/H0blFuWcdIrTnYTTi+oz3aDAokEsQ","privKey":"oICzLVhIrCd3AxxZv7k2tYwBOiJJz+BynEJ6pdlNvGo="},"lastRemoteEphemeralKey":"BReBUYO7x8Sy11Ow3anULTp7eY2xGcOMuzd3iZZyGGki","previousCounter":0,"rootKey":"hR5gQ1J0oIrFu7GeWw8unBE7aSMLEYc01EO9uJnaet0="},"indexInfo":{"baseKey":"BTNs9aBkl9eGBFTJfJz6SrMMM8HTlCLmSYDJgadyoY0u","baseKeyType":1,"closed":1732505406900,"used":1732505403947,"created":1732505403947,"remoteIdentityKey":"BYnCsQhWlGYLV8LGYGx35sUeRDCF7GAKazsTSJlsoVd1"},"_chains":{"BaXuK7RxgbWVGC/H0blFuWcdIrTnYTTi+oz3aDAokEsQ":{"chainKey":{"counter":0,"key":"pi2ojDpMB9QM83K/GFra1E22F/hwO9IZAh2bTcuLE/U="},"chainType":1,"messageKeys":{}}},"pendingPreKey":{"signedKeyId":2,"baseKey":"BTNs9aBkl9eGBFTJfJz6SrMMM8HTlCLmSYDJgadyoY0u","preKeyId":16593836}},"BYwdGcd0tIKXccNu3V0titA64N9l5nwsXKhsCM2Tkn8C":{"registrationId":1931609360,"currentRatchet":{"ephemeralKeyPair":{"pubKey":"Bc7jg3TkwTDAPzTdGspgbGLGzkgJDO/pbNGaJWUlctR7","privKey":"yLtDaMzb7KxUYLX5jkmEexFZrHfYIBibt1v7TerGD0E="},"lastRemoteEphemeralKey":"BeOGEGrVF9kiSqwIUdDMIOzyNgJftdF6vdMpwcsTWJ5I","previousCounter":3,"rootKey":"fEPzwdXVq+l0S2SOHIh9O/Hy2A5DxN9UcK/A9O2Qck0="},"indexInfo":{"baseKey":"BYwdGcd0tIKXccNu3V0titA64N9l5nwsXKhsCM2Tkn8C","baseKeyType":1,"closed":-1,"used":1732506711834,"created":1732505405937,"remoteIdentityKey":"BYnCsQhWlGYLV8LGYGx35sUeRDCF7GAKazsTSJlsoVd1"},"_chains":{"BeOGEGrVF9kiSqwIUdDMIOzyNgJftdF6vdMpwcsTWJ5I":{"chainKey":{"counter":0,"key":"shqzFTWaReAbEkz6MF2OSiAnX9BaLpHpL7D0oRaxlIk="},"chainType":2,"messageKeys":{}},"Bc7jg3TkwTDAPzTdGspgbGLGzkgJDO/pbNGaJWUlctR7":{"chainKey":{"counter":2,"key":"CVCYcLcFLH0Uh8QZndH21pTccJrOKRauPJm9FfDMaC4="},"chainType":1,"messageKeys":{}}}}},"version":"v1"}