{"_sessions":{"BYdZWfqQF164u/ZngFFTVn3ISnYwUblMJzSLO4LZsz8y":{"registrationId":1314110471,"currentRatchet":{"ephemeralKeyPair":{"pubKey":"Bdji0qzU2amNtgRUPJj3AR6V3RaclGCFg53yyrl6a+kZ","privKey":"iMI4YzGJ0cxBHXX65gBlr3uDAYPZWE8XQNsqjvW5IHA="},"lastRemoteEphemeralKey":"Bfgf1ao0Mq9X/HzoBeCo1cOZ9voKEi8MejatMZ2Jgt8p","previousCounter":0,"rootKey":"/e+TOcOu4KI8C2j/UgubxpCQlrKk5UbZKcXJK0ozEfg="},"indexInfo":{"baseKey":"BYdZWfqQF164u/ZngFFTVn3ISnYwUblMJzSLO4LZsz8y","baseKeyType":1,"closed":1732505406027,"used":1732505403799,"created":1732505403799,"remoteIdentityKey":"BQDduyKMxPKcigbvxiBnkGtwjZ5d7O5BjxHklTFjHOBq"},"_chains":{"Bdji0qzU2amNtgRUPJj3AR6V3RaclGCFg53yyrl6a+kZ":{"chainKey":{"counter":0,"key":"cpGaiGzw+jyRMTP8HVhgyFGmXqeOVgVViUg86eijCVQ="},"chainType":1,"messageKeys":{}}},"pendingPreKey":{"signedKeyId":15,"baseKey":"BYdZWfqQF164u/ZngFFTVn3ISnYwUblMJzSLO4LZsz8y","preKeyId":6764519}},"BUNEeu1GLmfeTVJ9AyprdKZJF8+6W50FGg8PdGhdfi49":{"registrationId":1314110471,"currentRatchet":{"ephemeralKeyPair":{"pubKey":"BYRruCT3EYZiFNEfGrycyiBmsGFk7Xj7S8rAQcnbI/pY","privKey":"0O1XKG11aFdp84MUkRojkNzZasSmGDnno8BTAYyDr3A="},"lastRemoteEphemeralKey":"Bfgf1ao0Mq9X/HzoBeCo1cOZ9voKEi8MejatMZ2Jgt8p","previousCounter":0,"rootKey":"H0HQlNWzBMiNGZcQnEDbUN8Cim9yJwjDVUfAwO8Z104="},"indexInfo":{"baseKey":"BUNEeu1GLmfeTVJ9AyprdKZJF8+6W50FGg8PdGhdfi49","baseKeyType":1,"closed":-1,"used":1732505405775,"created":1732505405775,"remoteIdentityKey":"BQDduyKMxPKcigbvxiBnkGtwjZ5d7O5BjxHklTFjHOBq"},"_chains":{"BYRruCT3EYZiFNEfGrycyiBmsGFk7Xj7S8rAQcnbI/pY":{"chainKey":{"counter":6,"key":"IVxKGKFoBzwgT2rJOauDYH0mYjv5rneUJX2xPrMCaT8="},"chainType":1,"messageKeys":{}}},"pendingPreKey":{"signedKeyId":15,"baseKey":"BUNEeu1GLmfeTVJ9AyprdKZJF8+6W50FGg8PdGhdfi49","preKeyId":6763540}}},"version":"v1"}