{"_sessions":{"BQoFw5ogzdyQXO8W/Y0+3YIESl849Zcyvk2dv7RRy/kH":{"registrationId":1940976271,"currentRatchet":{"ephemeralKeyPair":{"pubKey":"BRUqNnYkr4FcuR9NpPPhPXdESdNVxfzYYF5CINyI3jxP","privKey":"wKhDue3MI4SHGKh0y2UUXY26Wt5QRrLU0RMmickVv3o="},"lastRemoteEphemeralKey":"BZjlAkszP+lnWqMKksn9RNZr6eu0lxbpqYqXVFzZRLVv","previousCounter":0,"rootKey":"9RPzgcbrj9JWeO6OnRDi3MM1KGTi8hlWFj11OfgdNXQ="},"indexInfo":{"baseKey":"BQoFw5ogzdyQXO8W/Y0+3YIESl849Zcyvk2dv7RRy/kH","baseKeyType":1,"closed":1732505406550,"used":1732505403891,"created":1732505403891,"remoteIdentityKey":"BY0vmYS0oh+M95y4g9ch0VNREm/4EEk/Rf5CcaEui/c2"},"_chains":{"BRUqNnYkr4FcuR9NpPPhPXdESdNVxfzYYF5CINyI3jxP":{"chainKey":{"counter":0,"key":"YEoQ4ECb8Kj8WTgRyXOgXAgf6D0PtaHYHTaRZlyiL/Y="},"chainType":1,"messageKeys":{}}},"pendingPreKey":{"signedKeyId":1,"baseKey":"BQoFw5ogzdyQXO8W/Y0+3YIESl849Zcyvk2dv7RRy/kH","preKeyId":1531158}},"BfgQVX1S6a9SXx5pXmDSx32j6ue5jkTTFLxfcdn7uA53":{"registrationId":1940976271,"currentRatchet":{"ephemeralKeyPair":{"pubKey":"BTFY3puPfLXiV/CcWqS8Sbj0Z7PmDfcUo+P8zTRZ6BFs","privKey":"qGCdBA+9jbq+r+39zD9uVBmMo7Nxd0NIJUExBSbWU0c="},"lastRemoteEphemeralKey":"BZjlAkszP+lnWqMKksn9RNZr6eu0lxbpqYqXVFzZRLVv","previousCounter":0,"rootKey":"AvmZN5tRODaPl1dyPfs65lMzjbA7IGUqX3kE8xSrL5s="},"indexInfo":{"baseKey":"BfgQVX1S6a9SXx5pXmDSx32j6ue5jkTTFLxfcdn7uA53","baseKeyType":1,"closed":-1,"used":1732505405878,"created":1732505405878,"remoteIdentityKey":"BY0vmYS0oh+M95y4g9ch0VNREm/4EEk/Rf5CcaEui/c2"},"_chains":{"BTFY3puPfLXiV/CcWqS8Sbj0Z7PmDfcUo+P8zTRZ6BFs":{"chainKey":{"counter":6,"key":"+xJU84uFmNAb7eJbg0iWBYRD7ndEZ0yvLspoQvMpfpo="},"chainType":1,"messageKeys":{}}},"pendingPreKey":{"signedKeyId":1,"baseKey":"BfgQVX1S6a9SXx5pXmDSx32j6ue5jkTTFLxfcdn7uA53","preKeyId":1531081}}},"version":"v1"}