{"_sessions":{"BUaotLCyowtzV8iVRvOpDTnca6wigxpbslmPPcLJoXdZ":{"registrationId":2007923591,"currentRatchet":{"ephemeralKeyPair":{"pubKey":"Bb4wbSEPjNxObxMjwEeYON7+nI9TDw/FHnYzZqUYKStL","privKey":"WItTxag3U0fOzwpa83Aic8dkbQmZ4btR4q5uxq6LrUk="},"lastRemoteEphemeralKey":"BdaB+XY8txqz/8Gmq+E3PRaIo7qwASOzb4X5USk6RggF","previousCounter":0,"rootKey":"EddHQqCQptJm4QQaOqk4AlCpo+QVo2ENUMvLufjqK7Y="},"indexInfo":{"baseKey":"BUaotLCyowtzV8iVRvOpDTnca6wigxpbslmPPcLJoXdZ","baseKeyType":1,"closed":1732505406851,"used":1732505403941,"created":1732505403941,"remoteIdentityKey":"BfmyxES0B7ugtCL2gnvf/lkkxgIinj+Yd4G85DWhsJ1B"},"_chains":{"Bb4wbSEPjNxObxMjwEeYON7+nI9TDw/FHnYzZqUYKStL":{"chainKey":{"counter":0,"key":"JXGRMAQKul/bzoQnOLbcWe3KmOJCrxoTH73OnvPFWtY="},"chainType":1,"messageKeys":{}}},"pendingPreKey":{"signedKeyId":0,"baseKey":"BUaotLCyowtzV8iVRvOpDTnca6wigxpbslmPPcLJoXdZ","preKeyId":7944783}},"BVm7xaO4baqL79i8OT/pcSQoq2trLQ3CC0J9CRtJ/cxV":{"registrationId":2007923591,"currentRatchet":{"ephemeralKeyPair":{"pubKey":"BfrIcTADCm3ExJ1keoQ6txUgJdOGPc/hsDBzwuW07fop","privKey":"4JFXg4dmW8yUR0mxuvCsEBXEDu/kDLLPP1b5d39sS2A="},"lastRemoteEphemeralKey":"BdaB+XY8txqz/8Gmq+E3PRaIo7qwASOzb4X5USk6RggF","previousCounter":0,"rootKey":"5P8j+/FgjZxmjPw5IRvC6hSOHFqacVuphNK+oUTUhvM="},"indexInfo":{"baseKey":"BVm7xaO4baqL79i8OT/pcSQoq2trLQ3CC0J9CRtJ/cxV","baseKeyType":1,"closed":-1,"used":1732505405931,"created":1732505405931,"remoteIdentityKey":"BfmyxES0B7ugtCL2gnvf/lkkxgIinj+Yd4G85DWhsJ1B"},"_chains":{"BfrIcTADCm3ExJ1keoQ6txUgJdOGPc/hsDBzwuW07fop":{"chainKey":{"counter":6,"key":"g+rFPe4XFqhn4rdTUlDCFnSiaLG/un8wlxdFbsp2eTU="},"chainType":1,"messageKeys":{}}},"pendingPreKey":{"signedKeyId":0,"baseKey":"BVm7xaO4baqL79i8OT/pcSQoq2trLQ3CC0J9CRtJ/cxV","preKeyId":7945504}}},"version":"v1"}