{"_sessions":{"BQ8LnC26LrvXZXXN8zfL/4RAFKqJHy/Nby0nWTD3croj":{"registrationId":917629791,"currentRatchet":{"ephemeralKeyPair":{"pubKey":"BbfAbMC+Ay5V8Ip+MiKN36WKEfFZCDtiPG8g1ds/f80A","privKey":"yMMqO9ONGdg7MXK1AOy10+nEvBRQgPEamIuG/2cLR2w="},"lastRemoteEphemeralKey":"BRzIYq0QZySlbBvG3tjKZ75DJhkzqucpegJzb7Zy75FA","previousCounter":0,"rootKey":"scONz4L0zGkTLbyierudR95Z3opzzoVxv1lg4vzeoiU="},"indexInfo":{"baseKey":"BQ8LnC26LrvXZXXN8zfL/4RAFKqJHy/Nby0nWTD3croj","baseKeyType":1,"closed":1732505406301,"used":1732505403857,"created":1732505403857,"remoteIdentityKey":"BUC4xrIwukk7KYFIfGmG67dHGSAOMonWK8amtbzQVmtw"},"_chains":{"BbfAbMC+Ay5V8Ip+MiKN36WKEfFZCDtiPG8g1ds/f80A":{"chainKey":{"counter":0,"key":"7p4fkBBOAH4aLx42bi0B4F5NTcg2XaobyAcLsm+OLow="},"chainType":1,"messageKeys":{}}},"pendingPreKey":{"signedKeyId":5,"baseKey":"BQ8LnC26LrvXZXXN8zfL/4RAFKqJHy/Nby0nWTD3croj","preKeyId":4959850}},"BQuzJmZgV9FABY6sPn6P65MZ4URpG2OZTsSmfPS4+S1b":{"registrationId":917629791,"currentRatchet":{"ephemeralKeyPair":{"pubKey":"BbIIGqBgx23x4SOzXMVAX8NkZTRjAy1/gfwRYU/RD+RL","privKey":"WPi9ek95uG1EF+eDVWU2d4+qQWiCvEiBCKgljrlLrG4="},"lastRemoteEphemeralKey":"BRzIYq0QZySlbBvG3tjKZ75DJhkzqucpegJzb7Zy75FA","previousCounter":0,"rootKey":"B61iD71hEy2VafdQybbI53ayFSmVYoOlrMVuQqgDfBc="},"indexInfo":{"baseKey":"BQuzJmZgV9FABY6sPn6P65MZ4URpG2OZTsSmfPS4+S1b","baseKeyType":1,"closed":-1,"used":1732505405844,"created":1732505405844,"remoteIdentityKey":"BUC4xrIwukk7KYFIfGmG67dHGSAOMonWK8amtbzQVmtw"},"_chains":{"BbIIGqBgx23x4SOzXMVAX8NkZTRjAy1/gfwRYU/RD+RL":{"chainKey":{"counter":6,"key":"zkiDYxzHEWFZ9S3ymeYjZl1ehOLqehna7u3MhCWw6cw="},"chainType":1,"messageKeys":{}}},"pendingPreKey":{"signedKeyId":5,"baseKey":"BQuzJmZgV9FABY6sPn6P65MZ4URpG2OZTsSmfPS4+S1b","preKeyId":4959380}}},"version":"v1"}