{"_sessions":{"BadcVeLT72D0HcctcXUyuNckBf5LkzNrSa9bRdr/t9BU":{"registrationId":528941782,"currentRatchet":{"ephemeralKeyPair":{"pubKey":"BQ993iHyXMAYg9mVXljARJwJ+NKpnDGhXyghyfvoDSNI","privKey":"OMiUrFGOjxIkKC7caWBDy255ePXn1q1kJvfVmCmCN3I="},"lastRemoteEphemeralKey":"BenvP9+6H81l7FpPbd/KFRj0FxCuTdiMfXvqZ73zLuZu","previousCounter":0,"rootKey":"NSGnQIXW+Ufm43IZLfOhk2Oc7XtTXj09THRaXitZFA0="},"indexInfo":{"baseKey":"BadcVeLT72D0HcctcXUyuNckBf5LkzNrSa9bRdr/t9BU","baseKeyType":1,"closed":-1,"used":1732505401482,"created":1732505401482,"remoteIdentityKey":"BUAudjOuWeqvr89mEUI3R1pKvCurUDZbaojU8bDxBOEy"},"_chains":{"BQ993iHyXMAYg9mVXljARJwJ+NKpnDGhXyghyfvoDSNI":{"chainKey":{"counter":12,"key":"qSoLRsRurk7GdtT/EWMALmwVfuamlmpdD+2E66M/X/g="},"chainType":1,"messageKeys":{}}},"pendingPreKey":{"signedKeyId":3,"baseKey":"BadcVeLT72D0HcctcXUyuNckBf5LkzNrSa9bRdr/t9BU"}}},"version":"v1"}