{"_sessions":{"BcJm4hXMtdn0vkl+ejKqGyK0rfBtdiQa3K8DCRFQRadi":{"registrationId":183054740,"currentRatchet":{"ephemeralKeyPair":{"pubKey":"Beps5I2IER1Lyc7zsjLImd3sr19TQdcORQqcsmbYX/9j","privKey":"iHQAYOXJ4GfttTXP3u8AT3fT2XHtbNSNxW/duftubWs="},"lastRemoteEphemeralKey":"BavyCaE4mf/4WQbjHa5y+W3qsU/DDkwYITINntdaPs8G","previousCounter":0,"rootKey":"NNxlHj3cB/UrjpVbJkepwazXCbLvezgOsYNDhoSExfI="},"indexInfo":{"baseKey":"BcJm4hXMtdn0vkl+ejKqGyK0rfBtdiQa3K8DCRFQRadi","baseKeyType":1,"closed":1732511425730,"used":1732511425663,"created":1732511425663,"remoteIdentityKey":"Ba/PjiHb9gy4qwxHc6P4cL+y1Yn9i9tkFaBkgmzIKQcX"},"_chains":{"Beps5I2IER1Lyc7zsjLImd3sr19TQdcORQqcsmbYX/9j":{"chainKey":{"counter":0,"key":"7ZQ10z7d1E2qBHmlvapt9rF7jEJQnU8nzhe0OMiFA2w="},"chainType":1,"messageKeys":{}}},"pendingPreKey":{"signedKeyId":741,"baseKey":"BcJm4hXMtdn0vkl+ejKqGyK0rfBtdiQa3K8DCRFQRadi","preKeyId":12547336}},"Bagu9anYPv+OcK7Q63UyHCaDbGH7mTy2LFppYYzCEjcX":{"registrationId":183054740,"currentRatchet":{"ephemeralKeyPair":{"pubKey":"BWP734SX+uYyg46MdzQius3ewpSOeV2i4d57e/1qpm1y","privKey":"IKP9+sgFEPvIC1b5jg/4DIPogkmSvL1A5FrOpR9Da38="},"lastRemoteEphemeralKey":"BavyCaE4mf/4WQbjHa5y+W3qsU/DDkwYITINntdaPs8G","previousCounter":0,"rootKey":"mjoG1UZzpCTwLYxpy6lwSo0VAugyspXSYSrvsLN7ugI="},"indexInfo":{"baseKey":"Bagu9anYPv+OcK7Q63UyHCaDbGH7mTy2LFppYYzCEjcX","baseKeyType":1,"closed":-1,"used":1732511425729,"created":1732511425729,"remoteIdentityKey":"Ba/PjiHb9gy4qwxHc6P4cL+y1Yn9i9tkFaBkgmzIKQcX"},"_chains":{"BWP734SX+uYyg46MdzQius3ewpSOeV2i4d57e/1qpm1y":{"chainKey":{"counter":1,"key":"QHOyof7x/RUp7o2sHRhoau3HFkfncaeDmIFPkPzMYks="},"chainType":1,"messageKeys":{}}},"pendingPreKey":{"signedKeyId":741,"baseKey":"Bagu9anYPv+OcK7Q63UyHCaDbGH7mTy2LFppYYzCEjcX","preKeyId":12545443}}},"version":"v1"}