{"_sessions":{"BQMx1cjhi8kT0FgUOUc5+e/t5Rj5cjOXhE58FYj4kudk":{"registrationId":1146415271,"currentRatchet":{"ephemeralKeyPair":{"pubKey":"BbRU6eSMvqvgjcL0IHIaEqVRyQS1iLumdKcPFYbVMg9i","privKey":"2ODOeVmftNj1aqRIr+Wis2DYiRGw1HYrwr9Nk4QPAlg="},"lastRemoteEphemeralKey":"Bc97L2KACpvtgdpy51GL/+W/mDu+8gjaLofwT/V6Tald","previousCounter":0,"rootKey":"/TFCLRQM7nzm/A+JNIvsU39e+ZwuGoALmQ6YqFrTEXU="},"indexInfo":{"baseKey":"BQMx1cjhi8kT0FgUOUc5+e/t5Rj5cjOXhE58FYj4kudk","baseKeyType":1,"closed":1732505407000,"used":1732505403962,"created":1732505403962,"remoteIdentityKey":"BR/E2Wo4vTWfZiFFP2C489j50LeVPpSg4SCzGLf6/l97"},"_chains":{"BbRU6eSMvqvgjcL0IHIaEqVRyQS1iLumdKcPFYbVMg9i":{"chainKey":{"counter":0,"key":"ev0T4wVtDebabW6pIAptuU3yv7E3+6scGuIHi74EjXY="},"chainType":1,"messageKeys":{}}},"pendingPreKey":{"signedKeyId":42,"baseKey":"BQMx1cjhi8kT0FgUOUc5+e/t5Rj5cjOXhE58FYj4kudk","preKeyId":14901424}},"BUGUGRarvwchYmDgGZ0VoaZ+tIPA7qkGJNYaMnMttZJH":{"registrationId":1146415271,"currentRatchet":{"ephemeralKeyPair":{"pubKey":"BTSKuA3/3ysU5H80KYWSrVB50lIc6az3i+Q/7VqvQhJs","privKey":"OB28efgI3fVOnL62kkfoEFg+xk51wmzVyDadR/2TN1M="},"lastRemoteEphemeralKey":"Bc97L2KACpvtgdpy51GL/+W/mDu+8gjaLofwT/V6Tald","previousCounter":0,"rootKey":"LghhVj+lJCNEGgIhpcrl6Bru67s1RQB0tIN/jpRk4lQ="},"indexInfo":{"baseKey":"BUGUGRarvwchYmDgGZ0VoaZ+tIPA7qkGJNYaMnMttZJH","baseKeyType":1,"closed":-1,"used":1732505405951,"created":1732505405951,"remoteIdentityKey":"BR/E2Wo4vTWfZiFFP2C489j50LeVPpSg4SCzGLf6/l97"},"_chains":{"BTSKuA3/3ysU5H80KYWSrVB50lIc6az3i+Q/7VqvQhJs":{"chainKey":{"counter":6,"key":"IaoquNbg/mPfGwNM7ie/NhbMDfvSkGL3aAbKlhufUMc="},"chainType":1,"messageKeys":{}}},"pendingPreKey":{"signedKeyId":42,"baseKey":"BUGUGRarvwchYmDgGZ0VoaZ+tIPA7qkGJNYaMnMttZJH","preKeyId":14901430}}},"version":"v1"}