{"_sessions":{"BRuSPl+N6YyTLTKWpVfZqmUqO8nIFoQCVR6Ou+Jn8cZu":{"registrationId":461766793,"currentRatchet":{"ephemeralKeyPair":{"pubKey":"BbC1BmzeBg+3ut3VvwVm4zK+9H9yPyuqV7pCD/rQ35Aq","privKey":"qOmRyXmGsBD6hgUPLDRKsRJ4e2NyOPIWaD8qqu2C/l0="},"lastRemoteEphemeralKey":"BSNnao7RkNXYLnJ4/4763KShSVaB2D1klYjcaUEmXlJl","previousCounter":0,"rootKey":"Dy9jSo4Y2RYpJIsYi41XNOysEXibdBPL/JOpPPjn8Hg="},"indexInfo":{"baseKey":"BRuSPl+N6YyTLTKWpVfZqmUqO8nIFoQCVR6Ou+Jn8cZu","baseKeyType":1,"closed":1732505406600,"used":1732505403899,"created":1732505403899,"remoteIdentityKey":"BUI/Pg6AQnM36BOlgeRaDT2A2sfn5+48brziQ+CW+gwM"},"_chains":{"BbC1BmzeBg+3ut3VvwVm4zK+9H9yPyuqV7pCD/rQ35Aq":{"chainKey":{"counter":0,"key":"SPsCfPybgv4QhE7A14WCGcLPR9xW+6FeBMQmkJtT1QU="},"chainType":1,"messageKeys":{}}},"pendingPreKey":{"signedKeyId":12062864,"baseKey":"BRuSPl+N6YyTLTKWpVfZqmUqO8nIFoQCVR6Ou+Jn8cZu","preKeyId":11247}},"BUve+wwWN68vsHS/+Kuss03Jd2FkjbZbJMObsBuvcasv":{"registrationId":461766793,"currentRatchet":{"ephemeralKeyPair":{"pubKey":"BRqT2fpulPdNZaHFKfFLPOMFzlEHMM0Ayyy2VLisWDAu","privKey":"QB/4w9dJbtv4XDeUckp2cGkWlt32k09/zSZKwnzpanU="},"lastRemoteEphemeralKey":"BSNnao7RkNXYLnJ4/4763KShSVaB2D1klYjcaUEmXlJl","previousCounter":0,"rootKey":"9mXbouWFob/K9petMuBEu+4VLKyAerQeNMye8SW5jdQ="},"indexInfo":{"baseKey":"BUve+wwWN68vsHS/+Kuss03Jd2FkjbZbJMObsBuvcasv","baseKeyType":1,"closed":-1,"used":1732505405887,"created":1732505405887,"remoteIdentityKey":"BUI/Pg6AQnM36BOlgeRaDT2A2sfn5+48brziQ+CW+gwM"},"_chains":{"BRqT2fpulPdNZaHFKfFLPOMFzlEHMM0Ayyy2VLisWDAu":{"chainKey":{"counter":6,"key":"NEo9qsVFVg0A51gd7iTo/hKQMQ/kLxa6yhmt3iE6wAQ="},"chainType":1,"messageKeys":{}}},"pendingPreKey":{"signedKeyId":12062864,"baseKey":"BUve+wwWN68vsHS/+Kuss03Jd2FkjbZbJMObsBuvcasv","preKeyId":10569}}},"version":"v1"}