{"_sessions":{"BfGUyycvpwvw/DdQU23yo/KjMBdadpISVJteeZOGrcwB":{"registrationId":15,"currentRatchet":{"ephemeralKeyPair":{"pubKey":"BSbcUOnXAJSGCaN42C4K/odEswPejkVvuOgWdlWVxsF3","privKey":"aBreOYbVIcxmFxwSH2y2c+2z33W8oFEVcjIQL80qh04="},"lastRemoteEphemeralKey":"Bf5ahNs8RkzSjaeoke3FHR1h0RSJc9PSVE3FQVBzUppm","previousCounter":3,"rootKey":"FnBxD4LZ/OtgI6Nb/nIVXdOVSaoRIRVurGr62+05o8Q="},"indexInfo":{"baseKey":"BfGUyycvpwvw/DdQU23yo/KjMBdadpISVJteeZOGrcwB","baseKeyType":1,"closed":-1,"used":1732508157337,"created":1732505401463,"remoteIdentityKey":"Bdn5r2lOUq7BnsNi6nblEa9IsylkDuUj7oIcpJEP3YI3"},"_chains":{"Bf5ahNs8RkzSjaeoke3FHR1h0RSJc9PSVE3FQVBzUppm":{"chainKey":{"counter":0,"key":"XiN9CF1R4z4FY+WouEUmrRtDftYY7+CEuKQ+ZFuD3vY="},"chainType":2,"messageKeys":{}},"BSbcUOnXAJSGCaN42C4K/odEswPejkVvuOgWdlWVxsF3":{"chainKey":{"counter":0,"key":"9RQlbJrmVtqNl3PnMGQh49worZAd5DCQ6nlDsZVOdA0="},"chainType":1,"messageKeys":{}}}}},"version":"v1"}