{"_sessions":{"Ba/1QjAs1b5fW4AGmIZgo+uStELn5OZNeIovGISXPClx":{"registrationId":1972385815,"currentRatchet":{"ephemeralKeyPair":{"pubKey":"BWIlqwxYXkOjAxpiSTnkyxWf0GbLqi0TvjlJi0yyKLBu","privKey":"WJsu5TdzhHvFkw7G04p1j7M9k92DTSGKL5cQccabFFc="},"lastRemoteEphemeralKey":"BVe/nE0ErJOsrAQiMuMkuPkeZ406GOkTX46sYdHXJ3ZX","previousCounter":0,"rootKey":"7FhE6CMpFVAtJhdErHWh0pbrl3/P+YU1x+6lWQpPWvA="},"indexInfo":{"baseKey":"Ba/1QjAs1b5fW4AGmIZgo+uStELn5OZNeIovGISXPClx","baseKeyType":1,"closed":1732505406026,"used":1732505403761,"created":1732505403761,"remoteIdentityKey":"BV22Sr8Xz5+GBRaBchKSLgy+SahXzOUeWbhgkCSHoTFc"},"_chains":{"BWIlqwxYXkOjAxpiSTnkyxWf0GbLqi0TvjlJi0yyKLBu":{"chainKey":{"counter":0,"key":"Cs54cZQ4j6CxHa1Rvw3CJgLf1LcASGf550QzDuzlK/U="},"chainType":1,"messageKeys":{}}},"pendingPreKey":{"signedKeyId":4,"baseKey":"Ba/1QjAs1b5fW4AGmIZgo+uStELn5OZNeIovGISXPClx"}},"BbYcLNuUSxHDZ2tBmGYCfdQkPYs/luoBAF4hOaWTUAYY":{"registrationId":1972385815,"currentRatchet":{"ephemeralKeyPair":{"pubKey":"Ba4120pcGGqbSsonrsqlfAWr5kfe6WiwpNMkYd6PmQdf","privKey":"yMvMPSRRu4LPvWbu//xTyZAdwWD0biyzizAorDsZkVs="},"lastRemoteEphemeralKey":"BVe/nE0ErJOsrAQiMuMkuPkeZ406GOkTX46sYdHXJ3ZX","previousCounter":0,"rootKey":"k8fimA1jjaxHWKEmdVC6sTxMEhY0SjCoVjjnlNQ6Dl0="},"indexInfo":{"baseKey":"BbYcLNuUSxHDZ2tBmGYCfdQkPYs/luoBAF4hOaWTUAYY","baseKeyType":1,"closed":-1,"used":1732505405756,"created":1732505405756,"remoteIdentityKey":"BV22Sr8Xz5+GBRaBchKSLgy+SahXzOUeWbhgkCSHoTFc"},"_chains":{"Ba4120pcGGqbSsonrsqlfAWr5kfe6WiwpNMkYd6PmQdf":{"chainKey":{"counter":6,"key":"v1gwzDX+SMxlmeELk6pARVqEDC9vBuU6hugrw83m370="},"chainType":1,"messageKeys":{}}},"pendingPreKey":{"signedKeyId":4,"baseKey":"BbYcLNuUSxHDZ2tBmGYCfdQkPYs/luoBAF4hOaWTUAYY"}}},"version":"v1"}