{"_sessions":{"BcKEwfy61c/Gd0HGJwbhsUKTOcp7JENCfPwWfgMl52pz":{"registrationId":1703937106,"currentRatchet":{"ephemeralKeyPair":{"pubKey":"BaLhW6wfKUmaaINNQULwyeXwBrsy6O6blDP1C3daf6kw","privKey":"oEjh7oFQGDANyf18CSglZE8skNVrvgOF5Nt5fw+NvWM="},"lastRemoteEphemeralKey":"Bdot94N6oVJy1RvoOifH1r5yHScAq6EunHtRRoyjMAhi","previousCounter":0,"rootKey":"4qw4Or+TDVLruyVwSHvX4wCgw8hTWb2j66bt1AkOwuI="},"indexInfo":{"baseKey":"BcKEwfy61c/Gd0HGJwbhsUKTOcp7JENCfPwWfgMl52pz","baseKeyType":1,"closed":1732505407350,"used":1732505404022,"created":1732505404022,"remoteIdentityKey":"BchcS773SgaN0c7+mf6KpWDhIFsj9tMkEWyg3IKzgPVA"},"_chains":{"BaLhW6wfKUmaaINNQULwyeXwBrsy6O6blDP1C3daf6kw":{"chainKey":{"counter":0,"key":"hT3fKVWFwJtBa7fjIRLFEPCDgWimoEkNUc8bXUKXEDc="},"chainType":1,"messageKeys":{}}},"pendingPreKey":{"signedKeyId":8,"baseKey":"BcKEwfy61c/Gd0HGJwbhsUKTOcp7JENCfPwWfgMl52pz","preKeyId":14849503}},"BdYqy5ZZjSIaS7+Ts07htOmas989X+rRIH9kyCIpGqgy":{"registrationId":1703937106,"currentRatchet":{"ephemeralKeyPair":{"pubKey":"BSCMORfGWozm9aXexI/XeMP0aUnIDx4Fjzybw0unJWtY","privKey":"GCe5ASOBDecTJ7N3llgo8AxorzdE0rcGbf9x+ukf2Vc="},"lastRemoteEphemeralKey":"Bdot94N6oVJy1RvoOifH1r5yHScAq6EunHtRRoyjMAhi","previousCounter":0,"rootKey":"kuOkjjR2PuKum90uHhWFlan/2iiXNmNiNQTKWhEY/js="},"indexInfo":{"baseKey":"BdYqy5ZZjSIaS7+Ts07htOmas989X+rRIH9kyCIpGqgy","baseKeyType":1,"closed":-1,"used":1732505406010,"created":1732505406010,"remoteIdentityKey":"BchcS773SgaN0c7+mf6KpWDhIFsj9tMkEWyg3IKzgPVA"},"_chains":{"BSCMORfGWozm9aXexI/XeMP0aUnIDx4Fjzybw0unJWtY":{"chainKey":{"counter":6,"key":"SHgv+ASKRZ8BiaPebtjk+6fuE57yuoKS1P4GZWcuh3M="},"chainType":1,"messageKeys":{}}},"pendingPreKey":{"signedKeyId":8,"baseKey":"BdYqy5ZZjSIaS7+Ts07htOmas989X+rRIH9kyCIpGqgy","preKeyId":14849647}}},"version":"v1"}