{"_sessions":{"Bde8G4nUTiqohJXrQIi5zFk61DBntsdjVSn3Dv+H/649":{"registrationId":1960375501,"currentRatchet":{"ephemeralKeyPair":{"pubKey":"Bb5AW2KleEicRkEDgm7rgQ1uVNp6S9xM9KRW7TFaWdIh","privKey":"sJs5f7yNmD6x+8f0zJIWJXuqDprlG0SbAnm417Z12U4="},"lastRemoteEphemeralKey":"BUdD9woyfkzZsEO709Y3NTySc8FyfME0A84icFMh+sUq","previousCounter":0,"rootKey":"7BuwLzlHpVhWXaMi6i1BseSXESF5NzkPgKNwgC0CBGc="},"indexInfo":{"baseKey":"Bde8G4nUTiqohJXrQIi5zFk61DBntsdjVSn3Dv+H/649","baseKeyType":1,"closed":1732505406250,"used":1732505403846,"created":1732505403846,"remoteIdentityKey":"BQvFKtRqpwapG4DrnVqQRu7kw+nIa65Lz4EyZ1aXQihV"},"_chains":{"Bb5AW2KleEicRkEDgm7rgQ1uVNp6S9xM9KRW7TFaWdIh":{"chainKey":{"counter":0,"key":"Bn5RTWL604DpkANIvfM/HB9HAsVqJYVB0Pb943tBVG8="},"chainType":1,"messageKeys":{}}},"pendingPreKey":{"signedKeyId":9,"baseKey":"Bde8G4nUTiqohJXrQIi5zFk61DBntsdjVSn3Dv+H/649","preKeyId":10331453}},"BUBD+UOgj3TZTZJXk6Lqo6BmG05hHiV0IsQAx2O533FR":{"registrationId":1960375501,"currentRatchet":{"ephemeralKeyPair":{"pubKey":"BQ9aR8lIHfmZEcVA27dyMZ6hktf7qqiu60A8KnXGElN5","privKey":"sEGFLsSfX2sa+G0BVJJKzMFZdxJKLnpZseSZDyVItlE="},"lastRemoteEphemeralKey":"BUdD9woyfkzZsEO709Y3NTySc8FyfME0A84icFMh+sUq","previousCounter":0,"rootKey":"Mu6nwE0SEzsEpniSy/4hnmgfUpR8M3nHV6U2XJtDH7A="},"indexInfo":{"baseKey":"BUBD+UOgj3TZTZJXk6Lqo6BmG05hHiV0IsQAx2O533FR","baseKeyType":1,"closed":-1,"used":1732505405832,"created":1732505405832,"remoteIdentityKey":"BQvFKtRqpwapG4DrnVqQRu7kw+nIa65Lz4EyZ1aXQihV"},"_chains":{"BQ9aR8lIHfmZEcVA27dyMZ6hktf7qqiu60A8KnXGElN5":{"chainKey":{"counter":6,"key":"3E/AcYKoDVGrlAqM9Xlv9P1ygjcGO+YuOf9EoKQPJ1M="},"chainType":1,"messageKeys":{}}},"pendingPreKey":{"signedKeyId":9,"baseKey":"BUBD+UOgj3TZTZJXk6Lqo6BmG05hHiV0IsQAx2O533FR","preKeyId":10331184}}},"version":"v1"}