{"_sessions":{"BTppFRKTjqnnAEckebH6etWGh1rFO/hx+H++Kq0eW2hW":{"registrationId":59,"currentRatchet":{"ephemeralKeyPair":{"pubKey":"BWCMb/eV2uvToJVFwfzZNXKivJZ7c/oAzy9CEqrNhTdb","privKey":"wO5k304b07fGnCbF41ivV4KsKhXrZHpA0Bnj/34P4k4="},"lastRemoteEphemeralKey":"BXWFZaWUWkI/waFdM+BAGqqdXyghIG6zrWtfo1DGrJMg","previousCounter":0,"rootKey":"VuGop74BGfHOHUlKQ9gaVE92bpuWLdHRluFqcRu96iM="},"indexInfo":{"baseKey":"BTppFRKTjqnnAEckebH6etWGh1rFO/hx+H++Kq0eW2hW","baseKeyType":1,"closed":1732505406019,"used":1732505403635,"created":1732505403635,"remoteIdentityKey":"BeKGABqDRhXmzx9rkTMBrNxhfuI0+VwXLDuk6bw/9RMy"},"_chains":{"BWCMb/eV2uvToJVFwfzZNXKivJZ7c/oAzy9CEqrNhTdb":{"chainKey":{"counter":0,"key":"9XBpZ16kNFum2ny24UI9cTLetq8Se9Y4Dc9AKxqiFdE="},"chainType":1,"messageKeys":{}}},"pendingPreKey":{"signedKeyId":1,"baseKey":"BTppFRKTjqnnAEckebH6etWGh1rFO/hx+H++Kq0eW2hW"}},"BYvKJ2XVv4dufZC5++5ebpBqSj52vABMFr4sJ6/3LIJT":{"registrationId":59,"currentRatchet":{"ephemeralKeyPair":{"pubKey":"Bf8P5R4z67heTZLxhtFakG82kgoel463dJarBtq4Oi1X","privKey":"mBvi8C4uuXswjLxSb8LnYxY2yEJT1ivZ+HQizLwy3lY="},"lastRemoteEphemeralKey":"BXWFZaWUWkI/waFdM+BAGqqdXyghIG6zrWtfo1DGrJMg","previousCounter":0,"rootKey":"3jefE6JRU4VGOg/hXkD5Bdt+j7zzokUJAOYEsoFU0EM="},"indexInfo":{"baseKey":"BYvKJ2XVv4dufZC5++5ebpBqSj52vABMFr4sJ6/3LIJT","baseKeyType":1,"closed":-1,"used":1732505405642,"created":1732505405642,"remoteIdentityKey":"BeKGABqDRhXmzx9rkTMBrNxhfuI0+VwXLDuk6bw/9RMy"},"_chains":{"Bf8P5R4z67heTZLxhtFakG82kgoel463dJarBtq4Oi1X":{"chainKey":{"counter":6,"key":"JAQ9EtD+Qbq2RvDfwmHQvHSS5Kfag4t9IdPrmeVUdgY="},"chainType":1,"messageKeys":{}}},"pendingPreKey":{"signedKeyId":1,"baseKey":"BYvKJ2XVv4dufZC5++5ebpBqSj52vABMFr4sJ6/3LIJT"}}},"version":"v1"}