{"_sessions":{"BULoW06ElQDfd6iyzAsepb+97xHfUVqnAHbRq4Imi3Vk":{"registrationId":708126465,"currentRatchet":{"ephemeralKeyPair":{"pubKey":"BaGCMR7BzF3No5DnHdi/48NkIEQp/UR9AFXE26IitxZe","privKey":"sJD4ANepMgJcz0eSl3XM96g2Q7Je3+jkV0PPvV+el1o="},"lastRemoteEphemeralKey":"Bb/9c5P6KnWQ53OSHh3KddxakneO8PprIhFl5HoeGhdQ","previousCounter":0,"rootKey":"Km7om6rLoxcMzAd3MIWDVTsbnBD+a0pSeSYXqtKPL6A="},"indexInfo":{"baseKey":"BULoW06ElQDfd6iyzAsepb+97xHfUVqnAHbRq4Imi3Vk","baseKeyType":1,"closed":1732505406027,"used":1732505403802,"created":1732505403802,"remoteIdentityKey":"BZI3GRzR29utXkeU9NmhM1esvwcHvnFRdzaIwgQAKEU2"},"_chains":{"BaGCMR7BzF3No5DnHdi/48NkIEQp/UR9AFXE26IitxZe":{"chainKey":{"counter":0,"key":"1WUKN2afkS4iJ6r2/ty/VyFPpaw72r/5R/zWSkwfbcs="},"chainType":1,"messageKeys":{}}},"pendingPreKey":{"signedKeyId":5,"baseKey":"BULoW06ElQDfd6iyzAsepb+97xHfUVqnAHbRq4Imi3Vk","preKeyId":13280609}},"BWNSaiEc4pIDvfziFX34W8/eLC39MmrjJoxzlT8+NBYD":{"registrationId":708126465,"currentRatchet":{"ephemeralKeyPair":{"pubKey":"BdLZM0RULcai035sLbdv1LFRw1XjabUTQJTsRikCTMBQ","privKey":"INkmRFYKh95RloU6XOjBlPUn8dilohJAGHXNmw3VCFw="},"lastRemoteEphemeralKey":"Bb/9c5P6KnWQ53OSHh3KddxakneO8PprIhFl5HoeGhdQ","previousCounter":0,"rootKey":"eEEnrZVh4WrCqILQ/b2nDOAYwS0IjB74iH4gOOA8dTA="},"indexInfo":{"baseKey":"BWNSaiEc4pIDvfziFX34W8/eLC39MmrjJoxzlT8+NBYD","baseKeyType":1,"closed":-1,"used":1732505405778,"created":1732505405778,"remoteIdentityKey":"BZI3GRzR29utXkeU9NmhM1esvwcHvnFRdzaIwgQAKEU2"},"_chains":{"BdLZM0RULcai035sLbdv1LFRw1XjabUTQJTsRikCTMBQ":{"chainKey":{"counter":6,"key":"NsQyR4WEPpGhXdp53OBndJByZnjx6ug2Gsr+NiA8lmc="},"chainType":1,"messageKeys":{}}},"pendingPreKey":{"signedKeyId":5,"baseKey":"BWNSaiEc4pIDvfziFX34W8/eLC39MmrjJoxzlT8+NBYD","preKeyId":13280877}}},"version":"v1"}