{"_sessions":{"BaMjDxird7K3Pho6TLoItdFJbO6kLwfvoOYhIEwpyKoE":{"registrationId":1418309386,"currentRatchet":{"ephemeralKeyPair":{"pubKey":"BXONhaAEvR+AVL0PRnd/JRhuxFxM0OyD+VWkgKvCnRtk","privKey":"eD6ZF8FL/Q5DTJwdgl9dNZbbgaQYSCcRTS21iNLpnW8="},"lastRemoteEphemeralKey":"BRjaqkgphLhojfmwgaUYYk09P6hgzykVu889fZVtnaRY","previousCounter":0,"rootKey":"7sIgyKxyLlonf2lyYsSZXwehPf5T3lvj+qCWSxnzph4="},"indexInfo":{"baseKey":"BaMjDxird7K3Pho6TLoItdFJbO6kLwfvoOYhIEwpyKoE","baseKeyType":1,"closed":1732505406601,"used":1732505403902,"created":1732505403902,"remoteIdentityKey":"Be00dWXx9aJ8RukhH4Kf7p530novYkcI2qPeZHc1tJNz"},"_chains":{"BXONhaAEvR+AVL0PRnd/JRhuxFxM0OyD+VWkgKvCnRtk":{"chainKey":{"counter":0,"key":"JdYgnVw1Fq6E1+9dHoqY2AIx+TBeeE8JARnzuO4keWQ="},"chainType":1,"messageKeys":{}}},"pendingPreKey":{"signedKeyId":1,"baseKey":"BaMjDxird7K3Pho6TLoItdFJbO6kLwfvoOYhIEwpyKoE","preKeyId":13239928}},"BXIhGa9Mo0SEeoUJWc3bPFXUa9Re+Ctv7h++JKrK4nl4":{"registrationId":1418309386,"currentRatchet":{"ephemeralKeyPair":{"pubKey":"BaIZrIe0KYpqe1uBJu1Rq9+ukbD18yvu9ONGd3/ZbVxG","privKey":"mJA/ml7TD4VJB1UIrg1BbhsdqBi+O+wEFWPyG97j2Vw="},"lastRemoteEphemeralKey":"BRjaqkgphLhojfmwgaUYYk09P6hgzykVu889fZVtnaRY","previousCounter":0,"rootKey":"PB5A1vX/AVXcQTthkWBVAkXBl1MC4vhrATbxcEIZ4W8="},"indexInfo":{"baseKey":"BXIhGa9Mo0SEeoUJWc3bPFXUa9Re+Ctv7h++JKrK4nl4","baseKeyType":1,"closed":-1,"used":1732505405890,"created":1732505405890,"remoteIdentityKey":"Be00dWXx9aJ8RukhH4Kf7p530novYkcI2qPeZHc1tJNz"},"_chains":{"BaIZrIe0KYpqe1uBJu1Rq9+ukbD18yvu9ONGd3/ZbVxG":{"chainKey":{"counter":6,"key":"jpffSdIIajT3huWONka6uWoj9f6xc05wO593YDppisw="},"chainType":1,"messageKeys":{}}},"pendingPreKey":{"signedKeyId":1,"baseKey":"BXIhGa9Mo0SEeoUJWc3bPFXUa9Re+Ctv7h++JKrK4nl4","preKeyId":13239253}}},"version":"v1"}