{"_sessions":{"BQcCDsPiI7MY6ygwaZvChjqICH+XVQ35GY4K+EExOLsx":{"registrationId":1307452630,"currentRatchet":{"ephemeralKeyPair":{"pubKey":"BXOvzUxntF89vKj9YiFvmLAhBgok4nK9+u48aHybWwZm","privKey":"yBRtXTaYhyIfFhXsnUef5C/4+8qnmp3JPZMQ0a6tNmg="},"lastRemoteEphemeralKey":"BYlIpkEizP3sY+4XcTvd/qJsKvpfrM94z67e+YKunEdV","previousCounter":0,"rootKey":"KBwxWivJDO6njW5RiNanM2Dr1HdYvqQaPysl1njhqSY="},"indexInfo":{"baseKey":"BQcCDsPiI7MY6ygwaZvChjqICH+XVQ35GY4K+EExOLsx","baseKeyType":1,"closed":1732505406022,"used":1732505403665,"created":1732505403665,"remoteIdentityKey":"BaEic1/grOOrdczyOjiFJrHCBw6khjXeWk/n/jo1eOk3"},"_chains":{"BXOvzUxntF89vKj9YiFvmLAhBgok4nK9+u48aHybWwZm":{"chainKey":{"counter":0,"key":"4RUIN7IB96V8+3erloqZ24a/zMk3x+2ZMri/5uNady4="},"chainType":1,"messageKeys":{}}},"pendingPreKey":{"signedKeyId":1,"baseKey":"BQcCDsPiI7MY6ygwaZvChjqICH+XVQ35GY4K+EExOLsx","preKeyId":4068}},"BWDFfTX/NC10Xnnqx01svc4GacWGIrJ2oF8RO5rI49l1":{"registrationId":1307452630,"currentRatchet":{"ephemeralKeyPair":{"pubKey":"BTeWJZ1CXhsZJjWpdyn1nINTPBFfi9YqRFjHQFb5tW0J","privKey":"QEXPYtjuOO8QtaV6et1vp2huqyhugJY6hIt1Pd54tmE="},"lastRemoteEphemeralKey":"BYlIpkEizP3sY+4XcTvd/qJsKvpfrM94z67e+YKunEdV","previousCounter":0,"rootKey":"WUQCydoBfuoaib3vZCw0afS2iAqGJCD2nknmw6Wpcz4="},"indexInfo":{"baseKey":"BWDFfTX/NC10Xnnqx01svc4GacWGIrJ2oF8RO5rI49l1","baseKeyType":1,"closed":-1,"used":1732505405702,"created":1732505405702,"remoteIdentityKey":"BaEic1/grOOrdczyOjiFJrHCBw6khjXeWk/n/jo1eOk3"},"_chains":{"BTeWJZ1CXhsZJjWpdyn1nINTPBFfi9YqRFjHQFb5tW0J":{"chainKey":{"counter":6,"key":"QJsH7nvm1nC9wCSg1cbpVKybJv3rLa+9bTi7//GWfFA="},"chainType":1,"messageKeys":{}}},"pendingPreKey":{"signedKeyId":1,"baseKey":"BWDFfTX/NC10Xnnqx01svc4GacWGIrJ2oF8RO5rI49l1","preKeyId":3423}}},"version":"v1"}