{"_sessions":{"BUyyMa/dSMuiwIoH14h1Mszn8EGwsDpcKSi2AHDP2a4d":{"registrationId":1826700164,"currentRatchet":{"ephemeralKeyPair":{"pubKey":"Bc6BkncLfzoatSj7xrUlpT49VFGrTccVtecetroVfgJU","privKey":"cDCPPHKpTmoox/ezhR5ywl+zU8BiKnrD1zdeSKZbXXM="},"lastRemoteEphemeralKey":"BS0zmws8OmMWaOZLQgl881nNzIm5GY7xu9mZfzzj8Hl/","previousCounter":0,"rootKey":"clqRqGo74SavZL0Ij+RqPHL1UL6AsGAzWF6K0p0pjQg="},"indexInfo":{"baseKey":"BUyyMa/dSMuiwIoH14h1Mszn8EGwsDpcKSi2AHDP2a4d","baseKeyType":1,"closed":1732505406026,"used":1732505403756,"created":1732505403756,"remoteIdentityKey":"BcpF4gSyDbvTiE72GzyfJ1KK+SdSJnknSvCiErRBgXUq"},"_chains":{"Bc6BkncLfzoatSj7xrUlpT49VFGrTccVtecetroVfgJU":{"chainKey":{"counter":0,"key":"//uh0GX072m1HUKavGL07NOywZz+ZFlBtYlXcerh4PU="},"chainType":1,"messageKeys":{}}},"pendingPreKey":{"signedKeyId":16,"baseKey":"BUyyMa/dSMuiwIoH14h1Mszn8EGwsDpcKSi2AHDP2a4d","preKeyId":14930428}},"Be0AF6kHHjZKO9F4OkHd3LvB+c1cnCeA73fHA7rO97U0":{"registrationId":1826700164,"currentRatchet":{"ephemeralKeyPair":{"pubKey":"Bd3xI6IoznsrFwImLLfLnw/fC9jyeZqjZw7F/sZkx24t","privKey":"OBtkd2feZCW7vqpE8YdQUGPNR2B93W7uM/53rScJ8XA="},"lastRemoteEphemeralKey":"BS0zmws8OmMWaOZLQgl881nNzIm5GY7xu9mZfzzj8Hl/","previousCounter":0,"rootKey":"FU4aBjv+LsFXKvJoTR4w7/gSNQvlIcNs5neSrSla6SQ="},"indexInfo":{"baseKey":"Be0AF6kHHjZKO9F4OkHd3LvB+c1cnCeA73fHA7rO97U0","baseKeyType":1,"closed":-1,"used":1732505405750,"created":1732505405750,"remoteIdentityKey":"BcpF4gSyDbvTiE72GzyfJ1KK+SdSJnknSvCiErRBgXUq"},"_chains":{"Bd3xI6IoznsrFwImLLfLnw/fC9jyeZqjZw7F/sZkx24t":{"chainKey":{"counter":6,"key":"pdwnvt1vNhv1uYXl2owxk1Xt3gaq4X3d3tsoAGA5FXc="},"chainType":1,"messageKeys":{}}},"pendingPreKey":{"signedKeyId":16,"baseKey":"Be0AF6kHHjZKO9F4OkHd3LvB+c1cnCeA73fHA7rO97U0","preKeyId":14930283}}},"version":"v1"}