{"_sessions":{"BXjWJvEa5BOZalPqAbTRjltVBF1lfL+3lOGgf/fuqZw6":{"registrationId":13758,"currentRatchet":{"ephemeralKeyPair":{"pubKey":"BZtD03TX8NAFIho5/HJmP+gkmjw7L3bhvB2NqpEw9fsU","privKey":"oPwGt2SrJcLtsXWsN0T814LTUN7dtsHcnuXi0Epjv3s="},"lastRemoteEphemeralKey":"BcJVNw3By9CZ/zf41VMXjNiLG1DLiAnifiWFa/jq4T8O","previousCounter":0,"rootKey":"k1T7AuB1U/3onUYw3+17NmgEZztN2KUq+cCwoKEva3M="},"indexInfo":{"baseKey":"BXjWJvEa5BOZalPqAbTRjltVBF1lfL+3lOGgf/fuqZw6","baseKeyType":1,"closed":-1,"used":1732505379344,"created":1732505379344,"remoteIdentityKey":"BQSeOSS4AT4jTIZk+A31HWs8QzEtPzGqfqEmo9pOt1Z3"},"_chains":{"BZtD03TX8NAFIho5/HJmP+gkmjw7L3bhvB2NqpEw9fsU":{"chainKey":{"counter":242,"key":"qRjB1lRUFBHUPmonGGJXTymeJMgLpvx6ncLFtEbQfpY="},"chainType":1,"messageKeys":{}}},"pendingPreKey":{"signedKeyId":1,"baseKey":"BXjWJvEa5BOZalPqAbTRjltVBF1lfL+3lOGgf/fuqZw6"}}},"version":"v1"}