{"_sessions":{"BQmybLgatfbk5/WMpURJnn0HQKltpEvcU7mlTODhs6AR":{"registrationId":1316696076,"currentRatchet":{"ephemeralKeyPair":{"pubKey":"BYvihp6R+2aInoZN788ZafxxS+ggwW6sFjOKxSZP3fRb","privKey":"cDHsLK1mjcovxhUM7EGgCIK0oCAspwc/JD5o3VNX0Fs="},"lastRemoteEphemeralKey":"BYfssjzoEoF/SeWCjcr2LyROJb3quvN7t2HQi3QvXNkQ","previousCounter":3,"rootKey":"RaTFTXNrPifWh/aSEl+tSGfZNUqXQVXWRZaFkGiySc4="},"indexInfo":{"baseKey":"BQmybLgatfbk5/WMpURJnn0HQKltpEvcU7mlTODhs6AR","baseKeyType":1,"closed":-1,"used":1732520229339,"created":1732505401469,"remoteIdentityKey":"Bf5SogC+k4gu4XBs+tNT5q1liqCogcUDA8KF2DS+PyEF"},"_chains":{"BYfssjzoEoF/SeWCjcr2LyROJb3quvN7t2HQi3QvXNkQ":{"chainKey":{"counter":3,"key":"z3WffVEd2M1Qg5lxQU5zvRAo5S76e826Qm2aiobAeFw="},"chainType":2,"messageKeys":{}},"BYvihp6R+2aInoZN788ZafxxS+ggwW6sFjOKxSZP3fRb":{"chainKey":{"counter":0,"key":"KGubjucR7rgMbbhY+YoJR5WkdJQ0zVIcvsUKvL9CUoI="},"chainType":1,"messageKeys":{}}}}},"version":"v1"}