{"_sessions":{"BcFsJKES8EFeZckygPi7BdCy3tKA4MsOXQgt3UCdtxVQ":{"registrationId":2117469169,"currentRatchet":{"ephemeralKeyPair":{"pubKey":"BSj5nHGhXb2u+x15xooAGyAdWzgxuBYXegt399Agd1Bw","privKey":"eC20qSH2+m56ZydnCjSEuotyULS8w3os3C4/5m9Xi1U="},"lastRemoteEphemeralKey":"BeUWKM1UuXBJ8jtrkfGa6+jXzj57IRzgJfuC0PKmG2Bp","previousCounter":0,"rootKey":"1S7XBJbHPhK3qjEexJFzxsgV1RYbycYjKXvTdQ8tM3s="},"indexInfo":{"baseKey":"BcFsJKES8EFeZckygPi7BdCy3tKA4MsOXQgt3UCdtxVQ","baseKeyType":1,"closed":1732505407200,"used":1732505404002,"created":1732505404002,"remoteIdentityKey":"BcPGFE/qilNyeP7YV2Z0zYb1Itnhoj2O7aXDnaY9zy83"},"_chains":{"BSj5nHGhXb2u+x15xooAGyAdWzgxuBYXegt399Agd1Bw":{"chainKey":{"counter":0,"key":"BidO1rClyIIQMK6UkM7q4NvQJ03DfDHCaTeTf3FKNE4="},"chainType":1,"messageKeys":{}}},"pendingPreKey":{"signedKeyId":2,"baseKey":"BcFsJKES8EFeZckygPi7BdCy3tKA4MsOXQgt3UCdtxVQ","preKeyId":419753}},"BSvI6Yxc/lb8cpDynLkxWUSzerHJG1TeRsJ4BX9zGCls":{"registrationId":2117469169,"currentRatchet":{"ephemeralKeyPair":{"pubKey":"BSaBb0E9Esh8m/Oz87mbL+ZIDBfUW10S8KM1ekPs72Eo","privKey":"WJK288GT+I65GWsl0spVdlYrDz877m00N33KaK1frmg="},"lastRemoteEphemeralKey":"BeUWKM1UuXBJ8jtrkfGa6+jXzj57IRzgJfuC0PKmG2Bp","previousCounter":0,"rootKey":"IU0VidIQLKng/ROxd1yYS2tUHmhYo9ZgI5MnNhbRrgM="},"indexInfo":{"baseKey":"BSvI6Yxc/lb8cpDynLkxWUSzerHJG1TeRsJ4BX9zGCls","baseKeyType":1,"closed":-1,"used":1732505405987,"created":1732505405987,"remoteIdentityKey":"BcPGFE/qilNyeP7YV2Z0zYb1Itnhoj2O7aXDnaY9zy83"},"_chains":{"BSaBb0E9Esh8m/Oz87mbL+ZIDBfUW10S8KM1ekPs72Eo":{"chainKey":{"counter":6,"key":"2nhDR/CT5L24ZOEkzRJwqVNo8psVuPVw/YQpXNh4WTg="},"chainType":1,"messageKeys":{}}},"pendingPreKey":{"signedKeyId":2,"baseKey":"BSvI6Yxc/lb8cpDynLkxWUSzerHJG1TeRsJ4BX9zGCls","preKeyId":419687}}},"version":"v1"}