{"_sessions":{"BYiHcyVh/wjgti8yv4pGsExGjj7Ctu0of5ofmaEuo4xM":{"registrationId":90964324,"currentRatchet":{"ephemeralKeyPair":{"pubKey":"BZ5u/2vzUStEaEmR3oto6PaRlvhNB/+hmZJrLUltX80x","privKey":"uMIfnXGH5a1tFak2PQJ3jXdHHCHEPPdilW1bH3evymk="},"lastRemoteEphemeralKey":"BaWHb4i3ZvALCwbNmuIlZicv7OxLqZLIMABm+IhT78EZ","previousCounter":0,"rootKey":"MZ2e29gDbGQW4LS12JxslK9X7Gt3qZlTtE6QC4vAIHU="},"indexInfo":{"baseKey":"BYiHcyVh/wjgti8yv4pGsExGjj7Ctu0of5ofmaEuo4xM","baseKeyType":1,"closed":1732505407400,"used":1732505404028,"created":1732505404028,"remoteIdentityKey":"BeNG0ExFn8uOw9JpRaO9nqjn8KJ2QzkxfmBp5VFeDZUj"},"_chains":{"BZ5u/2vzUStEaEmR3oto6PaRlvhNB/+hmZJrLUltX80x":{"chainKey":{"counter":0,"key":"1vrewKZy2EdAuwT0LbGEdGJ9vlofuBI0MbaGjVIJRHo="},"chainType":1,"messageKeys":{}}},"pendingPreKey":{"signedKeyId":1,"baseKey":"BYiHcyVh/wjgti8yv4pGsExGjj7Ctu0of5ofmaEuo4xM","preKeyId":8194792}},"BYYal8/wbfalgE6nZ2+UX+PIgmBAlKq77N6O3X6CsXEK":{"registrationId":90964324,"currentRatchet":{"ephemeralKeyPair":{"pubKey":"BQ5bP8yr/4AjFBLZRmU2Fnnnm7nHeGpyMqSBtv6gMUUt","privKey":"wKqPN1oaNIrTOFYPBIOIEzuAMszEE8IDt6aDe3eKbHQ="},"lastRemoteEphemeralKey":"BaWHb4i3ZvALCwbNmuIlZicv7OxLqZLIMABm+IhT78EZ","previousCounter":0,"rootKey":"PE4VTkNXnNjmoNPWYqDBITVQ4ln4mGFVUJThU9Bk/No="},"indexInfo":{"baseKey":"BYYal8/wbfalgE6nZ2+UX+PIgmBAlKq77N6O3X6CsXEK","baseKeyType":1,"closed":-1,"used":1732505406016,"created":1732505406016,"remoteIdentityKey":"BeNG0ExFn8uOw9JpRaO9nqjn8KJ2QzkxfmBp5VFeDZUj"},"_chains":{"BQ5bP8yr/4AjFBLZRmU2Fnnnm7nHeGpyMqSBtv6gMUUt":{"chainKey":{"counter":6,"key":"kGenBEiS6dIqX58xMbMeOCy4hHT2Y0dbyXi9K0L5DA0="},"chainType":1,"messageKeys":{}}},"pendingPreKey":{"signedKeyId":1,"baseKey":"BYYal8/wbfalgE6nZ2+UX+PIgmBAlKq77N6O3X6CsXEK","preKeyId":8194304}}},"version":"v1"}