{"_sessions":{"BfL9u2lXPclWtpqRTYEFQsWQoT6aomf+rOF/6J6XbQxQ":{"registrationId":2019933820,"currentRatchet":{"ephemeralKeyPair":{"pubKey":"BfLdE6FsHcjuJpcOTmhknVQB3vY6OsTHAHe65CVvBckd","privKey":"iCsjBJoNzo1IeQ0VDB8Bw6Bk3giKZbpBf5qeCvrQAVg="},"lastRemoteEphemeralKey":"BWf9MJqCu8DHBSsuOoAfdPIAcfVExPvVRMNUVrRmb70Y","previousCounter":0,"rootKey":"XYpEpkgTylFv4d+GixhA0bjBCg0kK6NKfr6kGZiQPQ0="},"indexInfo":{"baseKey":"BfL9u2lXPclWtpqRTYEFQsWQoT6aomf+rOF/6J6XbQxQ","baseKeyType":1,"closed":-1,"used":1732505401510,"created":1732505401510,"remoteIdentityKey":"BXJMqs4ed+aPzQgaVT+Nte4j4e7Cfz657tWzmGO55yVl"},"_chains":{"BfLdE6FsHcjuJpcOTmhknVQB3vY6OsTHAHe65CVvBckd":{"chainKey":{"counter":4,"key":"2ZW5ALE9ixcG1xE9Ey6XSPYU27wWJmZ9FvOdBhksaw8="},"chainType":1,"messageKeys":{}}},"pendingPreKey":{"signedKeyId":2,"baseKey":"BfL9u2lXPclWtpqRTYEFQsWQoT6aomf+rOF/6J6XbQxQ","preKeyId":2066850}}},"version":"v1"}