{"_sessions":{"BV+mZk63FpgQmrznbUpxYiQg6q7U4cW4u4Gnu36zoMda":{"registrationId":319275922,"currentRatchet":{"ephemeralKeyPair":{"pubKey":"BV5CGsvYWEZxuByjJsRdRn7fpN5wm6P3kcpflQyfsYdP","privKey":"UGXZl00X9iRBWDtJRedN+3NeMnNvuaK8FjbRrRIDA08="},"lastRemoteEphemeralKey":"BdONOngTZiiYivZJ7AnTfaDxjfLmfXV577jv/jGJbn1u","previousCounter":0,"rootKey":"ekYi/vuOuX2m+WNaQHRXJk6HsYacOr6gtwj/FmQ1qrE="},"indexInfo":{"baseKey":"BV+mZk63FpgQmrznbUpxYiQg6q7U4cW4u4Gnu36zoMda","baseKeyType":1,"closed":1732505406151,"used":1732505403834,"created":1732505403834,"remoteIdentityKey":"BY5xPrPTnMUS3jQ0BVGLG4N1UoY8q9PMmqShrWl+09MS"},"_chains":{"BV5CGsvYWEZxuByjJsRdRn7fpN5wm6P3kcpflQyfsYdP":{"chainKey":{"counter":0,"key":"8AcJH9fPhZWZUIExzypq9kOHrAfzl6bsT9rAH4BUV+M="},"chainType":1,"messageKeys":{}}},"pendingPreKey":{"signedKeyId":0,"baseKey":"BV+mZk63FpgQmrznbUpxYiQg6q7U4cW4u4Gnu36zoMda","preKeyId":12506285}},"BUr+4QQND9wtSG753mc2ul9LJFMZIBaupXrnbRfIlLYk":{"registrationId":319275922,"currentRatchet":{"ephemeralKeyPair":{"pubKey":"BbzJiiFV0wPkJ5nsSadRwDCIjDfqL2CBn85bvX3by6QX","privKey":"CK9iboUNLm4vSwUBKxogHJPsC+1a0Tj2Plu3jMxuw3s="},"lastRemoteEphemeralKey":"BdONOngTZiiYivZJ7AnTfaDxjfLmfXV577jv/jGJbn1u","previousCounter":0,"rootKey":"G+Q4fWzvdX2057Caemu+f4/VKtvg2Kn2ZX8NYfebYDs="},"indexInfo":{"baseKey":"BUr+4QQND9wtSG753mc2ul9LJFMZIBaupXrnbRfIlLYk","baseKeyType":1,"closed":-1,"used":1732505405820,"created":1732505405820,"remoteIdentityKey":"BY5xPrPTnMUS3jQ0BVGLG4N1UoY8q9PMmqShrWl+09MS"},"_chains":{"BbzJiiFV0wPkJ5nsSadRwDCIjDfqL2CBn85bvX3by6QX":{"chainKey":{"counter":6,"key":"tfnD4UZ/CBqacfdjQNnc7TN2o6eM5QCgqYIbQD9xGSU="},"chainType":1,"messageKeys":{}}},"pendingPreKey":{"signedKeyId":0,"baseKey":"BUr+4QQND9wtSG753mc2ul9LJFMZIBaupXrnbRfIlLYk","preKeyId":12506128}}},"version":"v1"}