{"_sessions":{"BSZIjBBnS89G6SqU/Ej/ecw7EaAanooHaG17s8W91L5A":{"registrationId":1340,"currentRatchet":{"ephemeralKeyPair":{"pubKey":"BXhSLU+QGsKbxB1HHmD0nHR6C7yXpOdCD5N0M2skK18K","privKey":"YPiIoCG/F4SLZWR+E745t+wMI3FVy6LCAnKiELaRK3s="},"lastRemoteEphemeralKey":"BYwdiJ2WJrc0x0jO50GE9DWKPug4xfVrthqH5f/viv48","previousCounter":0,"rootKey":"tNnZbX6a6q40R2SpH8VzyCruTI5T9yk4U8sJRFQyKjk="},"indexInfo":{"baseKey":"BSZIjBBnS89G6SqU/Ej/ecw7EaAanooHaG17s8W91L5A","baseKeyType":1,"closed":1732505406024,"used":1732505403725,"created":1732505403725,"remoteIdentityKey":"BcFFzIb8qMqX+pK9oHPvkLd6vMQLbIayYuSHj+FIOcFi"},"_chains":{"BXhSLU+QGsKbxB1HHmD0nHR6C7yXpOdCD5N0M2skK18K":{"chainKey":{"counter":0,"key":"SsHL8T6MkoNTE93yGjgya5kL37spKJUS9As7+rrt/Ko="},"chainType":1,"messageKeys":{}}},"pendingPreKey":{"signedKeyId":1,"baseKey":"BSZIjBBnS89G6SqU/Ej/ecw7EaAanooHaG17s8W91L5A"}},"Ba7ARgXeYzb6o+6ovHD1PvOn/fMdK79R34okk6820L0a":{"registrationId":1340,"currentRatchet":{"ephemeralKeyPair":{"pubKey":"BXPdoi65JpZW28zmVnqHlUt+f0x0ePjP6K4awhk9K7Uf","privKey":"cMwuKkTA65fa1f/+qH2yZGvsvMTJ9ByszIm9NsJoymY="},"lastRemoteEphemeralKey":"BYwdiJ2WJrc0x0jO50GE9DWKPug4xfVrthqH5f/viv48","previousCounter":0,"rootKey":"u4TNcP0WLP1aJ+PwlxmIgT+Bg09n81B2tPlYf8LCGMI="},"indexInfo":{"baseKey":"Ba7ARgXeYzb6o+6ovHD1PvOn/fMdK79R34okk6820L0a","baseKeyType":1,"closed":-1,"used":1732505405726,"created":1732505405726,"remoteIdentityKey":"BcFFzIb8qMqX+pK9oHPvkLd6vMQLbIayYuSHj+FIOcFi"},"_chains":{"BXPdoi65JpZW28zmVnqHlUt+f0x0ePjP6K4awhk9K7Uf":{"chainKey":{"counter":6,"key":"tzKiJO9nA/pBjs8pZ0GcMdC7iO5LrKWQ+oc0cmOAzbI="},"chainType":1,"messageKeys":{}}},"pendingPreKey":{"signedKeyId":1,"baseKey":"Ba7ARgXeYzb6o+6ovHD1PvOn/fMdK79R34okk6820L0a"}}},"version":"v1"}