{"_sessions":{"Bdp97rI8dkexuCt9briMpNz4R8ga1D++/E1zMbnzXi42":{"registrationId":705795310,"currentRatchet":{"ephemeralKeyPair":{"pubKey":"BZLK1GUwjN9KYVorfbXwHuwg3R2RrMYFZqQ0QBYOBShB","privKey":"aPjQE9btbSkp5mwMGLPhelyDPBccvUnPAH020vGJEGo="},"lastRemoteEphemeralKey":"BRFvxZuzJ7L2MUczVHdYGsoRd1sXLrRdT+6BkFSdMr1O","previousCounter":0,"rootKey":"z+lAldFdAfN5OVayLUlGZKQck7pQO34JKD1TyykE2zc="},"indexInfo":{"baseKey":"Bdp97rI8dkexuCt9briMpNz4R8ga1D++/E1zMbnzXi42","baseKeyType":1,"closed":1732505406100,"used":1732505403825,"created":1732505403825,"remoteIdentityKey":"BRejQ4DsOlymnMHPhdZbugIC1rpP8a7RiwqHyj3Ihklc"},"_chains":{"BZLK1GUwjN9KYVorfbXwHuwg3R2RrMYFZqQ0QBYOBShB":{"chainKey":{"counter":0,"key":"edh6jzwgJaRsK40ALV1G5EidOOkYHWubrMEyIPuz5fY="},"chainType":1,"messageKeys":{}}},"pendingPreKey":{"signedKeyId":6,"baseKey":"Bdp97rI8dkexuCt9briMpNz4R8ga1D++/E1zMbnzXi42","preKeyId":2580854}},"BZZI85MWX9hD8nHOh7L/EdBqONfomICjOF5YxxgWishE":{"registrationId":705795310,"currentRatchet":{"ephemeralKeyPair":{"pubKey":"BYcnJ3rVx7zKExHcXrmc7Ov/M9SGSSCRbTCg69LcjrAZ","privKey":"CHA8hVCmf/e1oZdKZJ15EJhj4P0LOQREn/M3uf9wflU="},"lastRemoteEphemeralKey":"BRFvxZuzJ7L2MUczVHdYGsoRd1sXLrRdT+6BkFSdMr1O","previousCounter":0,"rootKey":"uzUamZbWK3c0t75c4mroDIL8wDy0zbRBgLP2aJCk2rI="},"indexInfo":{"baseKey":"BZZI85MWX9hD8nHOh7L/EdBqONfomICjOF5YxxgWishE","baseKeyType":1,"closed":-1,"used":1732505405811,"created":1732505405811,"remoteIdentityKey":"BRejQ4DsOlymnMHPhdZbugIC1rpP8a7RiwqHyj3Ihklc"},"_chains":{"BYcnJ3rVx7zKExHcXrmc7Ov/M9SGSSCRbTCg69LcjrAZ":{"chainKey":{"counter":6,"key":"j7fsgI97yl8NWzmMtB+2/vJXy/0bVhuWE1ZEt7TjH+0="},"chainType":1,"messageKeys":{}}},"pendingPreKey":{"signedKeyId":6,"baseKey":"BZZI85MWX9hD8nHOh7L/EdBqONfomICjOF5YxxgWishE","preKeyId":2581421}}},"version":"v1"}