{"_sessions":{"BcXjp77W32RuJuMgRN7hBmAbXK1Gu/wiNHw7jrSMNv9t":{"registrationId":1060762590,"currentRatchet":{"ephemeralKeyPair":{"pubKey":"BbAYuEjz02nlxi3l2VPgcol4EDKZFCf3tiq58TQ310B+","privKey":"IGxpLLD1U7HNkUpKrzUNu2DnQqEMrGNirZKbZ5+Uj1w="},"lastRemoteEphemeralKey":"BVcmu+fK/+9wv2pdFAJP33Hsb7mepMA5aIxb0CbZ/ucv","previousCounter":0,"rootKey":"OMO5nu3hmvBAKbaAJRBCIv7PrD8DXiozYOOVh3+u9NE="},"indexInfo":{"baseKey":"BcXjp77W32RuJuMgRN7hBmAbXK1Gu/wiNHw7jrSMNv9t","baseKeyType":1,"closed":-1,"used":1732505401533,"created":1732505401533,"remoteIdentityKey":"BcbHHFhFxg1Qi8QIa8vyh+EpfU9upB7dCLpQYXvlVpQe"},"_chains":{"BbAYuEjz02nlxi3l2VPgcol4EDKZFCf3tiq58TQ310B+":{"chainKey":{"counter":4,"key":"MPmDIRN07JexqfhgPfW8dNmoTu222nTfb2kcw8pbrGw="},"chainType":1,"messageKeys":{}}},"pendingPreKey":{"signedKeyId":3,"baseKey":"BcXjp77W32RuJuMgRN7hBmAbXK1Gu/wiNHw7jrSMNv9t","preKeyId":14448478}}},"version":"v1"}