{"_sessions":{"Bf5Nqt2h6+iM8kl6rXNNcjsedek09FKEAJ9RCeWtvsgx":{"registrationId":348903553,"currentRatchet":{"ephemeralKeyPair":{"pubKey":"BbQnGnT3bLr20Au5E7zMM8K5KYUYbIXgQSFotG9iZG15","privKey":"QL1BcMoTgL5t8m+C+cm2N+ReT90MR+9MQCmI5f3k1Vk="},"lastRemoteEphemeralKey":"BSv6/0L/qK4D3d3C4RIYEgVSQqTq/Az9A3u9hpjIHbNg","previousCounter":0,"rootKey":"9oWmraaUq/bZC+zfI5MA9Hl20uiswOXr+SrDNpxECUQ="},"indexInfo":{"baseKey":"Bf5Nqt2h6+iM8kl6rXNNcjsedek09FKEAJ9RCeWtvsgx","baseKeyType":1,"closed":1732505406028,"used":1732505403807,"created":1732505403807,"remoteIdentityKey":"Ba4WfLwbqPhoXUggL+k7PDY79ZxDF+G+6Pnfstor9k0Y"},"_chains":{"BbQnGnT3bLr20Au5E7zMM8K5KYUYbIXgQSFotG9iZG15":{"chainKey":{"counter":0,"key":"qVv9vnu1Nn/3ElCM++RFdYPY+szKVvN/Tz0QqBAxiks="},"chainType":1,"messageKeys":{}}},"pendingPreKey":{"signedKeyId":6,"baseKey":"Bf5Nqt2h6+iM8kl6rXNNcjsedek09FKEAJ9RCeWtvsgx"}},"Bawvnb6HgFLteUV2jrQViBengpcFfu/PFVQSQ+XnG9Fa":{"registrationId":348903553,"currentRatchet":{"ephemeralKeyPair":{"pubKey":"BRQ3kEUpgkiv/Y1COOAkVhPkA74BJef1t0zSh/NtbsMx","privKey":"kG8erF/QLdMqC80a3R2GCFZdEHT9z4UfNEnWSYj/m1s="},"lastRemoteEphemeralKey":"BSv6/0L/qK4D3d3C4RIYEgVSQqTq/Az9A3u9hpjIHbNg","previousCounter":0,"rootKey":"hl+mcQbx92I4adEzlp+28YiyF1Whnwcnz6h0VX8YPaA="},"indexInfo":{"baseKey":"Bawvnb6HgFLteUV2jrQViBengpcFfu/PFVQSQ+XnG9Fa","baseKeyType":1,"closed":-1,"used":1732505405784,"created":1732505405784,"remoteIdentityKey":"Ba4WfLwbqPhoXUggL+k7PDY79ZxDF+G+6Pnfstor9k0Y"},"_chains":{"BRQ3kEUpgkiv/Y1COOAkVhPkA74BJef1t0zSh/NtbsMx":{"chainKey":{"counter":6,"key":"/2t/b7CWya+2M5BPK4l0bSWJ5akgck3QFGqZiNKdKDA="},"chainType":1,"messageKeys":{}}},"pendingPreKey":{"signedKeyId":6,"baseKey":"Bawvnb6HgFLteUV2jrQViBengpcFfu/PFVQSQ+XnG9Fa"}}},"version":"v1"}