{"_sessions":{"BW2fEZEyjJNrjtFedtKOFHzfJZpQRxUhjOA6ocVP+SJj":{"registrationId":245,"currentRatchet":{"ephemeralKeyPair":{"pubKey":"BUmSUeSSSuXLKgUGrC2hAB/Fi56ygIEEqE1+ngSTlF9U","privKey":"+OHQ/UiAHbcroqsMdGVh4uTeOTRfTV+074o8Rdbpwl4="},"lastRemoteEphemeralKey":"BUIUliFVnpqBuhl4jI9xPD3s6sP0nrlwoL4r/v1E9ydn","previousCounter":0,"rootKey":"Du3f08sgbl12q6f2Ks9uTpKEbzucQOagApEBorOCp28="},"indexInfo":{"baseKey":"BW2fEZEyjJNrjtFedtKOFHzfJZpQRxUhjOA6ocVP+SJj","baseKeyType":1,"closed":-1,"used":1732505379337,"created":1732505379337,"remoteIdentityKey":"BdIGdiDZTa/YDo2Dgun4KMKXbT5k3SQ8rMECYNQIGthS"},"_chains":{"BUmSUeSSSuXLKgUGrC2hAB/Fi56ygIEEqE1+ngSTlF9U":{"chainKey":{"counter":242,"key":"jqOQNHHvzVLd9v+PgVsTq7xbsU/UTVTbjjeZnFda7sc="},"chainType":1,"messageKeys":{}}},"pendingPreKey":{"signedKeyId":1,"baseKey":"BW2fEZEyjJNrjtFedtKOFHzfJZpQRxUhjOA6ocVP+SJj"}}},"version":"v1"}