{"_sessions":{"BfVj9hw8QnnlSKW6LX0G5kdLNxmFWK31Aa2qJnLuiPE0":{"registrationId":769264424,"currentRatchet":{"ephemeralKeyPair":{"pubKey":"BbCwffI9eBEomqAtiOl3BAj71SrJO8tTHMagvyffoLJe","privKey":"qBeumkeY6aIKCt1AbxdNxNkrDY9PuZVMemO5cREKFFE="},"lastRemoteEphemeralKey":"BTQLUV9iHAtM12UcayJA2BXjUX3fUKcioiRzTOxUTwhf","previousCounter":0,"rootKey":"1cfFstoAyFEBbeZbI2EpKzN22pa8CMCxxoJaHcDaSdI="},"indexInfo":{"baseKey":"BfVj9hw8QnnlSKW6LX0G5kdLNxmFWK31Aa2qJnLuiPE0","baseKeyType":1,"closed":1732505406151,"used":1732505403830,"created":1732505403830,"remoteIdentityKey":"BUuSGSzilL0SzyN3QEVujRld/CajnX/oXrg/Z0vCr5N4"},"_chains":{"BbCwffI9eBEomqAtiOl3BAj71SrJO8tTHMagvyffoLJe":{"chainKey":{"counter":0,"key":"2HsEZ/rVClQpip90SNwfqFbkAv1T3syxww4fOD3/hhI="},"chainType":1,"messageKeys":{}}},"pendingPreKey":{"signedKeyId":12,"baseKey":"BfVj9hw8QnnlSKW6LX0G5kdLNxmFWK31Aa2qJnLuiPE0","preKeyId":8781977}},"BdN2J8UxmMuAcLSBGTON4YpP4asVJn/K0bHE/NUgc5hg":{"registrationId":769264424,"currentRatchet":{"ephemeralKeyPair":{"pubKey":"BRQ1YlZkpkRZ9J+Ro2ta9zvWL56oZExMqPuzSo6a/tJR","privKey":"wDHCd4cPEyJKBT4nBQauP/PA+xUtArZ1x9jf+fdGpnU="},"lastRemoteEphemeralKey":"BTQLUV9iHAtM12UcayJA2BXjUX3fUKcioiRzTOxUTwhf","previousCounter":0,"rootKey":"FHmenxG2bdyeKh6SAEpcFo+sOAkeV78u73D4S5h1jq4="},"indexInfo":{"baseKey":"BdN2J8UxmMuAcLSBGTON4YpP4asVJn/K0bHE/NUgc5hg","baseKeyType":1,"closed":-1,"used":1732505405817,"created":1732505405817,"remoteIdentityKey":"BUuSGSzilL0SzyN3QEVujRld/CajnX/oXrg/Z0vCr5N4"},"_chains":{"BRQ1YlZkpkRZ9J+Ro2ta9zvWL56oZExMqPuzSo6a/tJR":{"chainKey":{"counter":6,"key":"KKEFS+FKBB6Rsk9rekZ8hAW0lMLj3lgS6H8THyvgBl0="},"chainType":1,"messageKeys":{}}},"pendingPreKey":{"signedKeyId":12,"baseKey":"BdN2J8UxmMuAcLSBGTON4YpP4asVJn/K0bHE/NUgc5hg","preKeyId":8781867}}},"version":"v1"}