{"_sessions":{"BV1uDBoYnXo6YrIQ4nZe3LRKgWqZatYGmEKTLN78BClX":{"registrationId":34,"currentRatchet":{"ephemeralKeyPair":{"pubKey":"BfWdya9S2MAd069xJHpGP7ZxEO+QRyN0xMYiVKlWoBBI","privKey":"UCjquCJvATbaOCv6QbeK0xg/gVsxHrvoWIYAMWXio1o="},"lastRemoteEphemeralKey":"BRpQDeo14vqJz1Vtyjd/yWSlFR6ScWWoMZWYZPnLu0El","previousCounter":0,"rootKey":"JNC9dMgKYvG/KkSZs3+iFEDy6nyeiiTDRPXBCZO0WX0="},"indexInfo":{"baseKey":"BV1uDBoYnXo6YrIQ4nZe3LRKgWqZatYGmEKTLN78BClX","baseKeyType":1,"closed":1732505406024,"used":1732505403740,"created":1732505403740,"remoteIdentityKey":"Bbvje0W3mrQHrN2lxkUXC5BwpLtnxHjbFbXAhJ4yCD8V"},"_chains":{"BfWdya9S2MAd069xJHpGP7ZxEO+QRyN0xMYiVKlWoBBI":{"chainKey":{"counter":0,"key":"BcP99B+UJ0+T3MWT8E35jQzfdx51/GDdxoVCz3NR7H8="},"chainType":1,"messageKeys":{}}},"pendingPreKey":{"signedKeyId":1,"baseKey":"BV1uDBoYnXo6YrIQ4nZe3LRKgWqZatYGmEKTLN78BClX"}},"BRzjVe7x5qoLgR+U5aJFX7j9tSdlivRaJce5ppQVkFsg":{"registrationId":34,"currentRatchet":{"ephemeralKeyPair":{"pubKey":"BTD03QYE+oF12Buj23oc4gbprKhKY81/NDq4NMpB6+lW","privKey":"UFnbqYsq2mW7G7SesuwZjNpYZImNcq68ODijFHu7SFY="},"lastRemoteEphemeralKey":"BRpQDeo14vqJz1Vtyjd/yWSlFR6ScWWoMZWYZPnLu0El","previousCounter":0,"rootKey":"euTEUYrVjjV5y97RfxSIK4YzLFlKh5oP75r/6p5viq4="},"indexInfo":{"baseKey":"BRzjVe7x5qoLgR+U5aJFX7j9tSdlivRaJce5ppQVkFsg","baseKeyType":1,"closed":-1,"used":1732505405735,"created":1732505405735,"remoteIdentityKey":"Bbvje0W3mrQHrN2lxkUXC5BwpLtnxHjbFbXAhJ4yCD8V"},"_chains":{"BTD03QYE+oF12Buj23oc4gbprKhKY81/NDq4NMpB6+lW":{"chainKey":{"counter":6,"key":"pVOfSIJaWnH87d9gxgadVgPxcyANIzchldBx4SzA9rA="},"chainType":1,"messageKeys":{}}},"pendingPreKey":{"signedKeyId":1,"baseKey":"BRzjVe7x5qoLgR+U5aJFX7j9tSdlivRaJce5ppQVkFsg"}}},"version":"v1"}