{"_sessions":{"BYxwULMJ37TYeoI/ePelRtftH3yHysGcdDNp7ZrVHBdW":{"registrationId":253138531,"currentRatchet":{"ephemeralKeyPair":{"pubKey":"BW/sxZcVmLYwYOwC5Z7EDgRX6yUsGld0lVNQsrSga6Jc","privKey":"yCimY7kOKvNmuPSsOkWRxDACvrg+pnSOekrSgz9RKmE="},"lastRemoteEphemeralKey":"BYKw/w/SBCa9b405HWNxK+b8owRVhBBNsctlEn2RpNIK","previousCounter":0,"rootKey":"XJNTJ3YOfX5B5K9xX230tPuLk1N5oKW1kd6IMTSi03U="},"indexInfo":{"baseKey":"BYxwULMJ37TYeoI/ePelRtftH3yHysGcdDNp7ZrVHBdW","baseKeyType":1,"closed":1732505406501,"used":1732505403888,"created":1732505403888,"remoteIdentityKey":"BcibIUPPlZdFE0zfP7VwAZOD1Yo/VLjmhmsFTpsr2Vlc"},"_chains":{"BW/sxZcVmLYwYOwC5Z7EDgRX6yUsGld0lVNQsrSga6Jc":{"chainKey":{"counter":0,"key":"upLo7UM9NLLNf+QEcOeaY8ELvzub13tPQyh/ojkpZQo="},"chainType":1,"messageKeys":{}}},"pendingPreKey":{"signedKeyId":9,"baseKey":"BYxwULMJ37TYeoI/ePelRtftH3yHysGcdDNp7ZrVHBdW","preKeyId":5109237}},"BTQyKt7ORaMsqPUdSTXSICsxM1Ep6bRkA9C9Bby8M15E":{"registrationId":253138531,"currentRatchet":{"ephemeralKeyPair":{"pubKey":"BSAFyTQMljrnezv1S+OE0TMmKoXZjrUMcAzsrBM9/0sy","privKey":"6AEoH9oeMu3QL7O10LrvUiPBzt7Qyp5nc91ZDLq8X30="},"lastRemoteEphemeralKey":"BYKw/w/SBCa9b405HWNxK+b8owRVhBBNsctlEn2RpNIK","previousCounter":0,"rootKey":"0JQDlaCZHXe7RBUYJBTBS4zeoZjn7/9SBbvnlhFjZ1Q="},"indexInfo":{"baseKey":"BTQyKt7ORaMsqPUdSTXSICsxM1Ep6bRkA9C9Bby8M15E","baseKeyType":1,"closed":-1,"used":1732505405875,"created":1732505405875,"remoteIdentityKey":"BcibIUPPlZdFE0zfP7VwAZOD1Yo/VLjmhmsFTpsr2Vlc"},"_chains":{"BSAFyTQMljrnezv1S+OE0TMmKoXZjrUMcAzsrBM9/0sy":{"chainKey":{"counter":6,"key":"KJazNoB2Jgn8M0lJZO+RvFH6pIa1tnRAkHAKYY9g+r8="},"chainType":1,"messageKeys":{}}},"pendingPreKey":{"signedKeyId":9,"baseKey":"BTQyKt7ORaMsqPUdSTXSICsxM1Ep6bRkA9C9Bby8M15E","preKeyId":5108487}}},"version":"v1"}