{"_sessions":{"Bc7XyrYFfMsETLu6FioCtZ+C83qc7q2Z981rOpgwCDY3":{"registrationId":11319519,"currentRatchet":{"ephemeralKeyPair":{"pubKey":"Banpkd1eOuxTx1KnGTicbGCMw+eIf5E5kXIAUUV3KIZp","privKey":"aPWtjrw9WZ0aXU6nv2L7aLvWqhS2+WDVqN1mKuwFTGE="},"lastRemoteEphemeralKey":"Ba4QYs65c/CybmqQWKJhkFKSDK3M9f3xb9tiqcFvujoS","previousCounter":0,"rootKey":"PORkPyIQDHFMFkyRDi9znKyH1doqRm0N6v+yrAGn1lE="},"indexInfo":{"baseKey":"Bc7XyrYFfMsETLu6FioCtZ+C83qc7q2Z981rOpgwCDY3","baseKeyType":1,"closed":1732505406300,"used":1732505403852,"created":1732505403852,"remoteIdentityKey":"BYziLaJECQ77L1RZKm4OWlPPKLyOF0MzSwg4c/OmY/Zm"},"_chains":{"Banpkd1eOuxTx1KnGTicbGCMw+eIf5E5kXIAUUV3KIZp":{"chainKey":{"counter":0,"key":"V9GzC0OCGN5Inuj5elPUlYrFGYikmnB+QcmaiQFOTC8="},"chainType":1,"messageKeys":{}}},"pendingPreKey":{"signedKeyId":8,"baseKey":"Bc7XyrYFfMsETLu6FioCtZ+C83qc7q2Z981rOpgwCDY3","preKeyId":1090634}},"Be38Y7e2Pz4iVjBUnVqgmSQBcu0BZM/dJIEdKGyjH20S":{"registrationId":11319519,"currentRatchet":{"ephemeralKeyPair":{"pubKey":"BU5BTO4OZ0QWv90jQhcd9CuGpin7niPx6Gd+qUHEQZ5z","privKey":"mL5J7lIBoGsTtgRwj7qfN8P6gmd209ASQJs7BzedIXo="},"lastRemoteEphemeralKey":"BZ43px47WLh1I55dDSs0u5zLt0lFIni+HvzMxez0M1JV","previousCounter":2,"rootKey":"/4alZAekEwZWjBb5JvFv/9rV/mWgVSMqMPCozuqC9Gc="},"indexInfo":{"baseKey":"Be38Y7e2Pz4iVjBUnVqgmSQBcu0BZM/dJIEdKGyjH20S","baseKeyType":1,"closed":-1,"used":1732505552236,"created":1732505405838,"remoteIdentityKey":"BYziLaJECQ77L1RZKm4OWlPPKLyOF0MzSwg4c/OmY/Zm"},"_chains":{"BZ43px47WLh1I55dDSs0u5zLt0lFIni+HvzMxez0M1JV":{"chainKey":{"counter":0,"key":"ieVEDxy60q87r5FwHi0xnN7oQ8YfGk6D3SU9tfEa0lI="},"chainType":2,"messageKeys":{}},"BU5BTO4OZ0QWv90jQhcd9CuGpin7niPx6Gd+qUHEQZ5z":{"chainKey":{"counter":3,"key":"ooScb+6ohyF2uT6pEiXeu+ruhnTIpKikOe6YkIlexVc="},"chainType":1,"messageKeys":{}}}}},"version":"v1"}