{"_sessions":{"BaUQILHinpSoqsehejCK1jJsYS918yMu98vjI55jCBle":{"registrationId":845688070,"currentRatchet":{"ephemeralKeyPair":{"pubKey":"BWh09mN5zonU/DGE0j2aGdYLeQZiX+V1g1CtRm6z0zUD","privKey":"OL61D7tOz2luBg4dQYTg5QAYzHtSgr809YYV7STxjGI="},"lastRemoteEphemeralKey":"BbV6ofDKZzH1RF9rZBocTSUk2d5QsAtYdaRbb0MJdeJ1","previousCounter":0,"rootKey":"fU1crZ2b74F8q6oiJpLdshAYgl0NY6HxM649QUMRaGc="},"indexInfo":{"baseKey":"BaUQILHinpSoqsehejCK1jJsYS918yMu98vjI55jCBle","baseKeyType":1,"closed":1732505406700,"used":1732505403918,"created":1732505403918,"remoteIdentityKey":"BYrC+WYgLk30HNAph6oT7kFZsKMBdKU+1h6kBs3UfTtp"},"_chains":{"BWh09mN5zonU/DGE0j2aGdYLeQZiX+V1g1CtRm6z0zUD":{"chainKey":{"counter":0,"key":"bvEYBBHavZovydwf50coN8QFfocsDoMsp4mY92fLO0Q="},"chainType":1,"messageKeys":{}}},"pendingPreKey":{"signedKeyId":7,"baseKey":"BaUQILHinpSoqsehejCK1jJsYS918yMu98vjI55jCBle","preKeyId":6283386}},"Bf54KMLNub6Jdq/TXWoGrUf2Cy8c2kcIQvmfJM98bJch":{"registrationId":845688070,"currentRatchet":{"ephemeralKeyPair":{"pubKey":"Be0n/RYCSfv6zdpP2kViJv2z1bZSP5c+rLCs2rzL8B0w","privKey":"aCKEmDoA5EJa8rDwRv0vgNiMuDbqBY1JmhcEm207WmQ="},"lastRemoteEphemeralKey":"BbV6ofDKZzH1RF9rZBocTSUk2d5QsAtYdaRbb0MJdeJ1","previousCounter":0,"rootKey":"02Of/uiMonky+ufjrf1yOnUb3C2u7Qh+C18c98D7ulI="},"indexInfo":{"baseKey":"Bf54KMLNub6Jdq/TXWoGrUf2Cy8c2kcIQvmfJM98bJch","baseKeyType":1,"closed":-1,"used":1732505405907,"created":1732505405907,"remoteIdentityKey":"BYrC+WYgLk30HNAph6oT7kFZsKMBdKU+1h6kBs3UfTtp"},"_chains":{"Be0n/RYCSfv6zdpP2kViJv2z1bZSP5c+rLCs2rzL8B0w":{"chainKey":{"counter":6,"key":"5W59GYpVWhaLrv+TcOqVyciL6ByWaYdDkm/hDB0B3Q0="},"chainType":1,"messageKeys":{}}},"pendingPreKey":{"signedKeyId":7,"baseKey":"Bf54KMLNub6Jdq/TXWoGrUf2Cy8c2kcIQvmfJM98bJch","preKeyId":6282813}}},"version":"v1"}