{"_sessions":{"BVveRS1ojU55sPuT33G0lqIzjQdVhmYMcLuwtEVFdTQf":{"registrationId":1160801504,"currentRatchet":{"ephemeralKeyPair":{"pubKey":"BXlkSXnvSan/lFTj2qHXSSrGWU4OSbpS7uqKWdmOZo9r","privKey":"GP+VQoPlDVG8vpXZghXkaDw3TIjWwpbIN8PHo8pv0lI="},"lastRemoteEphemeralKey":"Bd2NCB9mgAovBWcHtnQDcx+1344dvUe9lfW1SCv2xr5+","previousCounter":0,"rootKey":"golGJfJizK/6HRb0HW1z/KJCKOkcVFSfeA4Kd5SuNEI="},"indexInfo":{"baseKey":"BVveRS1ojU55sPuT33G0lqIzjQdVhmYMcLuwtEVFdTQf","baseKeyType":1,"closed":1732505406750,"used":1732505403926,"created":1732505403926,"remoteIdentityKey":"BQmNza5wetGe84mGw3DjYwMXRQPeXuWHAv3EpmuJioE1"},"_chains":{"BXlkSXnvSan/lFTj2qHXSSrGWU4OSbpS7uqKWdmOZo9r":{"chainKey":{"counter":0,"key":"SzFWTJANX+Sn4AR8a/LstXpR+ct2wphg5JO/bqqMLhA="},"chainType":1,"messageKeys":{}}},"pendingPreKey":{"signedKeyId":7,"baseKey":"BVveRS1ojU55sPuT33G0lqIzjQdVhmYMcLuwtEVFdTQf","preKeyId":12333585}},"BR3G6BjIPXenxIiFDwRUca0Cy3x8ifCGoNaSMCFSGj9B":{"registrationId":1160801504,"currentRatchet":{"ephemeralKeyPair":{"pubKey":"Ba+SeBF0+HIgw4CNghbT8WxaZ6rRsMg2Yg6B1jRsLwhu","privKey":"6IaK81rPL58zF2yMQwcb++WGY97F09noTeyA8w/YAkc="},"lastRemoteEphemeralKey":"Bd2NCB9mgAovBWcHtnQDcx+1344dvUe9lfW1SCv2xr5+","previousCounter":0,"rootKey":"NXxslQA9vgpAjg9S4QMx5hcWrWIVbOEda/U1LxgxREE="},"indexInfo":{"baseKey":"BR3G6BjIPXenxIiFDwRUca0Cy3x8ifCGoNaSMCFSGj9B","baseKeyType":1,"closed":-1,"used":1732505405916,"created":1732505405916,"remoteIdentityKey":"BQmNza5wetGe84mGw3DjYwMXRQPeXuWHAv3EpmuJioE1"},"_chains":{"Ba+SeBF0+HIgw4CNghbT8WxaZ6rRsMg2Yg6B1jRsLwhu":{"chainKey":{"counter":6,"key":"YXgqYzFfDHRZ8e2pro/DUd3vs3SFbJwYSF9uzySIpuM="},"chainType":1,"messageKeys":{}}},"pendingPreKey":{"signedKeyId":7,"baseKey":"BR3G6BjIPXenxIiFDwRUca0Cy3x8ifCGoNaSMCFSGj9B","preKeyId":12333568}}},"version":"v1"}