{"_sessions":{"BRA0ZjmsxNSG9JNbdAc3Byt/aoCXTZh+h+6SUrbcqDUj":{"registrationId":153,"currentRatchet":{"ephemeralKeyPair":{"pubKey":"BZM63HGlfqWP0ThdaozdfTywF6rJhB7ZqxsfuZH1zIZ8","privKey":"UKbczlI/NzapU/WHPFxiJry3tjzn9mC1BIduFsE2GFk="},"lastRemoteEphemeralKey":"BThmYgj1fDKR9LIoXjC/nn0W0k3DX8reMcn33dN8N9Y2","previousCounter":0,"rootKey":"Ck3UgvDK7F431SlA0+9XK/Qh4kP6Vir3VErStSxBvGc="},"indexInfo":{"baseKey":"BRA0ZjmsxNSG9JNbdAc3Byt/aoCXTZh+h+6SUrbcqDUj","baseKeyType":1,"closed":1732505406025,"used":1732505403742,"created":1732505403742,"remoteIdentityKey":"BUf/p19LDc5u0hZiKfdPzUfJjXnFaW5GuzCDDXhCSGky"},"_chains":{"BZM63HGlfqWP0ThdaozdfTywF6rJhB7ZqxsfuZH1zIZ8":{"chainKey":{"counter":0,"key":"5kDCdKC2IzmCuxcLExglxWBexkc8F80CwzxaRysw9k4="},"chainType":1,"messageKeys":{}}},"pendingPreKey":{"signedKeyId":1,"baseKey":"BRA0ZjmsxNSG9JNbdAc3Byt/aoCXTZh+h+6SUrbcqDUj"}},"BY9RgGp5MQeXoUfY1C319PmwNwO1xr9Mm7TZ9ryOJpgA":{"registrationId":153,"currentRatchet":{"ephemeralKeyPair":{"pubKey":"BfhcDS4e7U1bd22KiNmbj5dydVvEW7OVMyzjPmhSjmM8","privKey":"KCEO0LPbBgBdgOT+OHOYcajuaKnOQszBDVV2GZyj8no="},"lastRemoteEphemeralKey":"BThmYgj1fDKR9LIoXjC/nn0W0k3DX8reMcn33dN8N9Y2","previousCounter":0,"rootKey":"iXtCcwZvto+C7lh44cB2gHJxc7S8ZZLf6SE/BTEGogw="},"indexInfo":{"baseKey":"BY9RgGp5MQeXoUfY1C319PmwNwO1xr9Mm7TZ9ryOJpgA","baseKeyType":1,"closed":-1,"used":1732505405737,"created":1732505405737,"remoteIdentityKey":"BUf/p19LDc5u0hZiKfdPzUfJjXnFaW5GuzCDDXhCSGky"},"_chains":{"BfhcDS4e7U1bd22KiNmbj5dydVvEW7OVMyzjPmhSjmM8":{"chainKey":{"counter":6,"key":"hieM83+ADNY0axLHIIZAattd0lqPrn7LJCKhpd2+/Rk="},"chainType":1,"messageKeys":{}}},"pendingPreKey":{"signedKeyId":1,"baseKey":"BY9RgGp5MQeXoUfY1C319PmwNwO1xr9Mm7TZ9ryOJpgA"}}},"version":"v1"}