{"_sessions":{"BftCC7kR3DMguU0JX0MeVgovgke8NvjHYpN/OnBM3eN9":{"registrationId":229527191,"currentRatchet":{"ephemeralKeyPair":{"pubKey":"BUnAoXyCQXXV6GReBK/1C6KRAzNMOjoLlfO4zKm+3KBF","privKey":"mDoq2rdPrwHzmJF35XuGd16dpM0RxwuJY9MM1TXI+lg="},"lastRemoteEphemeralKey":"BV1PwurKjVauiFXuHKiDM512IKJcNvLZAH6KUtz1sf0Y","previousCounter":0,"rootKey":"Zfcye7KIrwOT+8b2N0F/wdTo/JcRBY+7k66TH+Mwqxs="},"indexInfo":{"baseKey":"BftCC7kR3DMguU0JX0MeVgovgke8NvjHYpN/OnBM3eN9","baseKeyType":1,"closed":1732505406850,"used":1732505403938,"created":1732505403938,"remoteIdentityKey":"BeBUVHNrdp+F+s74qqISmouMK1opvHPteT+6+G/WeSMI"},"_chains":{"BUnAoXyCQXXV6GReBK/1C6KRAzNMOjoLlfO4zKm+3KBF":{"chainKey":{"counter":0,"key":"hgZDN3SF0mg1SBk1RU1lcIDz/GuhnNi4ldXgfFnucSo="},"chainType":1,"messageKeys":{}}},"pendingPreKey":{"signedKeyId":18,"baseKey":"BftCC7kR3DMguU0JX0MeVgovgke8NvjHYpN/OnBM3eN9","preKeyId":11078682}},"Bas/LTMh/tBXhFPfKySjYfbj6t8VIYmJYursD8r1PsE4":{"registrationId":229527191,"currentRatchet":{"ephemeralKeyPair":{"pubKey":"BXpyDAqAfffWw6+SX/kDTjXBjcFd5M4NkwkulSkx5KJv","privKey":"iNCfUqKQehMD804E5GzfXmta+yBge2wQOOOi7+bn+0Q="},"lastRemoteEphemeralKey":"BV1PwurKjVauiFXuHKiDM512IKJcNvLZAH6KUtz1sf0Y","previousCounter":0,"rootKey":"zJiCk5W42kvjiP1nL7fvgOLK1kufFNNoBASY5Trq55I="},"indexInfo":{"baseKey":"Bas/LTMh/tBXhFPfKySjYfbj6t8VIYmJYursD8r1PsE4","baseKeyType":1,"closed":-1,"used":1732505405928,"created":1732505405928,"remoteIdentityKey":"BeBUVHNrdp+F+s74qqISmouMK1opvHPteT+6+G/WeSMI"},"_chains":{"BXpyDAqAfffWw6+SX/kDTjXBjcFd5M4NkwkulSkx5KJv":{"chainKey":{"counter":6,"key":"xsb86sa30ZJuwJLB9lOif0mQJkIiODSj9NzKrta1CjU="},"chainType":1,"messageKeys":{}}},"pendingPreKey":{"signedKeyId":18,"baseKey":"Bas/LTMh/tBXhFPfKySjYfbj6t8VIYmJYursD8r1PsE4","preKeyId":11078564}}},"version":"v1"}