{"_sessions":{"BRf2Gxr1ejg4ZbXX5ADjUVevgukLM4fnsY8Qx4vzOJVY":{"registrationId":1991766277,"currentRatchet":{"ephemeralKeyPair":{"pubKey":"BSL+WxE1Hyy+rAGSaGim9oVeqTSrcgzuGd4rZL3aSrlH","privKey":"iMBEeY6GWTWAU0SAxfXvHMylqHbdTvI+7yZASqHbfHM="},"lastRemoteEphemeralKey":"BUpH3pzcV2ElrAl+by2AFm19XJ81S6euzbkNG88ecbkd","previousCounter":0,"rootKey":"cy/jcGzd69S4IzV36GMWFEFk8H+ihgM5MJZoKBbWVPk="},"indexInfo":{"baseKey":"BRf2Gxr1ejg4ZbXX5ADjUVevgukLM4fnsY8Qx4vzOJVY","baseKeyType":1,"closed":1732505407150,"used":1732505403993,"created":1732505403993,"remoteIdentityKey":"BX3n/ddObuy1ZMIN7h63TSeJj8uhwn75/fpg4jccNogB"},"_chains":{"BSL+WxE1Hyy+rAGSaGim9oVeqTSrcgzuGd4rZL3aSrlH":{"chainKey":{"counter":0,"key":"HYNBfvl/sf5dUXQYSKd70yfCRVHXoCasrqgVdVMglMc="},"chainType":1,"messageKeys":{}}},"pendingPreKey":{"signedKeyId":4,"baseKey":"BRf2Gxr1ejg4ZbXX5ADjUVevgukLM4fnsY8Qx4vzOJVY","preKeyId":2995615}},"BRTjfpIjoR7Qf7bxW6LYzt96K/aCdU3B0d1lAZoyvpMA":{"registrationId":1991766277,"currentRatchet":{"ephemeralKeyPair":{"pubKey":"BeFSbCYh/FLmGWeQ1OvbIwmvPHco5jMofwA2l9b3PEYh","privKey":"GISnYeK70cMJ0U7neANAxmq9H7EbH8zB+lopT6M+dEk="},"lastRemoteEphemeralKey":"BUpH3pzcV2ElrAl+by2AFm19XJ81S6euzbkNG88ecbkd","previousCounter":0,"rootKey":"6TEY/dUHbALDvPpaPDJ4TuJL/77rdGzZ0ZIJSRem/JA="},"indexInfo":{"baseKey":"BRTjfpIjoR7Qf7bxW6LYzt96K/aCdU3B0d1lAZoyvpMA","baseKeyType":1,"closed":-1,"used":1732505405978,"created":1732505405978,"remoteIdentityKey":"BX3n/ddObuy1ZMIN7h63TSeJj8uhwn75/fpg4jccNogB"},"_chains":{"BeFSbCYh/FLmGWeQ1OvbIwmvPHco5jMofwA2l9b3PEYh":{"chainKey":{"counter":6,"key":"6JjqSUr9IAO5+MLsNRnhiLgXRT2fU5EqwNtEp5pgyJM="},"chainType":1,"messageKeys":{}}},"pendingPreKey":{"signedKeyId":4,"baseKey":"BRTjfpIjoR7Qf7bxW6LYzt96K/aCdU3B0d1lAZoyvpMA","preKeyId":2995691}}},"version":"v1"}