{"_sessions":{"BQ2rno5kCC7/po6FTzlrnzN+qEPekD5jrdz9ciW7KnJJ":{"registrationId":278801918,"currentRatchet":{"ephemeralKeyPair":{"pubKey":"BQ5dCklGP39JQ7todMefMikMwxKVmW6Mm0Ji6RzDFmRV","privKey":"YOQEUZKkluocoqWkcbaKMjHFWtA2eA3TrHkSWZuk7VU="},"lastRemoteEphemeralKey":"BQXtJa2YvLVX/DsgdR3zDCO/UyxVBNhKbcJafM+oVOUH","previousCounter":0,"rootKey":"nWUKG4ZqKZYorZP/hH/YbnpZteHY1/Q53i4oN6Z4KpE="},"indexInfo":{"baseKey":"BQ2rno5kCC7/po6FTzlrnzN+qEPekD5jrdz9ciW7KnJJ","baseKeyType":1,"closed":1732505407200,"used":1732505403999,"created":1732505403999,"remoteIdentityKey":"BeP48TP1yF/clRqSUEn2d+lfbKjvE/1hx4JGulFbh+kC"},"_chains":{"BQ5dCklGP39JQ7todMefMikMwxKVmW6Mm0Ji6RzDFmRV":{"chainKey":{"counter":0,"key":"noZo5tdovIne7qfSwxRr+O8/YNlIueqDXCkeIBMBTJ4="},"chainType":1,"messageKeys":{}}},"pendingPreKey":{"signedKeyId":35,"baseKey":"BQ2rno5kCC7/po6FTzlrnzN+qEPekD5jrdz9ciW7KnJJ","preKeyId":14757702}},"Bd7QFcgKfIzrZFts0yhNyXlZGRXJ8WKO6JjXmwB7FcJ6":{"registrationId":278801918,"currentRatchet":{"ephemeralKeyPair":{"pubKey":"BVNLaIiSkpARJugiH2wr1wpVDyRwJN/kVl5C+OjUVpYZ","privKey":"YB4pp9BAjV34Y4akqrHLRkcVEUqrELZjtJAPLkdNF10="},"lastRemoteEphemeralKey":"BQXtJa2YvLVX/DsgdR3zDCO/UyxVBNhKbcJafM+oVOUH","previousCounter":0,"rootKey":"Pn0SeJThwGiK+MJhfyAYe0/N628iWf2knXRv7ZVoGjQ="},"indexInfo":{"baseKey":"Bd7QFcgKfIzrZFts0yhNyXlZGRXJ8WKO6JjXmwB7FcJ6","baseKeyType":1,"closed":-1,"used":1732505405984,"created":1732505405984,"remoteIdentityKey":"BeP48TP1yF/clRqSUEn2d+lfbKjvE/1hx4JGulFbh+kC"},"_chains":{"BVNLaIiSkpARJugiH2wr1wpVDyRwJN/kVl5C+OjUVpYZ":{"chainKey":{"counter":6,"key":"ddFRn+bP5nVLe4fOFk8rx3sfUmebdZa5FYwvxuSV8jg="},"chainType":1,"messageKeys":{}}},"pendingPreKey":{"signedKeyId":35,"baseKey":"Bd7QFcgKfIzrZFts0yhNyXlZGRXJ8WKO6JjXmwB7FcJ6","preKeyId":14757902}}},"version":"v1"}