{"_sessions":{"BeZpjlvgljwaWKf9xMtaOzzpDLg0SId7tUCxVSZmarEe":{"registrationId":551563303,"currentRatchet":{"ephemeralKeyPair":{"pubKey":"BRW0PT494tR8dxfjMcCCCoqqmhJ+bEhave/o4QW2OZ4j","privKey":"UG47K9VhYj4sMC1OFKeWgmWud3KcHM/vSMwsvmAy9Ug="},"lastRemoteEphemeralKey":"Bcl15z43o/t8xonSxW6c9lrGZUH+n6toDG2M3GiWwX00","previousCounter":0,"rootKey":"6TD3DySJZvyDKgfntpteCAGafqEm/5WDv059p0tY3VU="},"indexInfo":{"baseKey":"BeZpjlvgljwaWKf9xMtaOzzpDLg0SId7tUCxVSZmarEe","baseKeyType":1,"closed":1732505406651,"used":1732505403911,"created":1732505403911,"remoteIdentityKey":"BUyXKbgEFtLAv9NKv2fJlQdLPSuT0MR/sCCIspfFmjVk"},"_chains":{"BRW0PT494tR8dxfjMcCCCoqqmhJ+bEhave/o4QW2OZ4j":{"chainKey":{"counter":0,"key":"w3QVLJtT3GmqrMAD+tb600lvHRp6ipEaHs/9yFjpVpc="},"chainType":1,"messageKeys":{}}},"pendingPreKey":{"signedKeyId":15,"baseKey":"BeZpjlvgljwaWKf9xMtaOzzpDLg0SId7tUCxVSZmarEe","preKeyId":4238341}},"BeV+3S0A6eVdPwYtMe9k8wQk/yCzqI2ncnSX4KgIsc9J":{"registrationId":551563303,"currentRatchet":{"ephemeralKeyPair":{"pubKey":"BXOZJiccpvjnaAtXkaN1ODSEDPUY6Kf2qGRO8HCcoxgK","privKey":"wKfkzygyXK/C5bEsZKTMCucCeyN9e3IEHueC3Ll6LGY="},"lastRemoteEphemeralKey":"Bcl15z43o/t8xonSxW6c9lrGZUH+n6toDG2M3GiWwX00","previousCounter":0,"rootKey":"aSFrTOmi6jrfhRFeAwlbY+K3ik5DwQdNMsS5MT3K9hk="},"indexInfo":{"baseKey":"BeV+3S0A6eVdPwYtMe9k8wQk/yCzqI2ncnSX4KgIsc9J","baseKeyType":1,"closed":-1,"used":1732505405901,"created":1732505405901,"remoteIdentityKey":"BUyXKbgEFtLAv9NKv2fJlQdLPSuT0MR/sCCIspfFmjVk"},"_chains":{"BXOZJiccpvjnaAtXkaN1ODSEDPUY6Kf2qGRO8HCcoxgK":{"chainKey":{"counter":6,"key":"8SI/Hpp0Bgg71vLkHMaeBiubMoJPpXjp5d92JPpPh1k="},"chainType":1,"messageKeys":{}}},"pendingPreKey":{"signedKeyId":15,"baseKey":"BeV+3S0A6eVdPwYtMe9k8wQk/yCzqI2ncnSX4KgIsc9J","preKeyId":4238959}}},"version":"v1"}