{"_sessions":{"BTRr5kAtF0aj3Q3q4+OqKpCQPlWnpQ0UTJDW4hdwcDIn":{"registrationId":864205840,"currentRatchet":{"ephemeralKeyPair":{"pubKey":"Bf6bzh7559jRr3u8qldxl9vkV3opAai6g9QGCA33Y1d9","privKey":"MHLby4f/GUX8fX5VpmtE3cAfSJzNbTBFeAesPmNP+2E="},"lastRemoteEphemeralKey":"BUt8ZkKYJGxmuUa/H62kBgp/5mgRiIONrmz3/KgY6Kxe","previousCounter":0,"rootKey":"g9On8c46JLA27fw/uFJG66WUQwCFyiTlcksIw6YglvQ="},"indexInfo":{"baseKey":"BTRr5kAtF0aj3Q3q4+OqKpCQPlWnpQ0UTJDW4hdwcDIn","baseKeyType":1,"closed":1732505406899,"used":1732505403944,"created":1732505403944,"remoteIdentityKey":"BZ2NMG03GhPQVFLC1qXJgQ+25r2TjCoEycSy5h/v7ndr"},"_chains":{"Bf6bzh7559jRr3u8qldxl9vkV3opAai6g9QGCA33Y1d9":{"chainKey":{"counter":0,"key":"SahtsaHOcrbhgMeN9nZNVIkyp9qS8eKEkvYZDuU7/9o="},"chainType":1,"messageKeys":{}}},"pendingPreKey":{"signedKeyId":1,"baseKey":"BTRr5kAtF0aj3Q3q4+OqKpCQPlWnpQ0UTJDW4hdwcDIn","preKeyId":5379621}},"BTeUlMPBp0nJVQtfCcz0Th4NNVvDbaYszFCj3BR1uwto":{"registrationId":864205840,"currentRatchet":{"ephemeralKeyPair":{"pubKey":"BSPsnZSBUtKXSXKIPcZDe5vc4tlZG6LiMXuFS/QOM7k6","privKey":"cGqdy+vLC+W/zkbxbcySdECGsmppK8u/YoVW6ziH0FM="},"lastRemoteEphemeralKey":"BUt8ZkKYJGxmuUa/H62kBgp/5mgRiIONrmz3/KgY6Kxe","previousCounter":0,"rootKey":"+BIHwWoVep9v7Q8sIQzv5nUvoIm1n89LI9D1o+3k3Bc="},"indexInfo":{"baseKey":"BTeUlMPBp0nJVQtfCcz0Th4NNVvDbaYszFCj3BR1uwto","baseKeyType":1,"closed":-1,"used":1732505405934,"created":1732505405934,"remoteIdentityKey":"BZ2NMG03GhPQVFLC1qXJgQ+25r2TjCoEycSy5h/v7ndr"},"_chains":{"BSPsnZSBUtKXSXKIPcZDe5vc4tlZG6LiMXuFS/QOM7k6":{"chainKey":{"counter":6,"key":"8BR/+O1XWq291mOwv8XUpFlteHuCKIP11KIn4QuiQHQ="},"chainType":1,"messageKeys":{}}},"pendingPreKey":{"signedKeyId":1,"baseKey":"BTeUlMPBp0nJVQtfCcz0Th4NNVvDbaYszFCj3BR1uwto","preKeyId":5379607}}},"version":"v1"}