{"_sessions":{"BbsAgdkqceb3dgGG2QVyIuad9ikO2wxxWKDhQxhh2pM4":{"registrationId":942616291,"currentRatchet":{"ephemeralKeyPair":{"pubKey":"BdGgULhpMPkPYRtK4TES0WuuHs8+m3TY9spvQPft7HFQ","privKey":"OAwBV956lEVC8bZj2GzIzQWRkc/1y6+iJOUwbzF9QFo="},"lastRemoteEphemeralKey":"BWN43Q12V6U6JiDNzGwVAJ0SnCX7vdJCXuNwtP55O3NA","previousCounter":0,"rootKey":"UKMdEfJyYSzjJwH9BEewEqGxENkh1uWM8p/5WrGIvJs="},"indexInfo":{"baseKey":"BbsAgdkqceb3dgGG2QVyIuad9ikO2wxxWKDhQxhh2pM4","baseKeyType":1,"closed":-1,"used":1732505401504,"created":1732505401504,"remoteIdentityKey":"BQaenw6v72hcv24oa5snrDq36VLo0wCxNqUmNWfDSDAq"},"_chains":{"BdGgULhpMPkPYRtK4TES0WuuHs8+m3TY9spvQPft7HFQ":{"chainKey":{"counter":4,"key":"1ZGpVimMBZ5A8jcHpXljx4nVl1G2q4AZFjMSD5FsxWs="},"chainType":1,"messageKeys":{}}},"pendingPreKey":{"signedKeyId":8,"baseKey":"BbsAgdkqceb3dgGG2QVyIuad9ikO2wxxWKDhQxhh2pM4","preKeyId":4948215}}},"version":"v1"}