{"_sessions":{"BTwiUneXDtKXk9eVYoYSuFazZEvnA8c3qgA3x8djgDgp":{"registrationId":185,"currentRatchet":{"ephemeralKeyPair":{"pubKey":"BeioHFNJJZeG0ZAuOoimKm2EvrPZliPuXnw8+txuVsEp","privKey":"WFyfnP7olxQwQaURji8pERO+Djrq/ybPWT3lTa78lFA="},"lastRemoteEphemeralKey":"BbVrDXF0KgOW/Cpo7Bs79fb8odQDWxgkXZVUCjUyngcQ","previousCounter":0,"rootKey":"zP2bYKPGuGCQK5A66mtaGOCBIgq9GmQ0T3LKITt7iqU="},"indexInfo":{"baseKey":"BTwiUneXDtKXk9eVYoYSuFazZEvnA8c3qgA3x8djgDgp","baseKeyType":1,"closed":-1,"used":1732505401458,"created":1732505401458,"remoteIdentityKey":"BdDXkbz5TP/ZVXzNSXRdkoIXKR862g+ygOJU3ZsHfeBG"},"_chains":{"BeioHFNJJZeG0ZAuOoimKm2EvrPZliPuXnw8+txuVsEp":{"chainKey":{"counter":4,"key":"zY3OXmIlftM6+Ux5c+EXdJkm+yUXJ50n6a95nCgfvC4="},"chainType":1,"messageKeys":{}}},"pendingPreKey":{"signedKeyId":1,"baseKey":"BTwiUneXDtKXk9eVYoYSuFazZEvnA8c3qgA3x8djgDgp"}}},"version":"v1"}