{"_sessions":{"BRskCXBN3s+Wesb7wsIh/jfZV/cRbqV6fn9VB0otwTJX":{"registrationId":1994466783,"currentRatchet":{"ephemeralKeyPair":{"pubKey":"BWFvRAh1Lof1X4uFU+/rmmCT3oB5QAlR9qwhaSQqy7Ml","privKey":"OFtVU0IUYG16BNKF2dT7qnbJKvlmKL3tkSHZPJ1/8G4="},"lastRemoteEphemeralKey":"BaFSnBbBdtxQgdqBLVT4szb7/SrDUhsy+4hobCgei1ty","previousCounter":0,"rootKey":"Yy/wvGut0zNI+LPQ/0E2Gm3aJqRiEW/xJjVjAhN9r0U="},"indexInfo":{"baseKey":"BRskCXBN3s+Wesb7wsIh/jfZV/cRbqV6fn9VB0otwTJX","baseKeyType":1,"closed":1732505406050,"used":1732505403816,"created":1732505403816,"remoteIdentityKey":"BUQdSW+6AZ+A0M7fljCDGOmTGlO/6pY9mlDk4t1vDRAT"},"_chains":{"BWFvRAh1Lof1X4uFU+/rmmCT3oB5QAlR9qwhaSQqy7Ml":{"chainKey":{"counter":0,"key":"6SLj4QCSTpVZ/qkTXXHuJfsVn4aYsWz+pIFb55Qbd9g="},"chainType":1,"messageKeys":{}}},"pendingPreKey":{"signedKeyId":3,"baseKey":"BRskCXBN3s+Wesb7wsIh/jfZV/cRbqV6fn9VB0otwTJX","preKeyId":5112229}},"BSJBTHsh/q59UgzENqLbBF+i3O6nEdmTxDUZ6ctLtn1J":{"registrationId":1994466783,"currentRatchet":{"ephemeralKeyPair":{"pubKey":"BXj4pORrJPWi7M9mWvPFhXyLA/me6H8DkKbxrFhQ5U4z","privKey":"oN6hC/kVrG/FBiTWMJj3np7imKDXVHqgULOzzb7rRWc="},"lastRemoteEphemeralKey":"BaFSnBbBdtxQgdqBLVT4szb7/SrDUhsy+4hobCgei1ty","previousCounter":0,"rootKey":"d/tCwrDtH7ARei1tJ7HLDBlUeuhrx8Dzv621Hzh5mME="},"indexInfo":{"baseKey":"BSJBTHsh/q59UgzENqLbBF+i3O6nEdmTxDUZ6ctLtn1J","baseKeyType":1,"closed":-1,"used":1732505405801,"created":1732505405801,"remoteIdentityKey":"BUQdSW+6AZ+A0M7fljCDGOmTGlO/6pY9mlDk4t1vDRAT"},"_chains":{"BXj4pORrJPWi7M9mWvPFhXyLA/me6H8DkKbxrFhQ5U4z":{"chainKey":{"counter":6,"key":"6vnH9zlLIALptEcVIeroL8SgRDfgJVcIcqFJj9NDOnI="},"chainType":1,"messageKeys":{}}},"pendingPreKey":{"signedKeyId":3,"baseKey":"BSJBTHsh/q59UgzENqLbBF+i3O6nEdmTxDUZ6ctLtn1J","preKeyId":5112405}}},"version":"v1"}