{"_sessions":{"BUPCLi1uzTBb0Lk1h8PecshajWnkyyBJVeB0wwqshYg3":{"registrationId":183054740,"currentRatchet":{"ephemeralKeyPair":{"pubKey":"BWr907fPpTFAOgEO1jyOSCRhHCTIPPBhNMu8vCwQ/OtX","privKey":"yAG9FoMsL0900FGxtg7pQX+qfOtLc0pWI2Idc55IZms="},"lastRemoteEphemeralKey":"BavyCaE4mf/4WQbjHa5y+W3qsU/DDkwYITINntdaPs8G","previousCounter":0,"rootKey":"/7E/n7SHPctS2UJxtsJUycp6MmpviIzXLqP4KW3e15g="},"indexInfo":{"baseKey":"BUPCLi1uzTBb0Lk1h8PecshajWnkyyBJVeB0wwqshYg3","baseKeyType":1,"closed":1732505406800,"used":1732505403932,"created":1732505403932,"remoteIdentityKey":"Ba/PjiHb9gy4qwxHc6P4cL+y1Yn9i9tkFaBkgmzIKQcX"},"_chains":{"BWr907fPpTFAOgEO1jyOSCRhHCTIPPBhNMu8vCwQ/OtX":{"chainKey":{"counter":0,"key":"hGBGwfMC+nsbuyCNMVIpTJIwLsuhF6QiVv14twSYRt8="},"chainType":1,"messageKeys":{}}},"pendingPreKey":{"signedKeyId":741,"baseKey":"BUPCLi1uzTBb0Lk1h8PecshajWnkyyBJVeB0wwqshYg3","preKeyId":12543427}},"BWaP4VB/4wW257AJ55wIQREpfx1jhAQHdm6mWsDcFCdm":{"registrationId":183054740,"currentRatchet":{"ephemeralKeyPair":{"pubKey":"BSHLwVcn5HPJDw+CDfw/FSl8N7DS7gfvYGfQqM4TO/xl","privKey":"qP+VHX7T1LMOEtcWkZDbhp8mylpPlRqHy7YsrynbEEs="},"lastRemoteEphemeralKey":"BavyCaE4mf/4WQbjHa5y+W3qsU/DDkwYITINntdaPs8G","previousCounter":0,"rootKey":"oB1UitC7PigL3uhdUGoxcOGBKYI50NGiRXWhy8xFKxw="},"indexInfo":{"baseKey":"BWaP4VB/4wW257AJ55wIQREpfx1jhAQHdm6mWsDcFCdm","baseKeyType":1,"closed":-1,"used":1732505405922,"created":1732505405922,"remoteIdentityKey":"Ba/PjiHb9gy4qwxHc6P4cL+y1Yn9i9tkFaBkgmzIKQcX"},"_chains":{"BSHLwVcn5HPJDw+CDfw/FSl8N7DS7gfvYGfQqM4TO/xl":{"chainKey":{"counter":3,"key":"BHKiqTzQagawxmHEH279Joxl30Q0Zd32YH91H+gQEB0="},"chainType":1,"messageKeys":{}}},"pendingPreKey":{"signedKeyId":741,"baseKey":"BWaP4VB/4wW257AJ55wIQREpfx1jhAQHdm6mWsDcFCdm","preKeyId":12543533}}},"version":"v1"}