{"_sessions":{"BbXZTrz4ImcMVFJiz+/z3LgQWaqEVjPW03ikGwqjHW9C":{"registrationId":423478947,"currentRatchet":{"ephemeralKeyPair":{"pubKey":"BZIDxDoO/atzK1T3+cuD2Qd0PJqI8+ihpendiNjyNw4T","privKey":"MEV2PWtVQPhAxEMiqRgRWE3kUkS0iA3f1WsMtVPMrHU="},"lastRemoteEphemeralKey":"BQkDX74r+bC89w90XjDiCaPF803o/6Ie6eilBCS33QZX","previousCounter":0,"rootKey":"lHVr3kz45aOhH/nGJ+JZBt2TfN16RsnTvVO7c81bk/M="},"indexInfo":{"baseKey":"BbXZTrz4ImcMVFJiz+/z3LgQWaqEVjPW03ikGwqjHW9C","baseKeyType":1,"closed":1732505407051,"used":1732505403973,"created":1732505403973,"remoteIdentityKey":"BbGYcmzwZD+U//uaDP6clOKQ+7fDzZLQmIXHccEbsPsY"},"_chains":{"BZIDxDoO/atzK1T3+cuD2Qd0PJqI8+ihpendiNjyNw4T":{"chainKey":{"counter":0,"key":"ce9D5Bkzkca4KugwgABrGk55M2Iua2W1HgrSlMwvKAY="},"chainType":1,"messageKeys":{}}},"pendingPreKey":{"signedKeyId":3,"baseKey":"BbXZTrz4ImcMVFJiz+/z3LgQWaqEVjPW03ikGwqjHW9C","preKeyId":4167242}},"BSIVM2Tg5nE12svL02eKRTPXJGru6VugiJGONvNQt5M/":{"registrationId":423478947,"currentRatchet":{"ephemeralKeyPair":{"pubKey":"BRGuuWva2u9HbaLqwDrSeih4wg7UOUzCC9t8kzLQBU86","privKey":"yEXmvx2Q1C+9I78eSa9Nyn+TOeHpvKIH61kTdCeGwXo="},"lastRemoteEphemeralKey":"BQkDX74r+bC89w90XjDiCaPF803o/6Ie6eilBCS33QZX","previousCounter":0,"rootKey":"43cogmnTIAWZNoWLRi3d/BOzg3yiucnk3kT9OiQ4RBQ="},"indexInfo":{"baseKey":"BSIVM2Tg5nE12svL02eKRTPXJGru6VugiJGONvNQt5M/","baseKeyType":1,"closed":-1,"used":1732505405963,"created":1732505405963,"remoteIdentityKey":"BbGYcmzwZD+U//uaDP6clOKQ+7fDzZLQmIXHccEbsPsY"},"_chains":{"BRGuuWva2u9HbaLqwDrSeih4wg7UOUzCC9t8kzLQBU86":{"chainKey":{"counter":6,"key":"32aeMMBeMCXyRAOBOMjKJOi2uxoOL6WMfcOCfTOQb5w="},"chainType":1,"messageKeys":{}}},"pendingPreKey":{"signedKeyId":3,"baseKey":"BSIVM2Tg5nE12svL02eKRTPXJGru6VugiJGONvNQt5M/","preKeyId":4167838}}},"version":"v1"}