{"_sessions":{"BX8FY0PaQs3hS61yvNgAuDA9NxSOshExypAescC6FZIs":{"registrationId":1117772793,"currentRatchet":{"ephemeralKeyPair":{"pubKey":"BeNj5ZIspNwWtQ11KKC3w7+5oCFuaQuVFeTflVUAjxY2","privKey":"+LG87e/f5vrMl8j+NtReArmnzwVBQiLF4i1OLonLQlo="},"lastRemoteEphemeralKey":"BTPJc4A/lNvpiVhS9G4O95AOFC6K69Yrd/88QLb1B/Iv","previousCounter":0,"rootKey":"7lOvyzlAelbCJanZoMcFMzg77h6imgZJtEwSIlLGLyc="},"indexInfo":{"baseKey":"BX8FY0PaQs3hS61yvNgAuDA9NxSOshExypAescC6FZIs","baseKeyType":1,"closed":1732505407100,"used":1732505403982,"created":1732505403982,"remoteIdentityKey":"BcP0clP4Ln/2ZUMQwa9nE5dqqJxcPoFUP7G4w4XEF2Er"},"_chains":{"BeNj5ZIspNwWtQ11KKC3w7+5oCFuaQuVFeTflVUAjxY2":{"chainKey":{"counter":0,"key":"+YUTdDL/hIET+6f8LVzRYruobRmMkb9L1Br6pJJ/Uak="},"chainType":1,"messageKeys":{}}},"pendingPreKey":{"signedKeyId":6,"baseKey":"BX8FY0PaQs3hS61yvNgAuDA9NxSOshExypAescC6FZIs","preKeyId":3906617}},"BW760Rr+FePFoPe+Zik7A98LurMyl+vZSBXFYFGsG59x":{"registrationId":1117772793,"currentRatchet":{"ephemeralKeyPair":{"pubKey":"BcEEsc+22lUrr7di5WoSVsHTC2M9er2Gtyxh4VC3k5h7","privKey":"sC5S9PZuDH4Bx35/Exzt+x2BccqtzlKgR1Q9/r0iB24="},"lastRemoteEphemeralKey":"BTPJc4A/lNvpiVhS9G4O95AOFC6K69Yrd/88QLb1B/Iv","previousCounter":0,"rootKey":"GANKqYOJgRoUJPDj38ciC8VcT0+jUD3lp6pIpMvTPGo="},"indexInfo":{"baseKey":"BW760Rr+FePFoPe+Zik7A98LurMyl+vZSBXFYFGsG59x","baseKeyType":1,"closed":-1,"used":1732505405972,"created":1732505405972,"remoteIdentityKey":"BcP0clP4Ln/2ZUMQwa9nE5dqqJxcPoFUP7G4w4XEF2Er"},"_chains":{"BcEEsc+22lUrr7di5WoSVsHTC2M9er2Gtyxh4VC3k5h7":{"chainKey":{"counter":6,"key":"sOE8JzWEnv2aSo8VCUMOVattcWak4VUrzY6Fqp2tUYs="},"chainType":1,"messageKeys":{}}},"pendingPreKey":{"signedKeyId":6,"baseKey":"BW760Rr+FePFoPe+Zik7A98LurMyl+vZSBXFYFGsG59x","preKeyId":3906970}}},"version":"v1"}