{"_sessions":{"BdENOJXnS+Hp4bAxMdePf82DVqbO5p4GwwJgcTVKkkEh":{"registrationId":1560906152,"currentRatchet":{"ephemeralKeyPair":{"pubKey":"BfGVk+g+FVZDY/TEDDRIsbPgMwYI1Zbis/14mRCu2L8/","privKey":"2Djj/qrJ5RXKchqiXZbV+fbeeSeivkTwRQqh25uahXs="},"lastRemoteEphemeralKey":"BWKBm6fwsQU9r+yYVV2/vUMQBRc3Ll+YYuk/p0Hf8xET","previousCounter":0,"rootKey":"3i/emX/TLHsS13v5l21ge/F28i0YPSY0jOssKoYCXcY="},"indexInfo":{"baseKey":"BdENOJXnS+Hp4bAxMdePf82DVqbO5p4GwwJgcTVKkkEh","baseKeyType":1,"closed":1732505406500,"used":1732505403882,"created":1732505403882,"remoteIdentityKey":"Bb4+Um3Xadkjs0SXFTKYGJXkMXsNv8q77Zzoqy+eb3Jl"},"_chains":{"BfGVk+g+FVZDY/TEDDRIsbPgMwYI1Zbis/14mRCu2L8/":{"chainKey":{"counter":0,"key":"OzGAlPOn+1+Hjs4YoEdfBx6NB1XfQR6/IFRR46fC/Ak="},"chainType":1,"messageKeys":{}}},"pendingPreKey":{"signedKeyId":10,"baseKey":"BdENOJXnS+Hp4bAxMdePf82DVqbO5p4GwwJgcTVKkkEh"}},"BS+w1bKR+m+eD2JI/qGKnAmWhrAbxLm17k3wWATU7EJ2":{"registrationId":1560906152,"currentRatchet":{"ephemeralKeyPair":{"pubKey":"BXhI3DdAfe2xkAEUqw5uGDDDAfhlZfkZiBVq9V7U4wkP","privKey":"4DrAK+oRo7oa/I1Oxox9+JO2v1AHIgN4YIRBdJrh0lU="},"lastRemoteEphemeralKey":"BWKBm6fwsQU9r+yYVV2/vUMQBRc3Ll+YYuk/p0Hf8xET","previousCounter":0,"rootKey":"DAS5coeWjPlyMZ0OIEWfCIIOypL3j7txdMmIonbXo4c="},"indexInfo":{"baseKey":"BS+w1bKR+m+eD2JI/qGKnAmWhrAbxLm17k3wWATU7EJ2","baseKeyType":1,"closed":-1,"used":1732505405870,"created":1732505405870,"remoteIdentityKey":"Bb4+Um3Xadkjs0SXFTKYGJXkMXsNv8q77Zzoqy+eb3Jl"},"_chains":{"BXhI3DdAfe2xkAEUqw5uGDDDAfhlZfkZiBVq9V7U4wkP":{"chainKey":{"counter":6,"key":"m2J1RlTnYPJmCORYYT1iiBEJ+SAsJ5nJaPV/oy9Iy30="},"chainType":1,"messageKeys":{}}},"pendingPreKey":{"signedKeyId":10,"baseKey":"BS+w1bKR+m+eD2JI/qGKnAmWhrAbxLm17k3wWATU7EJ2"}}},"version":"v1"}