{"_sessions":{"BRCsnSAKMbmn7uJPt68oyJqfyFkidkUKClQN6Gs3W1YE":{"registrationId":80529841,"currentRatchet":{"ephemeralKeyPair":{"pubKey":"BVo6tcLqd3Q5T0bDemhaDEtBFW/+NXIrmpRjGZ8SAJx5","privKey":"yAD7g/Kf/FDcPCoph3KDP47QGoOwJytiBeslRf1UEkc="},"lastRemoteEphemeralKey":"BQ17gO9dAjParIDEdAjFB7ewQXfHxLDJt403VqNMTLAV","previousCounter":0,"rootKey":"0I/ETwJ5U3VFAmqSoiMTviUvUQ0LOECx/prH35oW6aE="},"indexInfo":{"baseKey":"BRCsnSAKMbmn7uJPt68oyJqfyFkidkUKClQN6Gs3W1YE","baseKeyType":1,"closed":1732505406451,"used":1732505403880,"created":1732505403880,"remoteIdentityKey":"BWGSXyaMMdEVi4P/sNsnCJfv/GSbWjOWSjwrvFfnN8hO"},"_chains":{"BVo6tcLqd3Q5T0bDemhaDEtBFW/+NXIrmpRjGZ8SAJx5":{"chainKey":{"counter":0,"key":"pmvg4OuRkQZswFByB/G5X+gElvcmY1hI5Ep0ob9aCF0="},"chainType":1,"messageKeys":{}}},"pendingPreKey":{"signedKeyId":7648923,"baseKey":"BRCsnSAKMbmn7uJPt68oyJqfyFkidkUKClQN6Gs3W1YE","preKeyId":26856}},"BV5NwsV9uiJEVZJsrHuqbFokxk4/i/0o/8Qk7dtnxFJV":{"registrationId":80529841,"currentRatchet":{"ephemeralKeyPair":{"pubKey":"BUlLFHnLsz3ooa/MUs7DT6jMjF6QzfM/czq7+mCCAuRz","privKey":"WPgGJkCaPLWoPzl+BDtNR1rSs2wTRW0QJpQvbtQYvG4="},"lastRemoteEphemeralKey":"BQ17gO9dAjParIDEdAjFB7ewQXfHxLDJt403VqNMTLAV","previousCounter":0,"rootKey":"knGH7Hvqp3fVBAD12JIjBhnkuT4Uo1zg+mQyfmpECCk="},"indexInfo":{"baseKey":"BV5NwsV9uiJEVZJsrHuqbFokxk4/i/0o/8Qk7dtnxFJV","baseKeyType":1,"closed":-1,"used":1732505405867,"created":1732505405867,"remoteIdentityKey":"BWGSXyaMMdEVi4P/sNsnCJfv/GSbWjOWSjwrvFfnN8hO"},"_chains":{"BUlLFHnLsz3ooa/MUs7DT6jMjF6QzfM/czq7+mCCAuRz":{"chainKey":{"counter":6,"key":"QW7Yb0j7YOTemFGqUIylFQkceZpAsQCo8dhOA4Mhubw="},"chainType":1,"messageKeys":{}}},"pendingPreKey":{"signedKeyId":7648923,"baseKey":"BV5NwsV9uiJEVZJsrHuqbFokxk4/i/0o/8Qk7dtnxFJV","preKeyId":26817}}},"version":"v1"}