{"_sessions":{"BWldj7S6QLQLjxvg2UQLw8ibT8cYXgoU/p+C08pspAF5":{"registrationId":204,"currentRatchet":{"ephemeralKeyPair":{"pubKey":"Bdo5jT7al0PDFh5wjn8qe/TTiEHGsmjDVU0PBhalULR/","privKey":"AEdQ9QunBSl+B1PQ+7aM6pn3nm1SfLPv4lj4bObld3A="},"lastRemoteEphemeralKey":"BZ6zYEnEBUREN1NZPhyKVtPnc00/ef2gK2jiyKMxe3sD","previousCounter":0,"rootKey":"LZ6fwBQDt7xTm9xHYj8029F1HM4ZVSuEn9tnza8IZ5Q="},"indexInfo":{"baseKey":"BWldj7S6QLQLjxvg2UQLw8ibT8cYXgoU/p+C08pspAF5","baseKeyType":1,"closed":1732505406021,"used":1732505403650,"created":1732505403650,"remoteIdentityKey":"BZ4t4WO3u+Fy6FhDameD6UsEu6oXEe7JHMfzY6rpDwlf"},"_chains":{"Bdo5jT7al0PDFh5wjn8qe/TTiEHGsmjDVU0PBhalULR/":{"chainKey":{"counter":0,"key":"y1rFbXM+wliMTUU40XwSNCn2UQ10tCpOFSnunbTXYaY="},"chainType":1,"messageKeys":{}}},"pendingPreKey":{"signedKeyId":1,"baseKey":"BWldj7S6QLQLjxvg2UQLw8ibT8cYXgoU/p+C08pspAF5","preKeyId":34}},"BfwLisgrse7V+BOM89fZk+y6LyiJdWcUnFhr6HS2rTgI":{"registrationId":204,"currentRatchet":{"ephemeralKeyPair":{"pubKey":"BeJ5HaJkWDYqWOUSlWV5+C0h+HDhBBBLqjVLsEgIOW4v","privKey":"aM99CU63WmZhu1JuXAhk8+DDit+tN1Zkr4aY6I0uMH8="},"lastRemoteEphemeralKey":"BZ6zYEnEBUREN1NZPhyKVtPnc00/ef2gK2jiyKMxe3sD","previousCounter":0,"rootKey":"9g4gQZgDYOg+hEX/ZrWViroKJdtRJs5EJLMOFwQORAA="},"indexInfo":{"baseKey":"BfwLisgrse7V+BOM89fZk+y6LyiJdWcUnFhr6HS2rTgI","baseKeyType":1,"closed":1732520224148,"used":1732505405658,"created":1732505405658,"remoteIdentityKey":"BZ4t4WO3u+Fy6FhDameD6UsEu6oXEe7JHMfzY6rpDwlf"},"_chains":{"BeJ5HaJkWDYqWOUSlWV5+C0h+HDhBBBLqjVLsEgIOW4v":{"chainKey":{"counter":6,"key":"WAbKup84VFwajYcqHP7PhIUROaPhBQydIbULRHwLkTs="},"chainType":1,"messageKeys":{}}},"pendingPreKey":{"signedKeyId":1,"baseKey":"BfwLisgrse7V+BOM89fZk+y6LyiJdWcUnFhr6HS2rTgI","preKeyId":54}},"BaPt6jP1gklbqkKzt0DwtX0iDFwhMq5CFC4AFaJHF6Vs":{"registrationId":204,"currentRatchet":{"ephemeralKeyPair":{"pubKey":"BYoguPGi6VBil1rDoxRFag1GdMgQFHMVYl2ytWisY6F7","privKey":"6HsmzYjSLONMFUEHy4EiqbDhTUu0mVOGiKBgq51iD30="},"lastRemoteEphemeralKey":"BZ6zYEnEBUREN1NZPhyKVtPnc00/ef2gK2jiyKMxe3sD","previousCounter":0,"rootKey":"j8HiENCzR/VgPT3U2jQK4bpHPplWQ41CbQyIfjR5qAc="},"indexInfo":{"baseKey":"BaPt6jP1gklbqkKzt0DwtX0iDFwhMq5CFC4AFaJHF6Vs","baseKeyType":1,"closed":1732520224800,"used":1732520224080,"created":1732520224080,"remoteIdentityKey":"BZ4t4WO3u+Fy6FhDameD6UsEu6oXEe7JHMfzY6rpDwlf"},"_chains":{"BYoguPGi6VBil1rDoxRFag1GdMgQFHMVYl2ytWisY6F7":{"chainKey":{"counter":-1,"key":"D9Kig7dxy9tVcQFFs+c9R1j0d7DepYtCIjzj04PeMmI="},"chainType":1,"messageKeys":{}}},"pendingPreKey":{"signedKeyId":1,"baseKey":"BaPt6jP1gklbqkKzt0DwtX0iDFwhMq5CFC4AFaJHF6Vs"}},"BSWedRder1RgDqJ5pnY3QQs5Tnv4lvmTh/XNgmuTtnIo":{"registrationId":204,"currentRatchet":{"ephemeralKeyPair":{"pubKey":"BRAG9g9fgIaRkLFbrHq+8b4+hDSPS+sdghh4HrhYsPIJ","privKey":"UBKkxqvpz8E4FWqd+sEqdXPKxcyPRge8qdO/cs59BV8="},"lastRemoteEphemeralKey":"BZ6zYEnEBUREN1NZPhyKVtPnc00/ef2gK2jiyKMxe3sD","previousCounter":0,"rootKey":"nCGqr58vaCMohtTSYgEzFJtgwHZ54zCh18bs4gr2WsA="},"indexInfo":{"baseKey":"BSWedRder1RgDqJ5pnY3QQs5Tnv4lvmTh/XNgmuTtnIo","baseKeyType":1,"closed":1732520225299,"used":1732520224796,"created":1732520224796,"remoteIdentityKey":"BZ4t4WO3u+Fy6FhDameD6UsEu6oXEe7JHMfzY6rpDwlf"},"_chains":{"BRAG9g9fgIaRkLFbrHq+8b4+hDSPS+sdghh4HrhYsPIJ":{"chainKey":{"counter":-1,"key":"nCxj4m/7Soq19XSGNwSZs6x20KzMJosB+vjVRsQAAqE="},"chainType":1,"messageKeys":{}}},"pendingPreKey":{"signedKeyId":1,"baseKey":"BSWedRder1RgDqJ5pnY3QQs5Tnv4lvmTh/XNgmuTtnIo"}},"BT50m5cWYBNg5xtLvuDu1g8v0C+rvz15stnL3ZQiSBot":{"registrationId":204,"currentRatchet":{"ephemeralKeyPair":{"pubKey":"BdLOZOCeneiNEWcO4gPkY6+aD4IhN1wqPGtcmFQwY9Iz","privKey":"kCfxvyyssEenzdjxA3ZQdhZtnGcxlMzrNPNrNbNta00="},"lastRemoteEphemeralKey":"BZ6zYEnEBUREN1NZPhyKVtPnc00/ef2gK2jiyKMxe3sD","previousCounter":0,"rootKey":"RlhsvrNe34NxoL7U+L/eVu1gC9R6X9vzV1prWNWCKPk="},"indexInfo":{"baseKey":"BT50m5cWYBNg5xtLvuDu1g8v0C+rvz15stnL3ZQiSBot","baseKeyType":1,"closed":1732520225821,"used":1732520225297,"created":1732520225297,"remoteIdentityKey":"BZ4t4WO3u+Fy6FhDameD6UsEu6oXEe7JHMfzY6rpDwlf"},"_chains":{"BdLOZOCeneiNEWcO4gPkY6+aD4IhN1wqPGtcmFQwY9Iz":{"chainKey":{"counter":-1,"key":"mzy5FzWFwXPXq4KA7DGCLoB23TH12rE+EZ7b0xxQuKE="},"chainType":1,"messageKeys":{}}},"pendingPreKey":{"signedKeyId":1,"baseKey":"BT50m5cWYBNg5xtLvuDu1g8v0C+rvz15stnL3ZQiSBot"}},"BRIdAX80aGA7I5RES21/brrNtGI1BzQ1zvGsnYJnD75c":{"registrationId":204,"currentRatchet":{"ephemeralKeyPair":{"pubKey":"BUUqzyUAcLt506OUH3bBzRO6KEQ0Cx4bihYb/hcqfyhQ","privKey":"OAyLC1eSzSSAYQ0G75VUi0Qhmg+Yi6MAuaSYu4Kal2Y="},"lastRemoteEphemeralKey":"BZ6zYEnEBUREN1NZPhyKVtPnc00/ef2gK2jiyKMxe3sD","previousCounter":0,"rootKey":"BmGHyDuGOMtd/uXYnWxkZ1MjdZ9bpZnK6O6cpyQCsbY="},"indexInfo":{"baseKey":"BRIdAX80aGA7I5RES21/brrNtGI1BzQ1zvGsnYJnD75c","baseKeyType":1,"closed":1732520226361,"used":1732520225819,"created":1732520225819,"remoteIdentityKey":"BZ4t4WO3u+Fy6FhDameD6UsEu6oXEe7JHMfzY6rpDwlf"},"_chains":{"BUUqzyUAcLt506OUH3bBzRO6KEQ0Cx4bihYb/hcqfyhQ":{"chainKey":{"counter":-1,"key":"htmhMaJZrZE3FeI80z5BnCJRsA3ddOJKJM8iOIye4/0="},"chainType":1,"messageKeys":{}}},"pendingPreKey":{"signedKeyId":1,"baseKey":"BRIdAX80aGA7I5RES21/brrNtGI1BzQ1zvGsnYJnD75c"}},"Be9Rf8Xr40P2UgCf6n1cSPh5dAPVsluwJDZ2wYw54Ykg":{"registrationId":204,"currentRatchet":{"ephemeralKeyPair":{"pubKey":"BaGc3wOJrxxPggptLC1wowQyfzbN7bsp1avjhA9WyBpr","privKey":"QBMb+GDKD0mDRqcorXhoa5a0djSESD26ClsnSWK8KXU="},"lastRemoteEphemeralKey":"BZ6zYEnEBUREN1NZPhyKVtPnc00/ef2gK2jiyKMxe3sD","previousCounter":0,"rootKey":"hGSazikdkcNjI2XTKcsGeUYsBiJSSjfQM47FMPPJ/UY="},"indexInfo":{"baseKey":"Be9Rf8Xr40P2UgCf6n1cSPh5dAPVsluwJDZ2wYw54Ykg","baseKeyType":1,"closed":1732520226941,"used":1732520226356,"created":1732520226356,"remoteIdentityKey":"BZ4t4WO3u+Fy6FhDameD6UsEu6oXEe7JHMfzY6rpDwlf"},"_chains":{"BaGc3wOJrxxPggptLC1wowQyfzbN7bsp1avjhA9WyBpr":{"chainKey":{"counter":-1,"key":"vlBYmXO8r5oOpW51sBMs77L+2S5yfmneMwznHdDp6J4="},"chainType":1,"messageKeys":{}}},"pendingPreKey":{"signedKeyId":1,"baseKey":"Be9Rf8Xr40P2UgCf6n1cSPh5dAPVsluwJDZ2wYw54Ykg"}},"Be/tkCyfZB0P2Sf2nilwjigm6wMcrk12ULEJF0dkXHdZ":{"registrationId":204,"currentRatchet":{"ephemeralKeyPair":{"pubKey":"BTJUJfCdAX2VZGnVtHEFxOtu3wrv8h94MsVTe9jvhOMl","privKey":"aA4W6myXYqBDq8GAQ1NE2suTIHKaoVhEIDtf3O2AMFM="},"lastRemoteEphemeralKey":"BZ6zYEnEBUREN1NZPhyKVtPnc00/ef2gK2jiyKMxe3sD","previousCounter":0,"rootKey":"DUQT2nEYNCw6l1Kj4qHIPAJRA2PV/x8Z7s9YQIStOrQ="},"indexInfo":{"baseKey":"Be/tkCyfZB0P2Sf2nilwjigm6wMcrk12ULEJF0dkXHdZ","baseKeyType":1,"closed":1732520227565,"used":1732520226939,"created":1732520226939,"remoteIdentityKey":"BZ4t4WO3u+Fy6FhDameD6UsEu6oXEe7JHMfzY6rpDwlf"},"_chains":{"BTJUJfCdAX2VZGnVtHEFxOtu3wrv8h94MsVTe9jvhOMl":{"chainKey":{"counter":-1,"key":"Tq1JMASThehibpEx3lHlGc2pjdk6+w/yah9eBv2Iha0="},"chainType":1,"messageKeys":{}}},"pendingPreKey":{"signedKeyId":1,"baseKey":"Be/tkCyfZB0P2Sf2nilwjigm6wMcrk12ULEJF0dkXHdZ"}},"Bfcs40Meiof1pe3dCxUs1akx1poohaOUkts0J0smYqFW":{"registrationId":204,"currentRatchet":{"ephemeralKeyPair":{"pubKey":"BYxho8oIgBJJ76Sl0Z/LTDQ6iG04lGpPqzf8yQ2pwHtC","privKey":"aD8qD3dN4py2b3n2Cst7ZBRGKM1dEQ+TN9mwHVNbcns="},"lastRemoteEphemeralKey":"BZ6zYEnEBUREN1NZPhyKVtPnc00/ef2gK2jiyKMxe3sD","previousCounter":0,"rootKey":"DVBlcmknD5QzfL6pvsRbJhXK8/hX13P3bATQYIjnb54="},"indexInfo":{"baseKey":"Bfcs40Meiof1pe3dCxUs1akx1poohaOUkts0J0smYqFW","baseKeyType":1,"closed":1732520228128,"used":1732520227563,"created":1732520227563,"remoteIdentityKey":"BZ4t4WO3u+Fy6FhDameD6UsEu6oXEe7JHMfzY6rpDwlf"},"_chains":{"BYxho8oIgBJJ76Sl0Z/LTDQ6iG04lGpPqzf8yQ2pwHtC":{"chainKey":{"counter":-1,"key":"1r3U/JOOeOBbPNZ6da6rJFWROGuHUJ/5rWnJG2loUgs="},"chainType":1,"messageKeys":{}}},"pendingPreKey":{"signedKeyId":1,"baseKey":"Bfcs40Meiof1pe3dCxUs1akx1poohaOUkts0J0smYqFW"}},"BYiQYIAyzLj8YzFnCIX0sO2vkajdnTH8B+UiodiW4sJJ":{"registrationId":204,"currentRatchet":{"ephemeralKeyPair":{"pubKey":"BQe9ExUXEX2yPei14frPyXCY/PakIs5T8hZZu0vHE0s8","privKey":"0FfTXduW+xZrH+HZt7lUnLsK/joKsRNGBEiC16WG+lU="},"lastRemoteEphemeralKey":"BZ6zYEnEBUREN1NZPhyKVtPnc00/ef2gK2jiyKMxe3sD","previousCounter":0,"rootKey":"xU0spIsA3xn1kMNNom88efdKJyXa1DjHNlZ/+3Nf0UA="},"indexInfo":{"baseKey":"BYiQYIAyzLj8YzFnCIX0sO2vkajdnTH8B+UiodiW4sJJ","baseKeyType":1,"closed":1732520228690,"used":1732520228125,"created":1732520228125,"remoteIdentityKey":"BZ4t4WO3u+Fy6FhDameD6UsEu6oXEe7JHMfzY6rpDwlf"},"_chains":{"BQe9ExUXEX2yPei14frPyXCY/PakIs5T8hZZu0vHE0s8":{"chainKey":{"counter":-1,"key":"bRJB4/Wm4CCOVcwn3k7CoNpOQjq4NGxQROIn6qlC4CY="},"chainType":1,"messageKeys":{}}},"pendingPreKey":{"signedKeyId":1,"baseKey":"BYiQYIAyzLj8YzFnCIX0sO2vkajdnTH8B+UiodiW4sJJ"}},"BUwn2zczqS+cL/s5sjnFGwc2yamgdBvAmr6o+v3RvgFR":{"registrationId":204,"currentRatchet":{"ephemeralKeyPair":{"pubKey":"Bdanu63UjXrRp+4KFRDXHsUcDptpgF7kNFVNd56FO1JU","privKey":"oJ0vOdA8ZcXHxRrscR0arOjd5+VMdZXMrjRVVf8ZhXI="},"lastRemoteEphemeralKey":"BZ6zYEnEBUREN1NZPhyKVtPnc00/ef2gK2jiyKMxe3sD","previousCounter":0,"rootKey":"6DjTE4wgd17uVuTynwHTIKn1YaHFJ0/maxoj/wgA+Lg="},"indexInfo":{"baseKey":"BUwn2zczqS+cL/s5sjnFGwc2yamgdBvAmr6o+v3RvgFR","baseKeyType":1,"closed":1732520229323,"used":1732520228688,"created":1732520228688,"remoteIdentityKey":"BZ4t4WO3u+Fy6FhDameD6UsEu6oXEe7JHMfzY6rpDwlf"},"_chains":{"Bdanu63UjXrRp+4KFRDXHsUcDptpgF7kNFVNd56FO1JU":{"chainKey":{"counter":-1,"key":"qDZ5MiP+1eRysz5/6Mf8wawVWldNoIGtZVd6A7MZPMk="},"chainType":1,"messageKeys":{}}},"pendingPreKey":{"signedKeyId":1,"baseKey":"BUwn2zczqS+cL/s5sjnFGwc2yamgdBvAmr6o+v3RvgFR"}},"BVKBtlimvlnoAfRBvF3MX9yvxC/jCvWrTygy8QWBODR0":{"registrationId":204,"currentRatchet":{"ephemeralKeyPair":{"pubKey":"BSa6CdQ/dtVf9vET4sgxeOS1pAWCi9OKauAxo1HHg6ZS","privKey":"oIYdi6pwX5AFsLQTzkpKBcgZJiCXJpK2+MwoVkFCAGE="},"lastRemoteEphemeralKey":"BZ6zYEnEBUREN1NZPhyKVtPnc00/ef2gK2jiyKMxe3sD","previousCounter":0,"rootKey":"zZay9L1SJMQubhba22mfXPddl/A6ks+/RtcfavavMn8="},"indexInfo":{"baseKey":"BVKBtlimvlnoAfRBvF3MX9yvxC/jCvWrTygy8QWBODR0","baseKeyType":1,"closed":-1,"used":1732520229321,"created":1732520229321,"remoteIdentityKey":"BZ4t4WO3u+Fy6FhDameD6UsEu6oXEe7JHMfzY6rpDwlf"},"_chains":{"BSa6CdQ/dtVf9vET4sgxeOS1pAWCi9OKauAxo1HHg6ZS":{"chainKey":{"counter":-1,"key":"zXACtIcyM6PGbg3B8ecvfmaqVH5MqBiHR4WbiLSFfyA="},"chainType":1,"messageKeys":{}}},"pendingPreKey":{"signedKeyId":1,"baseKey":"BVKBtlimvlnoAfRBvF3MX9yvxC/jCvWrTygy8QWBODR0"}}},"version":"v1"}