{"_sessions":{"BTpM98YLeyS6sPa4aCfTE9Bg8AibjBn8ZYp3q/j5k7lW":{"registrationId":1802397011,"currentRatchet":{"ephemeralKeyPair":{"pubKey":"BZfKerqpUf5niNOP8MGfjF/qnWV0mqdzdTcxS3aMTkVf","privKey":"CI7bH5exphHpTl7bAnmxB6LhhYOR2l0AOS+8CQ3Ln38="},"lastRemoteEphemeralKey":"BcGoLwB9tMnjqXLVMAl8mU4V2hQ/tgvoMOh7x5ADh6pB","previousCounter":0,"rootKey":"DTEComEcJ2e6x0gs2jCAwbsyL+22T5MVOHiwugYd/zs="},"indexInfo":{"baseKey":"BTpM98YLeyS6sPa4aCfTE9Bg8AibjBn8ZYp3q/j5k7lW","baseKeyType":1,"closed":1732505406027,"used":1732505403769,"created":1732505403769,"remoteIdentityKey":"Bca9c403sFX1GuwjIArQVFEJCdEpwk9FDuwyKR1VzCxM"},"_chains":{"BZfKerqpUf5niNOP8MGfjF/qnWV0mqdzdTcxS3aMTkVf":{"chainKey":{"counter":0,"key":"orxCgJhvp2HbKfKf/dQEyFSV6iGGS3XCSelL8gydzVk="},"chainType":1,"messageKeys":{}}},"pendingPreKey":{"signedKeyId":4,"baseKey":"BTpM98YLeyS6sPa4aCfTE9Bg8AibjBn8ZYp3q/j5k7lW"}},"BXs2ojA4xa15QcVprLu/94tRXYdVCVyhmsb0nq2Ud74M":{"registrationId":1802397011,"currentRatchet":{"ephemeralKeyPair":{"pubKey":"BRL+tgI/gBHU+HSO8Jsy+QhNDmcELYvtxIDM8o9qLbVh","privKey":"SCmywbe5D2P7BvnIjl5XB9SPbWN/he9Lh4A2Yk5+TlU="},"lastRemoteEphemeralKey":"BcGoLwB9tMnjqXLVMAl8mU4V2hQ/tgvoMOh7x5ADh6pB","previousCounter":0,"rootKey":"hIuFpWW4vNCHCLqFk5gbFaOIZT5HQqTe97ayXvFEVns="},"indexInfo":{"baseKey":"BXs2ojA4xa15QcVprLu/94tRXYdVCVyhmsb0nq2Ud74M","baseKeyType":1,"closed":-1,"used":1732505405764,"created":1732505405764,"remoteIdentityKey":"Bca9c403sFX1GuwjIArQVFEJCdEpwk9FDuwyKR1VzCxM"},"_chains":{"BRL+tgI/gBHU+HSO8Jsy+QhNDmcELYvtxIDM8o9qLbVh":{"chainKey":{"counter":6,"key":"zkUGSAxd5yB+Mk/Mm6XaNg1iCOHtQqb9Ow1Uw6ALltE="},"chainType":1,"messageKeys":{}}},"pendingPreKey":{"signedKeyId":4,"baseKey":"BXs2ojA4xa15QcVprLu/94tRXYdVCVyhmsb0nq2Ud74M"}}},"version":"v1"}