{"_sessions":{"BX48nEjXhQIavIZg48AHjAiLdvjEc69eQ5g6l+tH7e4/":{"registrationId":83,"currentRatchet":{"ephemeralKeyPair":{"pubKey":"BaxnfpClik8THo0ghnrptdPdolMFE+RqMxyoiUtQum47","privKey":"0IBdseUUcn1bOx+CW4JO9fafdCAptpNGnzILyocL8GM="},"lastRemoteEphemeralKey":"BfOi9amJg9lBmZiA5RowVtx8fGpWwRXWOMOQbA03xOdZ","previousCounter":0,"rootKey":"7SinXb2gIr1d7ggWD68ePUdLXQualgv5DOwl05SYdSA="},"indexInfo":{"baseKey":"BX48nEjXhQIavIZg48AHjAiLdvjEc69eQ5g6l+tH7e4/","baseKeyType":1,"closed":1732505406024,"used":1732505403720,"created":1732505403720,"remoteIdentityKey":"BQVY9/iHIV4DiVE6/3K/YooRj82Gsms5EoYxWgWYoSpc"},"_chains":{"BaxnfpClik8THo0ghnrptdPdolMFE+RqMxyoiUtQum47":{"chainKey":{"counter":0,"key":"sE7kklJKt/cLO5tGUjYrEyIqdy1mI15L7og8qekXZWg="},"chainType":1,"messageKeys":{}}},"pendingPreKey":{"signedKeyId":1,"baseKey":"BX48nEjXhQIavIZg48AHjAiLdvjEc69eQ5g6l+tH7e4/"}},"BS0EHh8xFem7O7U5tigZcOZkBbkNNFV4X4RkpzQZ1HY6":{"registrationId":83,"currentRatchet":{"ephemeralKeyPair":{"pubKey":"BWtzr4xRpy355SIaVp+0I1dV81EO0FZs8zCqlcFLtRQ6","privKey":"QHh7DVJj2Blfg9YWxAet5usiE6550K+WWotviQ4NPW4="},"lastRemoteEphemeralKey":"BfOi9amJg9lBmZiA5RowVtx8fGpWwRXWOMOQbA03xOdZ","previousCounter":0,"rootKey":"w++d5ONxdmPAFHo5Je242bUxqLvFgCHph/4FJl9/JRI="},"indexInfo":{"baseKey":"BS0EHh8xFem7O7U5tigZcOZkBbkNNFV4X4RkpzQZ1HY6","baseKeyType":1,"closed":-1,"used":1732505405723,"created":1732505405723,"remoteIdentityKey":"BQVY9/iHIV4DiVE6/3K/YooRj82Gsms5EoYxWgWYoSpc"},"_chains":{"BWtzr4xRpy355SIaVp+0I1dV81EO0FZs8zCqlcFLtRQ6":{"chainKey":{"counter":6,"key":"aCxOKs3/4UGodAzkEhYonm7O/w3q1C1Viv3vTww45aI="},"chainType":1,"messageKeys":{}}},"pendingPreKey":{"signedKeyId":1,"baseKey":"BS0EHh8xFem7O7U5tigZcOZkBbkNNFV4X4RkpzQZ1HY6"}}},"version":"v1"}