{"_sessions":{"BYGWh+YNgUkHmjYnQIo90CoNfUML02HEZ1VXNQTT2Fop":{"registrationId":632438972,"currentRatchet":{"ephemeralKeyPair":{"pubKey":"BZ27SBtTuhq2B0BLRrE6S33vWQcUwK2uuiJJi6tilbZw","privKey":"qIeWVEN55fJaCKIkFT69WCSsyHMFPpQ4/AWc7m9dmkg="},"lastRemoteEphemeralKey":"Be+1Y4YW8AxBTJIaNOgdWNb6xjm6Y12wj11G0aD34dhi","previousCounter":0,"rootKey":"y+QKOFcgPrnNtDurMttGtbRYX4fuk/8FZoj0q3+6Ybg="},"indexInfo":{"baseKey":"BYGWh+YNgUkHmjYnQIo90CoNfUML02HEZ1VXNQTT2Fop","baseKeyType":1,"closed":-1,"used":1732505401507,"created":1732505401507,"remoteIdentityKey":"BQLqaS58H0dY5s98DrzjY5lBOMqYBNdj3U/c99f3RopZ"},"_chains":{"BZ27SBtTuhq2B0BLRrE6S33vWQcUwK2uuiJJi6tilbZw":{"chainKey":{"counter":4,"key":"Zqp21vDZHSqRGm0q4ccbLzaJTVwv7WLDLSzKDazJGx8="},"chainType":1,"messageKeys":{}}},"pendingPreKey":{"signedKeyId":1,"baseKey":"BYGWh+YNgUkHmjYnQIo90CoNfUML02HEZ1VXNQTT2Fop","preKeyId":12589749}}},"version":"v1"}