{"_sessions":{"BVaQLw+XMBl2VVFpd4xRzRuJRp/sh99P6iKCB77eSgcc":{"registrationId":983919825,"currentRatchet":{"ephemeralKeyPair":{"pubKey":"BayGBtXjCpO5W8FuoBGJ2le0XdMr/uAM4JtZ6xr/U3M+","privKey":"qDzec6VufILx4N1M/558xkxBWRZfsWWL6Rz95K9Md3c="},"lastRemoteEphemeralKey":"BXO6dQcIHOaIe3EQGpen/4AkJwgQSLDeBjuaM5q/b8ow","previousCounter":0,"rootKey":"aSCyLQxGy1UnO8ajnJPPJm3W/r8jNsaJV9f78mHVZms="},"indexInfo":{"baseKey":"BVaQLw+XMBl2VVFpd4xRzRuJRp/sh99P6iKCB77eSgcc","baseKeyType":1,"closed":1732505406200,"used":1732505403840,"created":1732505403840,"remoteIdentityKey":"BZf1nakI0l0NUCMPT+3U3lPqPQ0xAB8yp3+sd1ZCPJ4w"},"_chains":{"BayGBtXjCpO5W8FuoBGJ2le0XdMr/uAM4JtZ6xr/U3M+":{"chainKey":{"counter":0,"key":"Pm+5EwTY2mTUhVRz29cuEXbPkAuY+t8hzp9ezOky56o="},"chainType":1,"messageKeys":{}}},"pendingPreKey":{"signedKeyId":9,"baseKey":"BVaQLw+XMBl2VVFpd4xRzRuJRp/sh99P6iKCB77eSgcc","preKeyId":3839430}},"Bfq8UTlKVPjSX1zjkfac4FEY3Oa+UO+aj7V3VPdTkIoM":{"registrationId":983919825,"currentRatchet":{"ephemeralKeyPair":{"pubKey":"BZxZ9mjyMiXqhehPcMz9l+cjto810V9pPfyRfhu1DQd/","privKey":"mEJSHVz4BrJvYdZJcSMiOATE2RW1W+jkbnWFBwrTVnM="},"lastRemoteEphemeralKey":"BXO6dQcIHOaIe3EQGpen/4AkJwgQSLDeBjuaM5q/b8ow","previousCounter":0,"rootKey":"yqTYTV5gwEFnVBiYH1xzwISVBueV/bX4mfrKvvxAWJQ="},"indexInfo":{"baseKey":"Bfq8UTlKVPjSX1zjkfac4FEY3Oa+UO+aj7V3VPdTkIoM","baseKeyType":1,"closed":-1,"used":1732505405826,"created":1732505405826,"remoteIdentityKey":"BZf1nakI0l0NUCMPT+3U3lPqPQ0xAB8yp3+sd1ZCPJ4w"},"_chains":{"BZxZ9mjyMiXqhehPcMz9l+cjto810V9pPfyRfhu1DQd/":{"chainKey":{"counter":6,"key":"GbDUWshFax2nEgKJoHNmDHrgzYdey40tjw7zcn+S0a8="},"chainType":1,"messageKeys":{}}},"pendingPreKey":{"signedKeyId":9,"baseKey":"Bfq8UTlKVPjSX1zjkfac4FEY3Oa+UO+aj7V3VPdTkIoM","preKeyId":3839459}}},"version":"v1"}