{"_sessions":{"BWqIFFnKvMVNhI45xlbvUipJ0q8S4JZHVByBcDJD9C0Z":{"registrationId":1875693480,"currentRatchet":{"ephemeralKeyPair":{"pubKey":"BQ/MY/2pFKnZYI/5BGflYO6jSf2yUcu1b9FkE1i2XXcM","privKey":"cOhkf8EkBtS3Cv1kJbw2AqEO2NtTSLcGY0wQQ9lcJHQ="},"lastRemoteEphemeralKey":"BfovYnjEPZcGYrKFBRVrIXBdPwXAiD/h9ETKuLLkd9EK","previousCounter":0,"rootKey":"nh8TnkCxbzM/kJJxEpaChe/tZXMU8TfS+j6CIcxoNDw="},"indexInfo":{"baseKey":"BWqIFFnKvMVNhI45xlbvUipJ0q8S4JZHVByBcDJD9C0Z","baseKeyType":1,"closed":1732509475754,"used":1732509475318,"created":1732509475318,"remoteIdentityKey":"Bft9hmkASxjZA9MwIOlMnoigjCieOvmXVOWhcL/d5L43"},"_chains":{"BQ/MY/2pFKnZYI/5BGflYO6jSf2yUcu1b9FkE1i2XXcM":{"chainKey":{"counter":-1,"key":"8q+u9OCbeaGGHvxTxckoTgTNYbAgrOwDHmQ5peWI6/8="},"chainType":1,"messageKeys":{}}},"pendingPreKey":{"signedKeyId":2,"baseKey":"BWqIFFnKvMVNhI45xlbvUipJ0q8S4JZHVByBcDJD9C0Z","preKeyId":13277139}},"BXZ54C2OfuVOb88CcEoBIdBn0yiE6/wVVpHTxXtADrRY":{"registrationId":1875693480,"currentRatchet":{"ephemeralKeyPair":{"pubKey":"BZukhe2Kkvhlu/SQb4ohRVqO14nP7RpyfVXeQVVda1Nn","privKey":"qLd9ttACk/a3jSz/grR8py1IjOmp7v8eheN/zK1E6HI="},"lastRemoteEphemeralKey":"BfovYnjEPZcGYrKFBRVrIXBdPwXAiD/h9ETKuLLkd9EK","previousCounter":0,"rootKey":"pMV22qSe4m0OEiSPI4+b9Xm1Rub3wN31mjiYwwCXauw="},"indexInfo":{"baseKey":"BXZ54C2OfuVOb88CcEoBIdBn0yiE6/wVVpHTxXtADrRY","baseKeyType":1,"closed":1732509478333,"used":1732509475752,"created":1732509475752,"remoteIdentityKey":"Bft9hmkASxjZA9MwIOlMnoigjCieOvmXVOWhcL/d5L43"},"_chains":{"BZukhe2Kkvhlu/SQb4ohRVqO14nP7RpyfVXeQVVda1Nn":{"chainKey":{"counter":-1,"key":"ywG/rzjDzRcxveO/W4SCifHP1WNfwStHC0mal1cLLJo="},"chainType":1,"messageKeys":{}}},"pendingPreKey":{"signedKeyId":2,"baseKey":"BXZ54C2OfuVOb88CcEoBIdBn0yiE6/wVVpHTxXtADrRY","preKeyId":13277193}},"BerV+wxPoYwzzpEv0fQhoG0fOhrM6x9A5UnqaLpBzGh+":{"registrationId":1875693480,"currentRatchet":{"ephemeralKeyPair":{"pubKey":"BTS7lOwikFe4ND0HqrYCG8GzwFK7W2AcGavAtqLDrGE+","privKey":"UDQHn0Q/o9dV46w/mkFwko6d+sVHevAKHjFA6iRGq2s="},"lastRemoteEphemeralKey":"BfovYnjEPZcGYrKFBRVrIXBdPwXAiD/h9ETKuLLkd9EK","previousCounter":0,"rootKey":"DIdDKKT/TBTwAOBdDDewq4Lh0BgvNiqEd/gl4lnaMZo="},"indexInfo":{"baseKey":"BerV+wxPoYwzzpEv0fQhoG0fOhrM6x9A5UnqaLpBzGh+","baseKeyType":1,"closed":1732509482204,"used":1732509478331,"created":1732509478331,"remoteIdentityKey":"Bft9hmkASxjZA9MwIOlMnoigjCieOvmXVOWhcL/d5L43"},"_chains":{"BTS7lOwikFe4ND0HqrYCG8GzwFK7W2AcGavAtqLDrGE+":{"chainKey":{"counter":-1,"key":"Hs/jMDT00UBKzd4q5bADISnZckD2L3Fnop6kjjcslf8="},"chainType":1,"messageKeys":{}}},"pendingPreKey":{"signedKeyId":2,"baseKey":"BerV+wxPoYwzzpEv0fQhoG0fOhrM6x9A5UnqaLpBzGh+","preKeyId":13277004}},"BRCRIQyHEMctAGUM+ur/AJjQa8XujygA1OpUVs75I3QP":{"registrationId":1875693480,"currentRatchet":{"ephemeralKeyPair":{"pubKey":"BXLBUbEktMTYHQox4Rz5y+FENM9POUBNQupxFfYVHYoa","privKey":"MHKnRqz8//LNY2H40B0JF49cDKi/Q6l9gElw3DYM7Hc="},"lastRemoteEphemeralKey":"BfovYnjEPZcGYrKFBRVrIXBdPwXAiD/h9ETKuLLkd9EK","previousCounter":0,"rootKey":"t9AouZgrQHbfRSjJu+240bcr7pchVGHW+CeU9zR6a94="},"indexInfo":{"baseKey":"BRCRIQyHEMctAGUM+ur/AJjQa8XujygA1OpUVs75I3QP","baseKeyType":1,"closed":1732509482658,"used":1732509482202,"created":1732509482202,"remoteIdentityKey":"Bft9hmkASxjZA9MwIOlMnoigjCieOvmXVOWhcL/d5L43"},"_chains":{"BXLBUbEktMTYHQox4Rz5y+FENM9POUBNQupxFfYVHYoa":{"chainKey":{"counter":-1,"key":"oc82cGA3MGHL+A/WUyTTZLQvHQN2nChj5xILHoav6gI="},"chainType":1,"messageKeys":{}}},"pendingPreKey":{"signedKeyId":2,"baseKey":"BRCRIQyHEMctAGUM+ur/AJjQa8XujygA1OpUVs75I3QP","preKeyId":13276953}},"Ba47g4yFO3K3nwA/l6dzg0Yfq10eoUwk1hkWFfCnaYFT":{"registrationId":1875693480,"currentRatchet":{"ephemeralKeyPair":{"pubKey":"Bfn8YQ/XvU3K5Ga67D9WZdoyrzdJ/xOiUjegijKmcepb","privKey":"4Obx4LWfq5t3m7Tw9PVUbT0zWo9jF3ZIPPhZGq/Aelo="},"lastRemoteEphemeralKey":"BfovYnjEPZcGYrKFBRVrIXBdPwXAiD/h9ETKuLLkd9EK","previousCounter":0,"rootKey":"zcHbouo3Hqss5Ui9Sl0UCQKZIj1trA1Ly82FtRu/f2U="},"indexInfo":{"baseKey":"Ba47g4yFO3K3nwA/l6dzg0Yfq10eoUwk1hkWFfCnaYFT","baseKeyType":1,"closed":1732509486398,"used":1732509482656,"created":1732509482656,"remoteIdentityKey":"Bft9hmkASxjZA9MwIOlMnoigjCieOvmXVOWhcL/d5L43"},"_chains":{"Bfn8YQ/XvU3K5Ga67D9WZdoyrzdJ/xOiUjegijKmcepb":{"chainKey":{"counter":-1,"key":"p6SPnkjqPMozVs5o3Mn36eYyA0Knw4Tnwrxh9FCqL9Y="},"chainType":1,"messageKeys":{}}},"pendingPreKey":{"signedKeyId":2,"baseKey":"Ba47g4yFO3K3nwA/l6dzg0Yfq10eoUwk1hkWFfCnaYFT","preKeyId":13277281}},"BfyfgVtIcNqPBwjfNjdwwqOOLnBHE58jCiBZ+RYlEKEa":{"registrationId":1875693480,"currentRatchet":{"ephemeralKeyPair":{"pubKey":"Bcj//SfFamhKGnL2ZGW5kXnzd1oeG38+tRedCrGZJ3YX","privKey":"SJz2lSWKs1hiwfXYWnacSoZ+p2BLZHGa/GDWC0YViE0="},"lastRemoteEphemeralKey":"BfovYnjEPZcGYrKFBRVrIXBdPwXAiD/h9ETKuLLkd9EK","previousCounter":0,"rootKey":"zLXK25CRnKwNqXXbs5LjeLFgXr2J30RwnuAQ4aLS4cQ="},"indexInfo":{"baseKey":"BfyfgVtIcNqPBwjfNjdwwqOOLnBHE58jCiBZ+RYlEKEa","baseKeyType":1,"closed":1732509503461,"used":1732509486395,"created":1732509486395,"remoteIdentityKey":"Bft9hmkASxjZA9MwIOlMnoigjCieOvmXVOWhcL/d5L43"},"_chains":{"Bcj//SfFamhKGnL2ZGW5kXnzd1oeG38+tRedCrGZJ3YX":{"chainKey":{"counter":-1,"key":"WVEQar/zPkAk7ZQV7dH8Y70r3j07yRklM57ZLyWQv9s="},"chainType":1,"messageKeys":{}}},"pendingPreKey":{"signedKeyId":2,"baseKey":"BfyfgVtIcNqPBwjfNjdwwqOOLnBHE58jCiBZ+RYlEKEa","preKeyId":13276976}},"BXx06so/qarIfQcjOAVOOnUoQqQ9VJ42b46IwuDF6sg5":{"registrationId":1875693480,"currentRatchet":{"ephemeralKeyPair":{"pubKey":"BQ+4gODz6s4oGj9qTRHeRCR4CNPmFwlfzudjopCzdxoC","privKey":"8Mr8QYlYQ1bzCoO3oOGPWA1I8rSCdp9QBASfC9+tUEE="},"lastRemoteEphemeralKey":"BfovYnjEPZcGYrKFBRVrIXBdPwXAiD/h9ETKuLLkd9EK","previousCounter":0,"rootKey":"7TOZD/kN/IMUZMrL4WCxoGqT4RWMjjKoysFbxEJz4h4="},"indexInfo":{"baseKey":"BXx06so/qarIfQcjOAVOOnUoQqQ9VJ42b46IwuDF6sg5","baseKeyType":1,"closed":1732509513360,"used":1732509503459,"created":1732509503459,"remoteIdentityKey":"Bft9hmkASxjZA9MwIOlMnoigjCieOvmXVOWhcL/d5L43"},"_chains":{"BQ+4gODz6s4oGj9qTRHeRCR4CNPmFwlfzudjopCzdxoC":{"chainKey":{"counter":-1,"key":"v8FGJ6I40c6GKpRh6EErQXuMMx9uLOvKu96IudjTi6c="},"chainType":1,"messageKeys":{}}},"pendingPreKey":{"signedKeyId":2,"baseKey":"BXx06so/qarIfQcjOAVOOnUoQqQ9VJ42b46IwuDF6sg5","preKeyId":13277203}},"BdMJQSvcShGnfMczx6nN7LhxeGlnAlZsoYu4vLAuYLMX":{"registrationId":1875693480,"currentRatchet":{"ephemeralKeyPair":{"pubKey":"BaEtfcxvdnsZDd4sHU7xvkaIvi6DB8Gp1zM6azDZuxMJ","privKey":"QOU/aMFHx0xCJnlwUQrTgJCDR9INL6S+mn6A4GVvfV0="},"lastRemoteEphemeralKey":"BfovYnjEPZcGYrKFBRVrIXBdPwXAiD/h9ETKuLLkd9EK","previousCounter":0,"rootKey":"gkjCT4hka4aAVQT4A5H2DDM4GZ4OBDWdIhBtMB7W9as="},"indexInfo":{"baseKey":"BdMJQSvcShGnfMczx6nN7LhxeGlnAlZsoYu4vLAuYLMX","baseKeyType":1,"closed":1732509516945,"used":1732509513358,"created":1732509513358,"remoteIdentityKey":"Bft9hmkASxjZA9MwIOlMnoigjCieOvmXVOWhcL/d5L43"},"_chains":{"BaEtfcxvdnsZDd4sHU7xvkaIvi6DB8Gp1zM6azDZuxMJ":{"chainKey":{"counter":-1,"key":"yOiz2yd2/qQfwSF1ROt6EDXd8jcxAHAE/1b5rxNHzMg="},"chainType":1,"messageKeys":{}}},"pendingPreKey":{"signedKeyId":2,"baseKey":"BdMJQSvcShGnfMczx6nN7LhxeGlnAlZsoYu4vLAuYLMX","preKeyId":13277079}},"Bc/s5MTag2K4eYJjtZI5toAnNUN7CxdgP+szTatukAh0":{"registrationId":1875693480,"currentRatchet":{"ephemeralKeyPair":{"pubKey":"BWDR5CP0pa4kkIePyrGeLG17YUvm6czRr9ry5Dc52qBc","privKey":"0HG4Blf/nd0gr6tT1+jEHxqAFlyjsYZCvxnvu6g7QnI="},"lastRemoteEphemeralKey":"BfovYnjEPZcGYrKFBRVrIXBdPwXAiD/h9ETKuLLkd9EK","previousCounter":0,"rootKey":"7d0Ys3vdMee3w9y0R7b61l8YN9eMpb21AtApWf3rA/c="},"indexInfo":{"baseKey":"Bc/s5MTag2K4eYJjtZI5toAnNUN7CxdgP+szTatukAh0","baseKeyType":1,"closed":1732509586111,"used":1732509516943,"created":1732509516943,"remoteIdentityKey":"Bft9hmkASxjZA9MwIOlMnoigjCieOvmXVOWhcL/d5L43"},"_chains":{"BWDR5CP0pa4kkIePyrGeLG17YUvm6czRr9ry5Dc52qBc":{"chainKey":{"counter":-1,"key":"zP8bkpleTRKnyfLuFPzBAuYdUmjf+ZrJotdEquS1lkc="},"chainType":1,"messageKeys":{}}},"pendingPreKey":{"signedKeyId":2,"baseKey":"Bc/s5MTag2K4eYJjtZI5toAnNUN7CxdgP+szTatukAh0","preKeyId":13277250}},"BZwiaHRfPcBewchqYWqplPKvKuthM//GnVeXZTLevapA":{"registrationId":1875693480,"currentRatchet":{"ephemeralKeyPair":{"pubKey":"BXHyHyBlF8A/ZOjNkq+qNBTOF04WQUovIIkA9ThaTMgs","privKey":"mHb7dcytTmDXfn1KkFYDl3qFGACLFqogUCoYLriDnlQ="},"lastRemoteEphemeralKey":"BfovYnjEPZcGYrKFBRVrIXBdPwXAiD/h9ETKuLLkd9EK","previousCounter":0,"rootKey":"Bkm2DtQmlKhB1dHtJI2ECarmGobduFGUwb/Wu8geRd8="},"indexInfo":{"baseKey":"BZwiaHRfPcBewchqYWqplPKvKuthM//GnVeXZTLevapA","baseKeyType":1,"closed":1732509586551,"used":1732509586109,"created":1732509586109,"remoteIdentityKey":"Bft9hmkASxjZA9MwIOlMnoigjCieOvmXVOWhcL/d5L43"},"_chains":{"BXHyHyBlF8A/ZOjNkq+qNBTOF04WQUovIIkA9ThaTMgs":{"chainKey":{"counter":-1,"key":"SA48ZTfT4Mp7tMy2MIcfcZR5L7dufTwAym3W7CUwwvE="},"chainType":1,"messageKeys":{}}},"pendingPreKey":{"signedKeyId":2,"baseKey":"BZwiaHRfPcBewchqYWqplPKvKuthM//GnVeXZTLevapA","preKeyId":13276932}},"BVlg66tAv446oFafn3Fa6j+/oYWUGJQbF++kuxt1cvgX":{"registrationId":1875693480,"currentRatchet":{"ephemeralKeyPair":{"pubKey":"BQhXIav+PLZdbbBTmni7oxm4/xuJ/yfF9RBdolHLF2A1","privKey":"OJcGImxD9w3I7dzpx/Bz2J8kFfNYym5blJTDu/AMPmg="},"lastRemoteEphemeralKey":"BfovYnjEPZcGYrKFBRVrIXBdPwXAiD/h9ETKuLLkd9EK","previousCounter":0,"rootKey":"NYX9jWCQJPhrSqokXOPshXIh4jWlI7fvTS2OeqL6G9A="},"indexInfo":{"baseKey":"BVlg66tAv446oFafn3Fa6j+/oYWUGJQbF++kuxt1cvgX","baseKeyType":1,"closed":1732509591241,"used":1732509586548,"created":1732509586548,"remoteIdentityKey":"Bft9hmkASxjZA9MwIOlMnoigjCieOvmXVOWhcL/d5L43"},"_chains":{"BQhXIav+PLZdbbBTmni7oxm4/xuJ/yfF9RBdolHLF2A1":{"chainKey":{"counter":-1,"key":"akCvQ0dfxIIEaqnrwCmEOX94b/iysB55+zyOC9BNxJk="},"chainType":1,"messageKeys":{}}},"pendingPreKey":{"signedKeyId":2,"baseKey":"BVlg66tAv446oFafn3Fa6j+/oYWUGJQbF++kuxt1cvgX","preKeyId":13276996}},"BY2qotmCjCgQrk/mSChQVVux4IodJ07R0vHERH4KJiBi":{"registrationId":1875693480,"currentRatchet":{"ephemeralKeyPair":{"pubKey":"BVHIux4FA5D0KL153+ky1M33faswgULGmW386pwz0/tg","privKey":"uCz/wR4/C5RhPOFxktUWBHVDX/Cczlmf3X+MViEkG1c="},"lastRemoteEphemeralKey":"BfovYnjEPZcGYrKFBRVrIXBdPwXAiD/h9ETKuLLkd9EK","previousCounter":0,"rootKey":"BjU9fz2jjJRgpO3n9BMbgDdizmSwF6GYYF48DxLdDjo="},"indexInfo":{"baseKey":"BY2qotmCjCgQrk/mSChQVVux4IodJ07R0vHERH4KJiBi","baseKeyType":1,"closed":1732509593321,"used":1732509591238,"created":1732509591238,"remoteIdentityKey":"Bft9hmkASxjZA9MwIOlMnoigjCieOvmXVOWhcL/d5L43"},"_chains":{"BVHIux4FA5D0KL153+ky1M33faswgULGmW386pwz0/tg":{"chainKey":{"counter":-1,"key":"3S8Ry1XOa5JfjUo0VpKTTKrrE7ARBZ3LqWEY+6/gsHo="},"chainType":1,"messageKeys":{}}},"pendingPreKey":{"signedKeyId":2,"baseKey":"BY2qotmCjCgQrk/mSChQVVux4IodJ07R0vHERH4KJiBi","preKeyId":13277168}},"BZj3T2G+qFaIklHdJCtqZ5HGAmQdvJ5txEXLkoWqtN4Q":{"registrationId":1875693480,"currentRatchet":{"ephemeralKeyPair":{"pubKey":"BRzndRhUZGrBJ0lKJpiUNo4IzvZWoqnYk8QWu+/PYOt8","privKey":"CEdrukLm6ACXMiO+oZr2ExRNDZgVC1Ao/rEeNvSIBFQ="},"lastRemoteEphemeralKey":"BfovYnjEPZcGYrKFBRVrIXBdPwXAiD/h9ETKuLLkd9EK","previousCounter":0,"rootKey":"puj3ZvAcl0brnuhiFX9ZC/Hcpbesyr893oP4OOgLKp8="},"indexInfo":{"baseKey":"BZj3T2G+qFaIklHdJCtqZ5HGAmQdvJ5txEXLkoWqtN4Q","baseKeyType":1,"closed":1732509608534,"used":1732509593319,"created":1732509593319,"remoteIdentityKey":"Bft9hmkASxjZA9MwIOlMnoigjCieOvmXVOWhcL/d5L43"},"_chains":{"BRzndRhUZGrBJ0lKJpiUNo4IzvZWoqnYk8QWu+/PYOt8":{"chainKey":{"counter":-1,"key":"beep/OsA17TUFHT06yKoFP81527NoB2Z3johszZ0hww="},"chainType":1,"messageKeys":{}}},"pendingPreKey":{"signedKeyId":2,"baseKey":"BZj3T2G+qFaIklHdJCtqZ5HGAmQdvJ5txEXLkoWqtN4Q","preKeyId":13276897}},"BfB4/PFBmfdB/oUHI0ntK9UTu8WCSMH/zjWWo8C2omBp":{"registrationId":1875693480,"currentRatchet":{"ephemeralKeyPair":{"pubKey":"BXaN/RhpLYDNSPRU2/U3IVgZaJPYVski+EhEjg3sh8lK","privKey":"wKl3pMcV2rqG7hLDFXEsGOUE9C2K2jOKrk5MvpigLXc="},"lastRemoteEphemeralKey":"BfovYnjEPZcGYrKFBRVrIXBdPwXAiD/h9ETKuLLkd9EK","previousCounter":0,"rootKey":"R8g7/XUp2FqiQXlghI+hdVqP7Xs2do8acz8Pi9Q355c="},"indexInfo":{"baseKey":"BfB4/PFBmfdB/oUHI0ntK9UTu8WCSMH/zjWWo8C2omBp","baseKeyType":1,"closed":1732509611343,"used":1732509608532,"created":1732509608532,"remoteIdentityKey":"Bft9hmkASxjZA9MwIOlMnoigjCieOvmXVOWhcL/d5L43"},"_chains":{"BXaN/RhpLYDNSPRU2/U3IVgZaJPYVski+EhEjg3sh8lK":{"chainKey":{"counter":-1,"key":"PxhpXPSeEca9hCaEZf2Y+55Y+0jkSXEXwicyTLkjBeg="},"chainType":1,"messageKeys":{}}},"pendingPreKey":{"signedKeyId":2,"baseKey":"BfB4/PFBmfdB/oUHI0ntK9UTu8WCSMH/zjWWo8C2omBp","preKeyId":13277062}},"BcZZWNulPKUw05rUbI6QbL0sKTRVfcWpsY0EgBi49DYu":{"registrationId":1875693480,"currentRatchet":{"ephemeralKeyPair":{"pubKey":"BYLn6bezm9ZlT68z8rjyV47ksDQEBjgvM7QmaSqwWZUu","privKey":"eLaXNO6iQxEajYrKnBewyDKUsc0OZaBx5Kbjw1asU04="},"lastRemoteEphemeralKey":"BfovYnjEPZcGYrKFBRVrIXBdPwXAiD/h9ETKuLLkd9EK","previousCounter":0,"rootKey":"vef/W0IH3OUBJQBcxJruDd3GOlNV1LzVXZC0Dtur3hc="},"indexInfo":{"baseKey":"BcZZWNulPKUw05rUbI6QbL0sKTRVfcWpsY0EgBi49DYu","baseKeyType":1,"closed":1732509611765,"used":1732509611341,"created":1732509611341,"remoteIdentityKey":"Bft9hmkASxjZA9MwIOlMnoigjCieOvmXVOWhcL/d5L43"},"_chains":{"BYLn6bezm9ZlT68z8rjyV47ksDQEBjgvM7QmaSqwWZUu":{"chainKey":{"counter":-1,"key":"7crwxknam8/iN37dOQpkeB4ai3z1vKM6wckvCaBzY1o="},"chainType":1,"messageKeys":{}}},"pendingPreKey":{"signedKeyId":2,"baseKey":"BcZZWNulPKUw05rUbI6QbL0sKTRVfcWpsY0EgBi49DYu","preKeyId":13277270}},"BfU06OTqSdOelxVi+mjkIEFvN+Qfg5N01LYVIjjl/XZ1":{"registrationId":1875693480,"currentRatchet":{"ephemeralKeyPair":{"pubKey":"BeC5RMinVSwn/q60I+UYqDQOqsecjlc91G5PjhCqO111","privKey":"ECa80LB04vEsumqa/nXXVe4cCbQMpGkJ+v2G4NaERkc="},"lastRemoteEphemeralKey":"BfovYnjEPZcGYrKFBRVrIXBdPwXAiD/h9ETKuLLkd9EK","previousCounter":0,"rootKey":"hXMvEv8h16TdcupYv7CsKP56jfTznIEC4UPcB74ND1w="},"indexInfo":{"baseKey":"BfU06OTqSdOelxVi+mjkIEFvN+Qfg5N01LYVIjjl/XZ1","baseKeyType":1,"closed":1732509614793,"used":1732509611763,"created":1732509611763,"remoteIdentityKey":"Bft9hmkASxjZA9MwIOlMnoigjCieOvmXVOWhcL/d5L43"},"_chains":{"BeC5RMinVSwn/q60I+UYqDQOqsecjlc91G5PjhCqO111":{"chainKey":{"counter":-1,"key":"fBklFBS7bKbz5ENchVBRHffrbogH+fNOFnA4tyiBbgI="},"chainType":1,"messageKeys":{}}},"pendingPreKey":{"signedKeyId":2,"baseKey":"BfU06OTqSdOelxVi+mjkIEFvN+Qfg5N01LYVIjjl/XZ1","preKeyId":13277069}},"BQFAfHddH7EtrHDBRNDm5WyJuAcdkNHVzbiLe9k0UGh7":{"registrationId":1875693480,"currentRatchet":{"ephemeralKeyPair":{"pubKey":"BQUaxOYBkTXctDzgj+yW6/goMT989DJroXWoonjjLm0D","privKey":"cKCkjgWQHBpc+T+8G4enuVTqOT8cjEDDQ6dkF5H102w="},"lastRemoteEphemeralKey":"BfovYnjEPZcGYrKFBRVrIXBdPwXAiD/h9ETKuLLkd9EK","previousCounter":0,"rootKey":"sUhaszPUTmOsA1cpPkIDJw9dSeu5pbozjqPs98xov6k="},"indexInfo":{"baseKey":"BQFAfHddH7EtrHDBRNDm5WyJuAcdkNHVzbiLe9k0UGh7","baseKeyType":1,"closed":1732510350365,"used":1732509614791,"created":1732509614791,"remoteIdentityKey":"Bft9hmkASxjZA9MwIOlMnoigjCieOvmXVOWhcL/d5L43"},"_chains":{"BQUaxOYBkTXctDzgj+yW6/goMT989DJroXWoonjjLm0D":{"chainKey":{"counter":0,"key":"BAp0r6EveAyuKbiqbJuTRQBOOlf7jnCa//5A4RCWc4A="},"chainType":1,"messageKeys":{}}},"pendingPreKey":{"signedKeyId":2,"baseKey":"BQFAfHddH7EtrHDBRNDm5WyJuAcdkNHVzbiLe9k0UGh7","preKeyId":13276921}},"BUTdJyfJlna/D0PiT+oyZV+CTyLOBFSAcizgh2eVNQVK":{"registrationId":1875693480,"currentRatchet":{"ephemeralKeyPair":{"pubKey":"Ba0thIgr9dw3lnAmDQAGKV+hVt7YLiJlJbhrxEcUMPII","privKey":"8PNqX9oEXYgldzFZ+gkhYQNmr/8cN1dgMJRvWi2ZnXU="},"lastRemoteEphemeralKey":"BfovYnjEPZcGYrKFBRVrIXBdPwXAiD/h9ETKuLLkd9EK","previousCounter":0,"rootKey":"hI7gXggbINYTdPEhHkf338uUL6dILxSVsD1iQuA9hx4="},"indexInfo":{"baseKey":"BUTdJyfJlna/D0PiT+oyZV+CTyLOBFSAcizgh2eVNQVK","baseKeyType":1,"closed":1732510350628,"used":1732510350360,"created":1732510350360,"remoteIdentityKey":"Bft9hmkASxjZA9MwIOlMnoigjCieOvmXVOWhcL/d5L43"},"_chains":{"Ba0thIgr9dw3lnAmDQAGKV+hVt7YLiJlJbhrxEcUMPII":{"chainKey":{"counter":-1,"key":"fJTpfJm65qSuRtOw+V/Ym7qd2D4380rvXmw4D6QV7o0="},"chainType":1,"messageKeys":{}}},"pendingPreKey":{"signedKeyId":2,"baseKey":"BUTdJyfJlna/D0PiT+oyZV+CTyLOBFSAcizgh2eVNQVK","preKeyId":13277198}},"Bf8wXeyfdSDU/5kVvHdE1pW/ordUFlss5HQ8+NhCKYFt":{"registrationId":1875693480,"currentRatchet":{"ephemeralKeyPair":{"pubKey":"BcoBbQH86iAh90TOTQUrOcq/vgEXcJl1VRcuRwuPLDl+","privKey":"UJOEz/tRRvV96SaEHDbHOTJXufebm+B9hHYLGs4Ky0g="},"lastRemoteEphemeralKey":"BfovYnjEPZcGYrKFBRVrIXBdPwXAiD/h9ETKuLLkd9EK","previousCounter":0,"rootKey":"e+aRPM+Qdh+uH7PAyP6sbX4hRIe9IiC9Lq0ELNDLbeU="},"indexInfo":{"baseKey":"Bf8wXeyfdSDU/5kVvHdE1pW/ordUFlss5HQ8+NhCKYFt","baseKeyType":1,"closed":1732510355670,"used":1732510350625,"created":1732510350625,"remoteIdentityKey":"Bft9hmkASxjZA9MwIOlMnoigjCieOvmXVOWhcL/d5L43"},"_chains":{"BcoBbQH86iAh90TOTQUrOcq/vgEXcJl1VRcuRwuPLDl+":{"chainKey":{"counter":-1,"key":"RpNWggm4wJVvHuaPx58YUIJpgTfL8mhxEBWzdxr33ys="},"chainType":1,"messageKeys":{}}},"pendingPreKey":{"signedKeyId":2,"baseKey":"Bf8wXeyfdSDU/5kVvHdE1pW/ordUFlss5HQ8+NhCKYFt","preKeyId":13277152}},"BXmK1tWQkSDySnUpD8L0Ceh9abreqZGzVp5C7s4EwNtT":{"registrationId":1875693480,"currentRatchet":{"ephemeralKeyPair":{"pubKey":"Bf9ufP+ZUbGyuGInsQYp7/hU+Hz1djPAtuBk96th68kr","privKey":"sPDGNELk4ASSb5LqR85y882NRrtVTuO5iLYfMa5ncWM="},"lastRemoteEphemeralKey":"BfovYnjEPZcGYrKFBRVrIXBdPwXAiD/h9ETKuLLkd9EK","previousCounter":0,"rootKey":"HxYtQXCyj7AZS4ggFVGHgbqd12D1HnuQXA/aLTUZpxU="},"indexInfo":{"baseKey":"BXmK1tWQkSDySnUpD8L0Ceh9abreqZGzVp5C7s4EwNtT","baseKeyType":1,"closed":1732510405086,"used":1732510355668,"created":1732510355668,"remoteIdentityKey":"Bft9hmkASxjZA9MwIOlMnoigjCieOvmXVOWhcL/d5L43"},"_chains":{"Bf9ufP+ZUbGyuGInsQYp7/hU+Hz1djPAtuBk96th68kr":{"chainKey":{"counter":-1,"key":"apr8HzVXycT9QuoIYNL6lfFKJzT1Wtsm3tR4TbMcN4U="},"chainType":1,"messageKeys":{}}},"pendingPreKey":{"signedKeyId":2,"baseKey":"BXmK1tWQkSDySnUpD8L0Ceh9abreqZGzVp5C7s4EwNtT","preKeyId":13277018}},"BXGcmTZRIirc98Vdufk0R0femwqkmMtixhXZsE1TPdJZ":{"registrationId":1875693480,"currentRatchet":{"ephemeralKeyPair":{"pubKey":"BUz8GJcYIwv7tPg1mQnCNpQLyO5KAVDZPzHVONfbCdwz","privKey":"2FdUJK41xlH6XUMphC5w3JZvb0SGBr5dF8URSfjmMUI="},"lastRemoteEphemeralKey":"BfovYnjEPZcGYrKFBRVrIXBdPwXAiD/h9ETKuLLkd9EK","previousCounter":0,"rootKey":"iiDZv61TsJcNC7cCRwm4WmyiplYK7xGR99QWIFBMe4c="},"indexInfo":{"baseKey":"BXGcmTZRIirc98Vdufk0R0femwqkmMtixhXZsE1TPdJZ","baseKeyType":1,"closed":1732510407759,"used":1732510405082,"created":1732510405082,"remoteIdentityKey":"Bft9hmkASxjZA9MwIOlMnoigjCieOvmXVOWhcL/d5L43"},"_chains":{"BUz8GJcYIwv7tPg1mQnCNpQLyO5KAVDZPzHVONfbCdwz":{"chainKey":{"counter":-1,"key":"zHZC7rDzygxreyYtCmvT117bWjaYYyoKXJxs1KkBAKw="},"chainType":1,"messageKeys":{}}},"pendingPreKey":{"signedKeyId":2,"baseKey":"BXGcmTZRIirc98Vdufk0R0femwqkmMtixhXZsE1TPdJZ","preKeyId":13277147}},"BSrWfeixT4WvmukuVXbuxTE0ZAgQN0HwRcdh8xlvvGti":{"registrationId":1875693480,"currentRatchet":{"ephemeralKeyPair":{"pubKey":"BUCohm+JZaBgt3ptr/IuuLRD86Xix/P5hUnkZl8MH0Yg","privKey":"SMCRnYiagUQrgLCpU77cjev+aeLA4KmcpAz+rAVB4E0="},"lastRemoteEphemeralKey":"BfovYnjEPZcGYrKFBRVrIXBdPwXAiD/h9ETKuLLkd9EK","previousCounter":0,"rootKey":"+ItWhpwDeojNFiZvaR3lCQypvQfbuPtLuX1ICgIPf/w="},"indexInfo":{"baseKey":"BSrWfeixT4WvmukuVXbuxTE0ZAgQN0HwRcdh8xlvvGti","baseKeyType":1,"closed":1732510425651,"used":1732510407756,"created":1732510407756,"remoteIdentityKey":"Bft9hmkASxjZA9MwIOlMnoigjCieOvmXVOWhcL/d5L43"},"_chains":{"BUCohm+JZaBgt3ptr/IuuLRD86Xix/P5hUnkZl8MH0Yg":{"chainKey":{"counter":-1,"key":"hHZc0k4Q9pxn0kcikt+8IR1TkKX+IApcH+GDKXd6vG8="},"chainType":1,"messageKeys":{}}},"pendingPreKey":{"signedKeyId":2,"baseKey":"BSrWfeixT4WvmukuVXbuxTE0ZAgQN0HwRcdh8xlvvGti","preKeyId":13277070}},"BZJPHSHgc5l+yKMW9pMedmagSGZUG8yxzCcmNdcsBI8W":{"registrationId":1875693480,"currentRatchet":{"ephemeralKeyPair":{"pubKey":"BR4ZOqO9wHa+2BvwbHEi1LIErlvPWxGaj6L0KHSMmPIK","privKey":"GJXMTCdfDVtFVxVzFu7RyO/kXlz2Ll+vivLRkybna08="},"lastRemoteEphemeralKey":"BfovYnjEPZcGYrKFBRVrIXBdPwXAiD/h9ETKuLLkd9EK","previousCounter":0,"rootKey":"YLE0CtQW50B5iYGMgzeDesQsdpJfOkDR8uC9eBirZP0="},"indexInfo":{"baseKey":"BZJPHSHgc5l+yKMW9pMedmagSGZUG8yxzCcmNdcsBI8W","baseKeyType":1,"closed":1732510452297,"used":1732510425649,"created":1732510425649,"remoteIdentityKey":"Bft9hmkASxjZA9MwIOlMnoigjCieOvmXVOWhcL/d5L43"},"_chains":{"BR4ZOqO9wHa+2BvwbHEi1LIErlvPWxGaj6L0KHSMmPIK":{"chainKey":{"counter":-1,"key":"0d/jw61zptIjphP06pkMfF2UJ0XnOliJqANNWjUF5R0="},"chainType":1,"messageKeys":{}}},"pendingPreKey":{"signedKeyId":2,"baseKey":"BZJPHSHgc5l+yKMW9pMedmagSGZUG8yxzCcmNdcsBI8W","preKeyId":13276919}},"BVlibHd4Mn75hjWIJ/8sHGPMGhNhDzC77PLAW6OB8Go4":{"registrationId":1875693480,"currentRatchet":{"ephemeralKeyPair":{"pubKey":"BZ5JRuBF6nQWVRgOuDwYeD2fBFhxJhReBuv7pHFSMUci","privKey":"6GW6aY+eA4eArJud6trskE0tIKdU1UUU2gOICvldMno="},"lastRemoteEphemeralKey":"BfovYnjEPZcGYrKFBRVrIXBdPwXAiD/h9ETKuLLkd9EK","previousCounter":0,"rootKey":"FQmhSMbMu9XPPYVbqojnvy+EZXQSwAlhw9Dkx3iYYOo="},"indexInfo":{"baseKey":"BVlibHd4Mn75hjWIJ/8sHGPMGhNhDzC77PLAW6OB8Go4","baseKeyType":1,"closed":1732510453951,"used":1732510452294,"created":1732510452294,"remoteIdentityKey":"Bft9hmkASxjZA9MwIOlMnoigjCieOvmXVOWhcL/d5L43"},"_chains":{"BZ5JRuBF6nQWVRgOuDwYeD2fBFhxJhReBuv7pHFSMUci":{"chainKey":{"counter":-1,"key":"DkXciJUODaHXjvjh5D1NLdv8E/B82fy/rfXpCtHE1K8="},"chainType":1,"messageKeys":{}}},"pendingPreKey":{"signedKeyId":2,"baseKey":"BVlibHd4Mn75hjWIJ/8sHGPMGhNhDzC77PLAW6OB8Go4","preKeyId":13277035}},"BdzCsw3Y8l4qglGYDqNBC8txRz6e9Vf2FaNupKzwQTNp":{"registrationId":1875693480,"currentRatchet":{"ephemeralKeyPair":{"pubKey":"Bfy2OMQ1B5N5UAqyKdc26M0uQFxdV4PX9dAT1HEo5ZNe","privKey":"EK+V5Fa/AuU2Q0+MkDDGju4sR7bJoLzfspfGq/IwvG4="},"lastRemoteEphemeralKey":"BfovYnjEPZcGYrKFBRVrIXBdPwXAiD/h9ETKuLLkd9EK","previousCounter":0,"rootKey":"rTJg1msbr0+vonC7EBcNEqxrbcYcLNdGvQ32RvcrECY="},"indexInfo":{"baseKey":"BdzCsw3Y8l4qglGYDqNBC8txRz6e9Vf2FaNupKzwQTNp","baseKeyType":1,"closed":1732510455900,"used":1732510453949,"created":1732510453949,"remoteIdentityKey":"Bft9hmkASxjZA9MwIOlMnoigjCieOvmXVOWhcL/d5L43"},"_chains":{"Bfy2OMQ1B5N5UAqyKdc26M0uQFxdV4PX9dAT1HEo5ZNe":{"chainKey":{"counter":-1,"key":"lyg+i6rCmc77zkkyd5Zocts3Yb4jaZv4pj3/tO8Ujdk="},"chainType":1,"messageKeys":{}}},"pendingPreKey":{"signedKeyId":2,"baseKey":"BdzCsw3Y8l4qglGYDqNBC8txRz6e9Vf2FaNupKzwQTNp","preKeyId":13277264}},"BTNUxbsHpm9v4hrTEUQVd2GBP2bAmyYJcXdOayO/GB8u":{"registrationId":1875693480,"currentRatchet":{"ephemeralKeyPair":{"pubKey":"BYgkijHpb7BFVeNYgr+yILViGuIG7/d0R9EqQelV4AkF","privKey":"yPVFvRkxwTpwXKEbAMUR1ZYgL7cz4n4F3/W11Hedz1o="},"lastRemoteEphemeralKey":"BfovYnjEPZcGYrKFBRVrIXBdPwXAiD/h9ETKuLLkd9EK","previousCounter":0,"rootKey":"6VL7yeUYzcEl1jCR4XQ5GQYcXPWn2xFbo6kL70x3NEA="},"indexInfo":{"baseKey":"BTNUxbsHpm9v4hrTEUQVd2GBP2bAmyYJcXdOayO/GB8u","baseKeyType":1,"closed":1732510457827,"used":1732510455897,"created":1732510455897,"remoteIdentityKey":"Bft9hmkASxjZA9MwIOlMnoigjCieOvmXVOWhcL/d5L43"},"_chains":{"BYgkijHpb7BFVeNYgr+yILViGuIG7/d0R9EqQelV4AkF":{"chainKey":{"counter":-1,"key":"VDihr4s7nshHtGMfvcQfP1MdO/t3VlGo9qNJbwj6OQQ="},"chainType":1,"messageKeys":{}}},"pendingPreKey":{"signedKeyId":2,"baseKey":"BTNUxbsHpm9v4hrTEUQVd2GBP2bAmyYJcXdOayO/GB8u","preKeyId":13277128}},"BUVq6djJ/R7wLRXZNt7vMZXU4iT0BDs6vorSYsimOS1C":{"registrationId":1875693480,"currentRatchet":{"ephemeralKeyPair":{"pubKey":"Bbw5piJWTnsPStggepXg1nS2QA8d+27jWf/01/4yfloA","privKey":"WFjYnRzSymhCN9if0nZ5sal6f/u8IS9M91W/4q1972Q="},"lastRemoteEphemeralKey":"BfovYnjEPZcGYrKFBRVrIXBdPwXAiD/h9ETKuLLkd9EK","previousCounter":0,"rootKey":"Sojf/m5GAeqa9bMKk3nOrh2GQPxmCxO23Uwg6eOdopo="},"indexInfo":{"baseKey":"BUVq6djJ/R7wLRXZNt7vMZXU4iT0BDs6vorSYsimOS1C","baseKeyType":1,"closed":1732510459414,"used":1732510457825,"created":1732510457825,"remoteIdentityKey":"Bft9hmkASxjZA9MwIOlMnoigjCieOvmXVOWhcL/d5L43"},"_chains":{"Bbw5piJWTnsPStggepXg1nS2QA8d+27jWf/01/4yfloA":{"chainKey":{"counter":-1,"key":"2Fc7TFCMZ0499jK4f1uM9Dy6yMFk7K2vfFUxlnnfY0g="},"chainType":1,"messageKeys":{}}},"pendingPreKey":{"signedKeyId":2,"baseKey":"BUVq6djJ/R7wLRXZNt7vMZXU4iT0BDs6vorSYsimOS1C","preKeyId":13277005}},"BVuiYyyL/caUxUnhubxhFb0TBqpncmtV9dtzepH/sy8g":{"registrationId":1875693480,"currentRatchet":{"ephemeralKeyPair":{"pubKey":"BfZglN/Ac2F5k1l0KSVaOa8MKdSxhk6jy0lz+cp6KBti","privKey":"kHTxERi1dcm6AQ/iojKO0Dqn843qPP2NqyvJCwDc5XQ="},"lastRemoteEphemeralKey":"BfovYnjEPZcGYrKFBRVrIXBdPwXAiD/h9ETKuLLkd9EK","previousCounter":0,"rootKey":"ZILRAi9VSAaR0VIfILD46wBwHGX0F0YATNRQSS3uqhE="},"indexInfo":{"baseKey":"BVuiYyyL/caUxUnhubxhFb0TBqpncmtV9dtzepH/sy8g","baseKeyType":1,"closed":1732510461425,"used":1732510459411,"created":1732510459411,"remoteIdentityKey":"Bft9hmkASxjZA9MwIOlMnoigjCieOvmXVOWhcL/d5L43"},"_chains":{"BfZglN/Ac2F5k1l0KSVaOa8MKdSxhk6jy0lz+cp6KBti":{"chainKey":{"counter":-1,"key":"AuG/gq49MTHS/YyVasn/lm6lODmhsI/Zg8cSN98Abas="},"chainType":1,"messageKeys":{}}},"pendingPreKey":{"signedKeyId":2,"baseKey":"BVuiYyyL/caUxUnhubxhFb0TBqpncmtV9dtzepH/sy8g","preKeyId":13277127}},"BW/Fjpq8RKgt0Yy+6O7hPqRezRevHAwmBlwLeiRlI8AC":{"registrationId":1875693480,"currentRatchet":{"ephemeralKeyPair":{"pubKey":"BdZIA1IMzrTPftUdGs0WgoacqSLG1nFFSvt8553LFhlq","privKey":"OJvimlVPh4NAOJUGPbbY12i4Udga/hdJwvpFYOhvGWY="},"lastRemoteEphemeralKey":"BfovYnjEPZcGYrKFBRVrIXBdPwXAiD/h9ETKuLLkd9EK","previousCounter":0,"rootKey":"Xt2GXCkc/ATboQgjT3LzAWc0CooUlIIWAb5iErcscrw="},"indexInfo":{"baseKey":"BW/Fjpq8RKgt0Yy+6O7hPqRezRevHAwmBlwLeiRlI8AC","baseKeyType":1,"closed":1732510463702,"used":1732510461423,"created":1732510461423,"remoteIdentityKey":"Bft9hmkASxjZA9MwIOlMnoigjCieOvmXVOWhcL/d5L43"},"_chains":{"BdZIA1IMzrTPftUdGs0WgoacqSLG1nFFSvt8553LFhlq":{"chainKey":{"counter":-1,"key":"P9I6dBi8rmE/Q/GY4bXtGUnXYjwuH1GXEdD5PcLcjKY="},"chainType":1,"messageKeys":{}}},"pendingPreKey":{"signedKeyId":2,"baseKey":"BW/Fjpq8RKgt0Yy+6O7hPqRezRevHAwmBlwLeiRlI8AC","preKeyId":13277081}},"BVREexgTVVG59obF0MQMXtzkUdLmNNGq/5cI/UtyosQm":{"registrationId":1875693480,"currentRatchet":{"ephemeralKeyPair":{"pubKey":"BRJt+6fYM3MurERdNKQqvzMqTAhsNwyVNNN5/Y8zGu4n","privKey":"EDnT75kW30ITZBBiOsrD6ZBFxxL/I3ZJoENrS82N22A="},"lastRemoteEphemeralKey":"BfovYnjEPZcGYrKFBRVrIXBdPwXAiD/h9ETKuLLkd9EK","previousCounter":0,"rootKey":"8WIRBwAID+Bdck7s1fswO0TVK1PF1EDVggs6UhRhG78="},"indexInfo":{"baseKey":"BVREexgTVVG59obF0MQMXtzkUdLmNNGq/5cI/UtyosQm","baseKeyType":1,"closed":1732510465353,"used":1732510463700,"created":1732510463700,"remoteIdentityKey":"Bft9hmkASxjZA9MwIOlMnoigjCieOvmXVOWhcL/d5L43"},"_chains":{"BRJt+6fYM3MurERdNKQqvzMqTAhsNwyVNNN5/Y8zGu4n":{"chainKey":{"counter":-1,"key":"TZiAyaLH14kX+tzEQtyXRTXLdXkzjHnwjVhOO4ZaX4c="},"chainType":1,"messageKeys":{}}},"pendingPreKey":{"signedKeyId":2,"baseKey":"BVREexgTVVG59obF0MQMXtzkUdLmNNGq/5cI/UtyosQm","preKeyId":13276823}},"BcFRN/dyeDxlPbY3XUfJDabw2COj04AShAr5p+GsiCBW":{"registrationId":1875693480,"currentRatchet":{"ephemeralKeyPair":{"pubKey":"BSJhsrNqRunuRem7MbggZkGm79QitsFIbTs1R7UTvnN5","privKey":"+EOmgF7u1cq3YGuXCbSJ6d6yLYJfZU4ODTyqUbvl4GM="},"lastRemoteEphemeralKey":"BfovYnjEPZcGYrKFBRVrIXBdPwXAiD/h9ETKuLLkd9EK","previousCounter":0,"rootKey":"kAmgljR7cmVbylngNCkBvGNTQhwihGWrd55j8/JLRzI="},"indexInfo":{"baseKey":"BcFRN/dyeDxlPbY3XUfJDabw2COj04AShAr5p+GsiCBW","baseKeyType":1,"closed":1732510467006,"used":1732510465351,"created":1732510465351,"remoteIdentityKey":"Bft9hmkASxjZA9MwIOlMnoigjCieOvmXVOWhcL/d5L43"},"_chains":{"BSJhsrNqRunuRem7MbggZkGm79QitsFIbTs1R7UTvnN5":{"chainKey":{"counter":-1,"key":"20TJM38NK6P7sLHC/BicdkAD1YjuCuG3O06OCGFWfLo="},"chainType":1,"messageKeys":{}}},"pendingPreKey":{"signedKeyId":2,"baseKey":"BcFRN/dyeDxlPbY3XUfJDabw2COj04AShAr5p+GsiCBW","preKeyId":13277043}},"BSSFwCA5PhFjErQ9f7BTi1BVbZ2InPkvvbftrWIK0IZn":{"registrationId":1875693480,"currentRatchet":{"ephemeralKeyPair":{"pubKey":"BZuEdcBOgzX0iOIpI4Z0MFX8BxssMJe4pgFY+5slcEBm","privKey":"QPvW8+60Jcc4HjV6nblevDUSK+Pj8ASWf/MERBjM4nE="},"lastRemoteEphemeralKey":"BfovYnjEPZcGYrKFBRVrIXBdPwXAiD/h9ETKuLLkd9EK","previousCounter":0,"rootKey":"S7QmTGA/WKI8PRHNPZIXrmcZFueOETzwIKrjO/xN7Kk="},"indexInfo":{"baseKey":"BSSFwCA5PhFjErQ9f7BTi1BVbZ2InPkvvbftrWIK0IZn","baseKeyType":1,"closed":1732510469373,"used":1732510467002,"created":1732510467002,"remoteIdentityKey":"Bft9hmkASxjZA9MwIOlMnoigjCieOvmXVOWhcL/d5L43"},"_chains":{"BZuEdcBOgzX0iOIpI4Z0MFX8BxssMJe4pgFY+5slcEBm":{"chainKey":{"counter":-1,"key":"HluOU5ylBHrKDrW+wA+6F9fiWJ89AywA21CnZYt4ZRY="},"chainType":1,"messageKeys":{}}},"pendingPreKey":{"signedKeyId":2,"baseKey":"BSSFwCA5PhFjErQ9f7BTi1BVbZ2InPkvvbftrWIK0IZn","preKeyId":13277013}},"BcZA1FrvfadgZHzU12rqMGR8gjNvPxV+wyNmxDdHEC1g":{"registrationId":1875693480,"currentRatchet":{"ephemeralKeyPair":{"pubKey":"BZITFL6LKGtWFzL6zH02soI7Y5i9MKVNsWw+PHvfiCZ+","privKey":"QEW25e+P3hSiyXE+g3phVcofBN7aqzRr6smkw/rojFI="},"lastRemoteEphemeralKey":"BfovYnjEPZcGYrKFBRVrIXBdPwXAiD/h9ETKuLLkd9EK","previousCounter":0,"rootKey":"Mc8dshQ6PDzWLzODllQ9mkliFSSLxDC2cmucHpsLN+k="},"indexInfo":{"baseKey":"BcZA1FrvfadgZHzU12rqMGR8gjNvPxV+wyNmxDdHEC1g","baseKeyType":1,"closed":1732511663555,"used":1732510469371,"created":1732510469371,"remoteIdentityKey":"Bft9hmkASxjZA9MwIOlMnoigjCieOvmXVOWhcL/d5L43"},"_chains":{"BZITFL6LKGtWFzL6zH02soI7Y5i9MKVNsWw+PHvfiCZ+":{"chainKey":{"counter":3,"key":"P9VuANtU2XzTz+Dz+H9joOKVhg73YxgUuXXXTfewq64="},"chainType":1,"messageKeys":{}}},"pendingPreKey":{"signedKeyId":2,"baseKey":"BcZA1FrvfadgZHzU12rqMGR8gjNvPxV+wyNmxDdHEC1g","preKeyId":13277059}},"BRofWhdtFJxQqPr9HxfR7YgREPX17PP0XdDewSjV4SQP":{"registrationId":1875693480,"currentRatchet":{"ephemeralKeyPair":{"pubKey":"BfxLbs5q49PD+2OvBv3vP8uQfZUHzqsRsfIdvue9yXoy","privKey":"IHFWa7ucF7HsCU+UeGLDa3woSZUJ96wx5kGtbhKrFkA="},"lastRemoteEphemeralKey":"BfovYnjEPZcGYrKFBRVrIXBdPwXAiD/h9ETKuLLkd9EK","previousCounter":0,"rootKey":"5zVDVWYLx0KM1n62GyJNAJZfz0BLaZne0BI8V/LFCik="},"indexInfo":{"baseKey":"BRofWhdtFJxQqPr9HxfR7YgREPX17PP0XdDewSjV4SQP","baseKeyType":1,"closed":1732511663854,"used":1732511663548,"created":1732511663548,"remoteIdentityKey":"Bft9hmkASxjZA9MwIOlMnoigjCieOvmXVOWhcL/d5L43"},"_chains":{"BfxLbs5q49PD+2OvBv3vP8uQfZUHzqsRsfIdvue9yXoy":{"chainKey":{"counter":-1,"key":"jqhoCjysfV5SShCd7gV8mP8jmdxbHT21j115NxazG/0="},"chainType":1,"messageKeys":{}}},"pendingPreKey":{"signedKeyId":2,"baseKey":"BRofWhdtFJxQqPr9HxfR7YgREPX17PP0XdDewSjV4SQP","preKeyId":13277162}},"BaGJ+WGRMLhq3q1gJH91xkd6yzyV2+VlUPsW9UsuOA4d":{"registrationId":1875693480,"currentRatchet":{"ephemeralKeyPair":{"pubKey":"BVuH5T2flkOJxitiDkzRKVQVgcXyNCHQxPK+PdgUE/ok","privKey":"8Jvs5tSPTFiqWDHKKY6SKJdYJOvDXVFj0AlDH9RjTmM="},"lastRemoteEphemeralKey":"BfovYnjEPZcGYrKFBRVrIXBdPwXAiD/h9ETKuLLkd9EK","previousCounter":0,"rootKey":"FjCKaTKS1H75zLrdcLhVt94O2efCg+LeEksGJUPG+E8="},"indexInfo":{"baseKey":"BaGJ+WGRMLhq3q1gJH91xkd6yzyV2+VlUPsW9UsuOA4d","baseKeyType":1,"closed":1732511668208,"used":1732511663851,"created":1732511663851,"remoteIdentityKey":"Bft9hmkASxjZA9MwIOlMnoigjCieOvmXVOWhcL/d5L43"},"_chains":{"BVuH5T2flkOJxitiDkzRKVQVgcXyNCHQxPK+PdgUE/ok":{"chainKey":{"counter":-1,"key":"N5qcRDjCuo+ZDpFQp1kRjHVLm9Mm7blbw/pXi25cKjQ="},"chainType":1,"messageKeys":{}}},"pendingPreKey":{"signedKeyId":2,"baseKey":"BaGJ+WGRMLhq3q1gJH91xkd6yzyV2+VlUPsW9UsuOA4d","preKeyId":13277016}},"BcZs32UqBc5FKZ1AVG4M3zVHnJN6wIH6j1dXDoZ3b/1l":{"registrationId":1875693480,"currentRatchet":{"ephemeralKeyPair":{"pubKey":"BVlIVNmv2YFoqG6Kos3Nka9skhfF7BQoqsSs8naLs90d","privKey":"ACs3vybEDD775/EoECB3hA0Q8H3LBBBpnnDAU2kfRlw="},"lastRemoteEphemeralKey":"BfovYnjEPZcGYrKFBRVrIXBdPwXAiD/h9ETKuLLkd9EK","previousCounter":0,"rootKey":"q7ZorDveqSTwgsXvf04ktOa/FOlQ2S8nih2hKvLZgcI="},"indexInfo":{"baseKey":"BcZs32UqBc5FKZ1AVG4M3zVHnJN6wIH6j1dXDoZ3b/1l","baseKeyType":1,"closed":1732511678650,"used":1732511668206,"created":1732511668206,"remoteIdentityKey":"Bft9hmkASxjZA9MwIOlMnoigjCieOvmXVOWhcL/d5L43"},"_chains":{"BVlIVNmv2YFoqG6Kos3Nka9skhfF7BQoqsSs8naLs90d":{"chainKey":{"counter":-1,"key":"c1UXI6PBfjrtmI/pRgujseHJp2d6oEY+j014ASuZTAk="},"chainType":1,"messageKeys":{}}},"pendingPreKey":{"signedKeyId":2,"baseKey":"BcZs32UqBc5FKZ1AVG4M3zVHnJN6wIH6j1dXDoZ3b/1l","preKeyId":13277093}},"Bb2ZFg+gFSWcN99TmxTPpDoIk9jOHZt6C7dz3vmIdQgH":{"registrationId":1875693480,"currentRatchet":{"ephemeralKeyPair":{"pubKey":"BfM1bYiV+TjE+NN1/iQCABtWeF831ulz02HkY9cgNsxU","privKey":"mJWvEC9HN32QyKx5mdcIbbWvgxzLrUBlD0ZnC15RZGc="},"lastRemoteEphemeralKey":"BfovYnjEPZcGYrKFBRVrIXBdPwXAiD/h9ETKuLLkd9EK","previousCounter":0,"rootKey":"or0TwZgDOvFducM1fqDKG24Q/yt/HHDcyaTlwYdJlb4="},"indexInfo":{"baseKey":"Bb2ZFg+gFSWcN99TmxTPpDoIk9jOHZt6C7dz3vmIdQgH","baseKeyType":1,"closed":1732511683017,"used":1732511678648,"created":1732511678648,"remoteIdentityKey":"Bft9hmkASxjZA9MwIOlMnoigjCieOvmXVOWhcL/d5L43"},"_chains":{"BfM1bYiV+TjE+NN1/iQCABtWeF831ulz02HkY9cgNsxU":{"chainKey":{"counter":-1,"key":"96naEW8/AdOha7YXJDSiT69dDy6cqSuxe+Bo4dA71so="},"chainType":1,"messageKeys":{}}},"pendingPreKey":{"signedKeyId":2,"baseKey":"Bb2ZFg+gFSWcN99TmxTPpDoIk9jOHZt6C7dz3vmIdQgH","preKeyId":13277159}},"BSYlr5BKrQjdAifzRNjW3KekbMkUNltM91og6K1AAFtD":{"registrationId":1875693480,"currentRatchet":{"ephemeralKeyPair":{"pubKey":"BU5EBBA7I/BB7w5v1DmMDStL6eBZEvfjWry7bdKyetUx","privKey":"wLYi9gnBSvEjZb0iN6TTgpygWstsVpKNK8tp2rdk7VU="},"lastRemoteEphemeralKey":"BfovYnjEPZcGYrKFBRVrIXBdPwXAiD/h9ETKuLLkd9EK","previousCounter":0,"rootKey":"+Sd7t8HRZDGZgu1pzCe9aSxOvfprz+yE7uJXu1qLaps="},"indexInfo":{"baseKey":"BSYlr5BKrQjdAifzRNjW3KekbMkUNltM91og6K1AAFtD","baseKeyType":1,"closed":1732511703558,"used":1732511683013,"created":1732511683013,"remoteIdentityKey":"Bft9hmkASxjZA9MwIOlMnoigjCieOvmXVOWhcL/d5L43"},"_chains":{"BU5EBBA7I/BB7w5v1DmMDStL6eBZEvfjWry7bdKyetUx":{"chainKey":{"counter":-1,"key":"xG+0XiTZ5wUaZx42TU3HDhj1qBYvxM8CRu0ZLz3Dbwk="},"chainType":1,"messageKeys":{}}},"pendingPreKey":{"signedKeyId":2,"baseKey":"BSYlr5BKrQjdAifzRNjW3KekbMkUNltM91og6K1AAFtD","preKeyId":13277205}},"BcrPJrXj1YmkjRri+1bW5Td+hYv9OCgSlGwYhKLWPjs9":{"registrationId":1875693480,"currentRatchet":{"ephemeralKeyPair":{"pubKey":"BawpVgx/Gya/2XNYoc/SxPtA1QD1ADq3IncOZgOM3JJg","privKey":"mLe/pVkMqczFhWjUEP0bG0w7IQUY7HVYQ88yUqxEpVs="},"lastRemoteEphemeralKey":"BfovYnjEPZcGYrKFBRVrIXBdPwXAiD/h9ETKuLLkd9EK","previousCounter":0,"rootKey":"xJzFcnRE8KgK9OWR6VoiyqTBfbqMmA0fNhSuzI5xSuM="},"indexInfo":{"baseKey":"BcrPJrXj1YmkjRri+1bW5Td+hYv9OCgSlGwYhKLWPjs9","baseKeyType":1,"closed":1732511723111,"used":1732511703556,"created":1732511703556,"remoteIdentityKey":"Bft9hmkASxjZA9MwIOlMnoigjCieOvmXVOWhcL/d5L43"},"_chains":{"BawpVgx/Gya/2XNYoc/SxPtA1QD1ADq3IncOZgOM3JJg":{"chainKey":{"counter":-1,"key":"oz2uJpGPTWL0ZiARDsM8QsyZSmuMjmsnFgh/HbhzFLM="},"chainType":1,"messageKeys":{}}},"pendingPreKey":{"signedKeyId":2,"baseKey":"BcrPJrXj1YmkjRri+1bW5Td+hYv9OCgSlGwYhKLWPjs9","preKeyId":13277187}},"BYMhxiGHWjJrznzihieiQ8rr1D1stPDZ6+YMcUUBVwYr":{"registrationId":1875693480,"currentRatchet":{"ephemeralKeyPair":{"pubKey":"BQPDC1YLr1Xc+vaXcFFRaNpuYR7tJVFKhU55HeA7umY4","privKey":"gEZfHPaKbgl5BQxZxZCnMlKt3JhksCX/RJDZhUazi1o="},"lastRemoteEphemeralKey":"BfovYnjEPZcGYrKFBRVrIXBdPwXAiD/h9ETKuLLkd9EK","previousCounter":0,"rootKey":"ZvGgQ71FO31buG/EWPcnL4H69yg/qNQLOhW2BmuOrd4="},"indexInfo":{"baseKey":"BYMhxiGHWjJrznzihieiQ8rr1D1stPDZ6+YMcUUBVwYr","baseKeyType":1,"closed":-1,"used":1732511723108,"created":1732511723108,"remoteIdentityKey":"Bft9hmkASxjZA9MwIOlMnoigjCieOvmXVOWhcL/d5L43"},"_chains":{"BQPDC1YLr1Xc+vaXcFFRaNpuYR7tJVFKhU55HeA7umY4":{"chainKey":{"counter":177,"key":"lEgkG43nuKEPeeUk+W5LplqjSiLREX3g/AHuYD0n+Tk="},"chainType":1,"messageKeys":{}}},"pendingPreKey":{"signedKeyId":2,"baseKey":"BYMhxiGHWjJrznzihieiQ8rr1D1stPDZ6+YMcUUBVwYr","preKeyId":13277324}}},"version":"v1"}