{"_sessions":{"BW2jl4Q3pvVLz9StfTvxqDcjyD9C2sxKozfe66/P7gRd":{"registrationId":2013213977,"currentRatchet":{"ephemeralKeyPair":{"pubKey":"Ba632inN7a3tklekuVgxPvEw+aD6S4U/JPEpHVFHzRtk","privKey":"uFZBuEHrkq4CeqTy9oXfAAJzEleO8T9jQOsRcRKYCVk="},"lastRemoteEphemeralKey":"BXCuZO8iLvw4Ub0FlokHg+CrAC+GASxGJcN4N8eIFjc8","previousCounter":0,"rootKey":"YsqJZ3MRO0+G/BVHlSbccWGP4iwhfeQW68Aa0v7C3Dk="},"indexInfo":{"baseKey":"BW2jl4Q3pvVLz9StfTvxqDcjyD9C2sxKozfe66/P7gRd","baseKeyType":1,"closed":1732505407250,"used":1732505404011,"created":1732505404011,"remoteIdentityKey":"BZX0ENeAULZEJ+B/Wo136Eer4qxleLVMSaLRR8JSDWN3"},"_chains":{"Ba632inN7a3tklekuVgxPvEw+aD6S4U/JPEpHVFHzRtk":{"chainKey":{"counter":0,"key":"oonr2LV8+hYYjCvepys0ldW8j5kCCKUb2x1vpyKFlTg="},"chainType":1,"messageKeys":{}}},"pendingPreKey":{"signedKeyId":2,"baseKey":"BW2jl4Q3pvVLz9StfTvxqDcjyD9C2sxKozfe66/P7gRd","preKeyId":15894221}},"BQhjcJqgBTl5n9z+TpxUODJqQFmLUbYYY17nBda00nZu":{"registrationId":2013213977,"currentRatchet":{"ephemeralKeyPair":{"pubKey":"BX3HaKUjiap8UQWlXUtxUAvLwGsb+4kLdaxl/Y9tPGJ7","privKey":"WKw2ZvaSatvDsPh7oXf4xKmuqND9MruIk+YNRKhPVWc="},"lastRemoteEphemeralKey":"BXCuZO8iLvw4Ub0FlokHg+CrAC+GASxGJcN4N8eIFjc8","previousCounter":0,"rootKey":"jV1xt5Zlnd8YXvYgVq7xLSXY81D7HzRmnlX2V/w+7ic="},"indexInfo":{"baseKey":"BQhjcJqgBTl5n9z+TpxUODJqQFmLUbYYY17nBda00nZu","baseKeyType":1,"closed":-1,"used":1732505405999,"created":1732505405999,"remoteIdentityKey":"BZX0ENeAULZEJ+B/Wo136Eer4qxleLVMSaLRR8JSDWN3"},"_chains":{"BX3HaKUjiap8UQWlXUtxUAvLwGsb+4kLdaxl/Y9tPGJ7":{"chainKey":{"counter":6,"key":"nbuTG9Icvfzh3WQZn0p2b0JB8S+RYdHbxKv9tEP0MoU="},"chainType":1,"messageKeys":{}}},"pendingPreKey":{"signedKeyId":2,"baseKey":"BQhjcJqgBTl5n9z+TpxUODJqQFmLUbYYY17nBda00nZu","preKeyId":15894384}}},"version":"v1"}