{"_sessions":{"BU5n+sP8lKn5IFX88SK/1zDJymer3ZryJpisVx/YO5Un":{"registrationId":728454213,"currentRatchet":{"ephemeralKeyPair":{"pubKey":"Bfp8mrk2Qum6lH112ftIavOF9+V/WVm8edD0I69j1m9t","privKey":"INS5H9ZWSvgS4eUr7JVnV5OSlBtsxOXonQL6QVW26Uk="},"lastRemoteEphemeralKey":"BRBmErgQQIhu4Pm+l322b4Rw79+ISs7R9mb93uJijyA5","previousCounter":0,"rootKey":"EnYL/Uqn3bd7FVEnBvDWwrBD8cHwf1kkm7fnWrOTd5M="},"indexInfo":{"baseKey":"BU5n+sP8lKn5IFX88SK/1zDJymer3ZryJpisVx/YO5Un","baseKeyType":1,"closed":1732505406150,"used":1732505403827,"created":1732505403827,"remoteIdentityKey":"BSLsw/Pp7I1M4sOyxQ1qRaPRZwhlJx6vvTH4B4XK05cP"},"_chains":{"Bfp8mrk2Qum6lH112ftIavOF9+V/WVm8edD0I69j1m9t":{"chainKey":{"counter":0,"key":"/CxlwpUA87kxxENGYhgGOuqV8Cj0aGZghEK+j2geOpQ="},"chainType":1,"messageKeys":{}}},"pendingPreKey":{"signedKeyId":0,"baseKey":"BU5n+sP8lKn5IFX88SK/1zDJymer3ZryJpisVx/YO5Un","preKeyId":13611889}},"BZ+4mOSmTGdcbYDHTT9u3/Br4QOQ3faS2Ug+MC5zRGZr":{"registrationId":728454213,"currentRatchet":{"ephemeralKeyPair":{"pubKey":"BSM7pW8yWZmsW8K7WLUkZLR8JKL4lbqtahrK7XwRGK8M","privKey":"OJ+MXm/XMsIkxfWgNlpU5k91zBmOfRMxDvJKTI5Zang="},"lastRemoteEphemeralKey":"BRBmErgQQIhu4Pm+l322b4Rw79+ISs7R9mb93uJijyA5","previousCounter":0,"rootKey":"Vn7agPOL6qTvdXVpX9+lPAu081DdHMrW45lloq0qdSs="},"indexInfo":{"baseKey":"BZ+4mOSmTGdcbYDHTT9u3/Br4QOQ3faS2Ug+MC5zRGZr","baseKeyType":1,"closed":-1,"used":1732505405814,"created":1732505405814,"remoteIdentityKey":"BSLsw/Pp7I1M4sOyxQ1qRaPRZwhlJx6vvTH4B4XK05cP"},"_chains":{"BSM7pW8yWZmsW8K7WLUkZLR8JKL4lbqtahrK7XwRGK8M":{"chainKey":{"counter":6,"key":"aZ19fqGhHqjXpRMc9ERBu/KpRnh3JsaTBzPBcIX/qBc="},"chainType":1,"messageKeys":{}}},"pendingPreKey":{"signedKeyId":0,"baseKey":"BZ+4mOSmTGdcbYDHTT9u3/Br4QOQ3faS2Ug+MC5zRGZr","preKeyId":13611959}}},"version":"v1"}