{"_sessions":{"BSe3U1UxkFMRzUPvjh8XZiPCOSXZ8pypmZ7+NWsVzhNr":{"registrationId":44,"currentRatchet":{"ephemeralKeyPair":{"pubKey":"BUNhypyMISJQm/zmGxeBpP+CpJdLKRx4SAaeDpthAslq","privKey":"KMmi6LndEYGxJqoTyabdl2BS3p2o4Kp2Md/5XIphnko="},"lastRemoteEphemeralKey":"BRCa4MlMxk34upDLuNDCY/RhVcwv7nUKMfMiy6GlZHUL","previousCounter":0,"rootKey":"wgFjnDw5mfraNMR4QyYHwLOA8dbrJ9fU704xCORcWsU="},"indexInfo":{"baseKey":"BSe3U1UxkFMRzUPvjh8XZiPCOSXZ8pypmZ7+NWsVzhNr","baseKeyType":1,"closed":1732525877402,"used":1732505401444,"created":1732505401444,"remoteIdentityKey":"BdAYRjBJ25b/EC8lvasiNAcXRA45Ph0tfJNNmcX8XKBB"},"_chains":{"BUNhypyMISJQm/zmGxeBpP+CpJdLKRx4SAaeDpthAslq":{"chainKey":{"counter":3,"key":"1vMxyNOnXR8v+hobwt5sS3n1e2TtFzNVVaHSy/7t6gg="},"chainType":1,"messageKeys":{}}},"pendingPreKey":{"signedKeyId":1,"baseKey":"BSe3U1UxkFMRzUPvjh8XZiPCOSXZ8pypmZ7+NWsVzhNr"}},"BSAujOaodBfwXXYLkfjQ5VheNdhxkzYUowh2xVIiH+J1":{"registrationId":44,"currentRatchet":{"ephemeralKeyPair":{"pubKey":"BU6fxAUd+qrfHjMlO+MnuMw6aPJjmlwDIEArGSILGqoA","privKey":"CFsByFXuUWjh/DSZCnq3GUglRti5sixjJMVtyVpWx1c="},"lastRemoteEphemeralKey":"BcjiQzPAqUa6jHIlZmEdY80wmiJS1qozDwirBARQCY0m","previousCounter":0,"rootKey":"ItgEPE9luc50k/VQY+GQUc7nN+chyftxCePUoFPkQsE="},"indexInfo":{"baseKey":"BSAujOaodBfwXXYLkfjQ5VheNdhxkzYUowh2xVIiH+J1","baseKeyType":1,"closed":-1,"used":1732525931597,"created":1732525877397,"remoteIdentityKey":"BdAYRjBJ25b/EC8lvasiNAcXRA45Ph0tfJNNmcX8XKBB"},"_chains":{"BcjiQzPAqUa6jHIlZmEdY80wmiJS1qozDwirBARQCY0m":{"chainKey":{"counter":0,"key":"inb8BIIlesk8Dq/DqB9OkTNAC0YJAYp27ktjM3diVLA="},"chainType":2,"messageKeys":{}},"BU6fxAUd+qrfHjMlO+MnuMw6aPJjmlwDIEArGSILGqoA":{"chainKey":{"counter":-1,"key":"4Zd5JbsqLcCWneK3XyKaMvGIh827gvTvaur4SK0RIFA="},"chainType":1,"messageKeys":{}}}}},"version":"v1"}