{"_sessions":{"Bf8jM1Lth+tSvVlY1DLBjrzubplqFK7w+u2wbkRpaWYF":{"registrationId":2089779845,"currentRatchet":{"ephemeralKeyPair":{"pubKey":"BWMux6vRE4YRVEFFE/OMe4f+eus2kGTwZFkyF+7/2jYf","privKey":"GJYxRluPiZ6DI/3NxVfhQJACYrWZF9fQu7j27SHPGk0="},"lastRemoteEphemeralKey":"BfTK12VcDlHVCXqoqf1szfqgaHqnho97wikRASnwR6sW","previousCounter":0,"rootKey":"8CrkRGy7VkhG5LnIzi5Iw9wqtK4oHnSt71Go1rCkfms="},"indexInfo":{"baseKey":"Bf8jM1Lth+tSvVlY1DLBjrzubplqFK7w+u2wbkRpaWYF","baseKeyType":1,"closed":1732505406026,"used":1732505403759,"created":1732505403759,"remoteIdentityKey":"BQpYA80qYVB0hGI8uaQnCvrdRwP3UHQ3jkvR8wh+l699"},"_chains":{"BWMux6vRE4YRVEFFE/OMe4f+eus2kGTwZFkyF+7/2jYf":{"chainKey":{"counter":0,"key":"pmMFYq6Ias2z2cttLMqIqzG5dx8u4kJ/9ylIhk7CSVw="},"chainType":1,"messageKeys":{}}},"pendingPreKey":{"signedKeyId":7,"baseKey":"Bf8jM1Lth+tSvVlY1DLBjrzubplqFK7w+u2wbkRpaWYF","preKeyId":14963481}},"BYod2Z2/vZbFOE+j0DzhhRfwiT0OPeA+1JTcUXyUysB/":{"registrationId":2089779845,"currentRatchet":{"ephemeralKeyPair":{"pubKey":"BfnZFg1latHGCBX7Nh7Sax+BEzLpw12Ozioyb9WTVUAi","privKey":"KDglXpnNHCsbtLl7rAICi3yILGJtyRmfGIbCtv1zrVg="},"lastRemoteEphemeralKey":"BfTK12VcDlHVCXqoqf1szfqgaHqnho97wikRASnwR6sW","previousCounter":0,"rootKey":"PsJOHJKYyq+ZF4jL8h1kQtpelEsQvCH4qFSowyua5Gw="},"indexInfo":{"baseKey":"BYod2Z2/vZbFOE+j0DzhhRfwiT0OPeA+1JTcUXyUysB/","baseKeyType":1,"closed":-1,"used":1732505405753,"created":1732505405753,"remoteIdentityKey":"BQpYA80qYVB0hGI8uaQnCvrdRwP3UHQ3jkvR8wh+l699"},"_chains":{"BfnZFg1latHGCBX7Nh7Sax+BEzLpw12Ozioyb9WTVUAi":{"chainKey":{"counter":6,"key":"nibAEP5i/cUEq2el7rEVTVKGW2HktrnEXD1Iepy1lDs="},"chainType":1,"messageKeys":{}}},"pendingPreKey":{"signedKeyId":7,"baseKey":"BYod2Z2/vZbFOE+j0DzhhRfwiT0OPeA+1JTcUXyUysB/","preKeyId":14964104}}},"version":"v1"}