{"_sessions":{"Be4mademWc22BpdYRQ+9wKxroeYrS1/GByTuek0ZzAMh":{"registrationId":1587092465,"currentRatchet":{"ephemeralKeyPair":{"pubKey":"BZC9Hr5lrJC70V6I0rWtzP9LdCygZMSicKQvLf19kxlb","privKey":"+Elztz2dsPsz6hfKxipCtIeXTiuVfxo0wv7xILO3pE8="},"lastRemoteEphemeralKey":"BWGlG1HRsly+T/fIRC3bhJ7UzfIrMU7e2LNeWr4ylh4Q","previousCounter":0,"rootKey":"jFUtxZyBbMhg3n2rr0K+o5L3aN5etf+ErHyNjfbc0Zg="},"indexInfo":{"baseKey":"Be4mademWc22BpdYRQ+9wKxroeYrS1/GByTuek0ZzAMh","baseKeyType":1,"closed":1732505406200,"used":1732505403837,"created":1732505403837,"remoteIdentityKey":"BRQTCwl36qaBPlZmZEjdk5PahzS89F/x0G5Mj7t4x6YR"},"_chains":{"BZC9Hr5lrJC70V6I0rWtzP9LdCygZMSicKQvLf19kxlb":{"chainKey":{"counter":0,"key":"qqdNEw5p0f7OUCxFKQoB3ooFILpiIvJY7gtwRntDinU="},"chainType":1,"messageKeys":{}}},"pendingPreKey":{"signedKeyId":19,"baseKey":"Be4mademWc22BpdYRQ+9wKxroeYrS1/GByTuek0ZzAMh","preKeyId":13731157}},"BasB/aa9tGv/i2A2j9GnTRHW68449na8SJ/WDQS1Qq0s":{"registrationId":1587092465,"currentRatchet":{"ephemeralKeyPair":{"pubKey":"BfkflMGw9CYK74nqcqamlbX5gau74nmAdXbW1cdendtY","privKey":"EPM818mjHXzCLT41cNiuOhuwdowed4x/4pbnoeME0kk="},"lastRemoteEphemeralKey":"BWGlG1HRsly+T/fIRC3bhJ7UzfIrMU7e2LNeWr4ylh4Q","previousCounter":0,"rootKey":"3r6LGpyESPm0TdBWAX+WQ3qMpJE/AFrEsznquLwQbB0="},"indexInfo":{"baseKey":"BasB/aa9tGv/i2A2j9GnTRHW68449na8SJ/WDQS1Qq0s","baseKeyType":1,"closed":-1,"used":1732505405823,"created":1732505405823,"remoteIdentityKey":"BRQTCwl36qaBPlZmZEjdk5PahzS89F/x0G5Mj7t4x6YR"},"_chains":{"BfkflMGw9CYK74nqcqamlbX5gau74nmAdXbW1cdendtY":{"chainKey":{"counter":6,"key":"Y4hVr3tcHin8hTPPNgpXQscg/5mjzXHgGUsmPKfhy7M="},"chainType":1,"messageKeys":{}}},"pendingPreKey":{"signedKeyId":19,"baseKey":"BasB/aa9tGv/i2A2j9GnTRHW68449na8SJ/WDQS1Qq0s","preKeyId":13731535}}},"version":"v1"}