{"_sessions":{"Bc7aRoj69spUI5O2iOmqkyvIsvcd2cD2HlgrwblNEw1M":{"registrationId":1334567790,"currentRatchet":{"ephemeralKeyPair":{"pubKey":"BUgsV6v7/E3TUI5ux4fKXpx0wu3/eTWi4K2e5XMOMnMU","privKey":"8PeMAZd6M+gpcWJXJtDX/cqnrap7FVBbRUxC8hSdKEw="},"lastRemoteEphemeralKey":"BbCZw1YjnqnLWSXJ0od9Nin0b/X0a2QTc4bCkVl8dSYD","previousCounter":0,"rootKey":"LFtr949VS19ymQOcTV4FrR9nQV/bNlP/dnhq6h3utXE="},"indexInfo":{"baseKey":"Bc7aRoj69spUI5O2iOmqkyvIsvcd2cD2HlgrwblNEw1M","baseKeyType":1,"closed":1732505406250,"used":1732505403849,"created":1732505403849,"remoteIdentityKey":"BRjAzvwJz6UnxCXKT+S5GfzP8dl72M9FZ+oV+IzhwdlB"},"_chains":{"BUgsV6v7/E3TUI5ux4fKXpx0wu3/eTWi4K2e5XMOMnMU":{"chainKey":{"counter":0,"key":"dBW7si39aC5v/AMY6okKRE+QtmQ5XXUu9mj8+yXYrp4="},"chainType":1,"messageKeys":{}}},"pendingPreKey":{"signedKeyId":5,"baseKey":"Bc7aRoj69spUI5O2iOmqkyvIsvcd2cD2HlgrwblNEw1M","preKeyId":12097086}},"BV6aBvhG4RO8rjbZ42Y+8fQ15o3i/UTDMzO0iPzUsBRE":{"registrationId":1334567790,"currentRatchet":{"ephemeralKeyPair":{"pubKey":"BTMQpdvAu8a52TG6t/IqbrPuW+/dEfovbyqKjDSl2NBf","privKey":"2Gcc5aV08DL/l2Fns8qSM0f2IDTUvvMa/0iaMKapLXA="},"lastRemoteEphemeralKey":"BbCZw1YjnqnLWSXJ0od9Nin0b/X0a2QTc4bCkVl8dSYD","previousCounter":0,"rootKey":"On4uqq4tzq70uDvX03eJBURTVBAcRZD1GR74Mt0P2qU="},"indexInfo":{"baseKey":"BV6aBvhG4RO8rjbZ42Y+8fQ15o3i/UTDMzO0iPzUsBRE","baseKeyType":1,"closed":-1,"used":1732505405835,"created":1732505405835,"remoteIdentityKey":"BRjAzvwJz6UnxCXKT+S5GfzP8dl72M9FZ+oV+IzhwdlB"},"_chains":{"BTMQpdvAu8a52TG6t/IqbrPuW+/dEfovbyqKjDSl2NBf":{"chainKey":{"counter":6,"key":"l0zLrpykTukk/3KPTMs0hmSdMaxrVjjivpgdhWpkO5Y="},"chainType":1,"messageKeys":{}}},"pendingPreKey":{"signedKeyId":5,"baseKey":"BV6aBvhG4RO8rjbZ42Y+8fQ15o3i/UTDMzO0iPzUsBRE","preKeyId":12096788}}},"version":"v1"}