{"_sessions":{"BfBTdSYBe3prYYVhG/kvZVUx5RXfwbgJRtefy6gKXQUA":{"registrationId":44551522,"currentRatchet":{"ephemeralKeyPair":{"pubKey":"BchY00YIu7zd/tO9h98vMKpDBQIgEE532ZnaUxF8TDlJ","privKey":"aBpdvY8q5lijoFQZJ4w13mbPIWce75VFGIZmTSkGZGs="},"lastRemoteEphemeralKey":"BZi78EguQGVpZRvJIoRa5uOWyY+iBQPOl4DoBpgObLIl","previousCounter":0,"rootKey":"q7rV3aytdEzEHj/rcAC41V2/yljl6a03w+YFYttXDMQ="},"indexInfo":{"baseKey":"BfBTdSYBe3prYYVhG/kvZVUx5RXfwbgJRtefy6gKXQUA","baseKeyType":1,"closed":1732505406026,"used":1732505403767,"created":1732505403767,"remoteIdentityKey":"BQH+xDvVtVhimjMsDbFRbgl4vSSBGlTCI3tSwEN7EHxl"},"_chains":{"BchY00YIu7zd/tO9h98vMKpDBQIgEE532ZnaUxF8TDlJ":{"chainKey":{"counter":0,"key":"5ARkJ415zX3ANW5nru/NQqbfdYKn7QbOBHsAKJgvVQQ="},"chainType":1,"messageKeys":{}}},"pendingPreKey":{"signedKeyId":1,"baseKey":"BfBTdSYBe3prYYVhG/kvZVUx5RXfwbgJRtefy6gKXQUA"}},"BaX1DixVvgcWeqWoyxdi7eEtzDQmL16Z/qkSctoVY+AS":{"registrationId":44551522,"currentRatchet":{"ephemeralKeyPair":{"pubKey":"BVBWawp9XJDhrBQt4NRITzQbPJoQo0QcVdup6GVAGWdO","privKey":"cC9WvG1gIjKaN9pt/LKfmLx4PYM2fcFAyr6FNeFgok8="},"lastRemoteEphemeralKey":"BZi78EguQGVpZRvJIoRa5uOWyY+iBQPOl4DoBpgObLIl","previousCounter":0,"rootKey":"M34p9F/XcfcLhut40/etK5rUrRLwyIqlrtR3QJAstEo="},"indexInfo":{"baseKey":"BaX1DixVvgcWeqWoyxdi7eEtzDQmL16Z/qkSctoVY+AS","baseKeyType":1,"closed":-1,"used":1732505405762,"created":1732505405762,"remoteIdentityKey":"BQH+xDvVtVhimjMsDbFRbgl4vSSBGlTCI3tSwEN7EHxl"},"_chains":{"BVBWawp9XJDhrBQt4NRITzQbPJoQo0QcVdup6GVAGWdO":{"chainKey":{"counter":6,"key":"2dzIcxOMSi+Th86u69uCNzkt9NBHC3ff8+jIg2/WCSc="},"chainType":1,"messageKeys":{}}},"pendingPreKey":{"signedKeyId":1,"baseKey":"BaX1DixVvgcWeqWoyxdi7eEtzDQmL16Z/qkSctoVY+AS"}}},"version":"v1"}