{"_sessions":{"BYKGAXeZJO6ZzLKB0k8oCOg3pHC2Ar3n3g69ORmUcxMq":{"registrationId":136677940,"currentRatchet":{"ephemeralKeyPair":{"pubKey":"BbglqIugayGGHjox3vlvhOnm9KOUmCCUcuWefKySAawl","privKey":"iKhAmgRDYlx8udxbFNupHX1rJujOl+zG7Yj1dAACW1I="},"lastRemoteEphemeralKey":"BUzmKj1jDp5JwnwSd7+v2mWz0l79BUdqqbFRVWbbSAVX","previousCounter":0,"rootKey":"ZYWJaoUH1zi5m0RbR3kZSKEK3CTfORXPLG6zNqjsRAU="},"indexInfo":{"baseKey":"BYKGAXeZJO6ZzLKB0k8oCOg3pHC2Ar3n3g69ORmUcxMq","baseKeyType":1,"closed":1732505406028,"used":1732505403805,"created":1732505403805,"remoteIdentityKey":"BYu8eIhUhJCN04ZqfuWyvof884Tp97Wco3Q30X/cozAL"},"_chains":{"BbglqIugayGGHjox3vlvhOnm9KOUmCCUcuWefKySAawl":{"chainKey":{"counter":0,"key":"XXX/aXX0pIwruS3W2o4aNyPN0QwsbrsSfOx3HzcaWy8="},"chainType":1,"messageKeys":{}}},"pendingPreKey":{"signedKeyId":4,"baseKey":"BYKGAXeZJO6ZzLKB0k8oCOg3pHC2Ar3n3g69ORmUcxMq","preKeyId":14435514}},"BfVCk8+JAezxyHnwkfeEZXyMuolN/cvNEFObg2h6Bqkj":{"registrationId":136677940,"currentRatchet":{"ephemeralKeyPair":{"pubKey":"BQ4C0wsy2ssoncmu6Qa31uWZQCni7dCIiovAajJXiyk2","privKey":"II45GWEz3R2nE6uYj2MUs0JiBm+y0AqyQi4Y2jLJZno="},"lastRemoteEphemeralKey":"BUzmKj1jDp5JwnwSd7+v2mWz0l79BUdqqbFRVWbbSAVX","previousCounter":0,"rootKey":"ThBNUltpJWtngvP5EmgfCxvz+FhxS1HAkuFqAs3S+J0="},"indexInfo":{"baseKey":"BfVCk8+JAezxyHnwkfeEZXyMuolN/cvNEFObg2h6Bqkj","baseKeyType":1,"closed":-1,"used":1732505405781,"created":1732505405781,"remoteIdentityKey":"BYu8eIhUhJCN04ZqfuWyvof884Tp97Wco3Q30X/cozAL"},"_chains":{"BQ4C0wsy2ssoncmu6Qa31uWZQCni7dCIiovAajJXiyk2":{"chainKey":{"counter":6,"key":"RP4Ild4s/NO22WJfTttNFVCq+hDzmN9b3R6hgiJBYC0="},"chainType":1,"messageKeys":{}}},"pendingPreKey":{"signedKeyId":4,"baseKey":"BfVCk8+JAezxyHnwkfeEZXyMuolN/cvNEFObg2h6Bqkj","preKeyId":14435337}}},"version":"v1"}