{"_sessions":{"BbC2CEcf6nqGSka0odQBZC6w0TKDr8AHts+gegYzfVpL":{"registrationId":493748981,"currentRatchet":{"ephemeralKeyPair":{"pubKey":"BYmrxOAoScwxcqykdiL9fbIZNLyQHObVNldl5d2tKZhT","privKey":"eP9mHEmp6FllxgM7Y1ohEh5edk+uppp8xzboJGqWsW8="},"lastRemoteEphemeralKey":"BT/LUkB/70nQBKU3V5Wi/gyQgoU5qC/MMHIsXagQBjYS","previousCounter":0,"rootKey":"L5bZ8I8tCNFlsFYXbtKgbx/fkAQUCYs2oZFkTNBu2p0="},"indexInfo":{"baseKey":"BbC2CEcf6nqGSka0odQBZC6w0TKDr8AHts+gegYzfVpL","baseKeyType":1,"closed":1732505406050,"used":1732505403819,"created":1732505403819,"remoteIdentityKey":"Bdx22K9OhwYGynfg6CZ+t3TzAY+ZhIk6FeVsv4ue429k"},"_chains":{"BYmrxOAoScwxcqykdiL9fbIZNLyQHObVNldl5d2tKZhT":{"chainKey":{"counter":0,"key":"mPIvFLdNiCzWD4lsJRxLtZK+w4wBP+g5DD7TdJJY2hk="},"chainType":1,"messageKeys":{}}},"pendingPreKey":{"signedKeyId":3,"baseKey":"BbC2CEcf6nqGSka0odQBZC6w0TKDr8AHts+gegYzfVpL","preKeyId":9823120}},"BfNIwNqg6VxKgy054D4ZS11ywzXPRss/takppsKKxakC":{"registrationId":493748981,"currentRatchet":{"ephemeralKeyPair":{"pubKey":"BeERwDJ2gfK4OoOvBEDdioAfPKAQNsJM9NLmZPuEV/9z","privKey":"mG44fJwTHz/zBqnK9RI8wxYZkNJC2+TUyiaEtxkxzk0="},"lastRemoteEphemeralKey":"BT/LUkB/70nQBKU3V5Wi/gyQgoU5qC/MMHIsXagQBjYS","previousCounter":0,"rootKey":"Y376y1s/7sC+TNKTpvdcMSIaEEgp7YU3RLfwIiMedEE="},"indexInfo":{"baseKey":"BfNIwNqg6VxKgy054D4ZS11ywzXPRss/takppsKKxakC","baseKeyType":1,"closed":-1,"used":1732505405804,"created":1732505405804,"remoteIdentityKey":"Bdx22K9OhwYGynfg6CZ+t3TzAY+ZhIk6FeVsv4ue429k"},"_chains":{"BeERwDJ2gfK4OoOvBEDdioAfPKAQNsJM9NLmZPuEV/9z":{"chainKey":{"counter":6,"key":"1VYzdXhhN+OUV8ncEyOUIXEViLXyR5KWYwTRsVrwBDA="},"chainType":1,"messageKeys":{}}},"pendingPreKey":{"signedKeyId":3,"baseKey":"BfNIwNqg6VxKgy054D4ZS11ywzXPRss/takppsKKxakC","preKeyId":9823083}}},"version":"v1"}