{"_sessions":{"BUgHsesBycDbOilceXTGLW2pOLgK1rtwpfAfI63smRZ3":{"registrationId":1527267495,"currentRatchet":{"ephemeralKeyPair":{"pubKey":"BdzcH5PLjtURZ0Ieuzv7fQQfygi9lxXAb83KE0jVkm4w","privKey":"yKlWzH8sQP1yQO/lT4lpV7wcgCFOYRukuVrzNcu9aHo="},"lastRemoteEphemeralKey":"BWDTFVeDjfTkPvdGxAuum40/ZTZMl3nf6ODDCZAnU8gN","previousCounter":0,"rootKey":"mCUcj3aYXGOt/v0kHouGXt5HVaZogQSnar4EtjxIS4M="},"indexInfo":{"baseKey":"BUgHsesBycDbOilceXTGLW2pOLgK1rtwpfAfI63smRZ3","baseKeyType":1,"closed":1732505406301,"used":1732505403854,"created":1732505403854,"remoteIdentityKey":"Bf7ziKFm9M2AazHUytZj2EHEy21EN+7q21qS4XgJXe9A"},"_chains":{"BdzcH5PLjtURZ0Ieuzv7fQQfygi9lxXAb83KE0jVkm4w":{"chainKey":{"counter":0,"key":"R1YvJL52aTwEXOnpaMXBCbnjOAbbVm0//qmYtThtD1w="},"chainType":1,"messageKeys":{}}},"pendingPreKey":{"signedKeyId":7,"baseKey":"BUgHsesBycDbOilceXTGLW2pOLgK1rtwpfAfI63smRZ3","preKeyId":12737021}},"BYeAxeFeU/FB58qB9oNi48c002Dhfm+GyyALcPuTC9hk":{"registrationId":1527267495,"currentRatchet":{"ephemeralKeyPair":{"pubKey":"BVoZdRH4XbNlGrr3j8AYm49AQbpHvxLqFUXjvie6cGdJ","privKey":"YNTlr/vU1gxcmwqn3L/hNMrSUhiYmdgZwmezxiHqkXw="},"lastRemoteEphemeralKey":"BWDTFVeDjfTkPvdGxAuum40/ZTZMl3nf6ODDCZAnU8gN","previousCounter":0,"rootKey":"4Df1UnUE2btrVwZJB9v3txMLktP/izI+grDKY6V/H3c="},"indexInfo":{"baseKey":"BYeAxeFeU/FB58qB9oNi48c002Dhfm+GyyALcPuTC9hk","baseKeyType":1,"closed":-1,"used":1732505405841,"created":1732505405841,"remoteIdentityKey":"Bf7ziKFm9M2AazHUytZj2EHEy21EN+7q21qS4XgJXe9A"},"_chains":{"BVoZdRH4XbNlGrr3j8AYm49AQbpHvxLqFUXjvie6cGdJ":{"chainKey":{"counter":6,"key":"z9jTYpfPV7wk4y/tDVKLGr4O4ScjldtSnv4Xp7zvuWE="},"chainType":1,"messageKeys":{}}},"pendingPreKey":{"signedKeyId":7,"baseKey":"BYeAxeFeU/FB58qB9oNi48c002Dhfm+GyyALcPuTC9hk","preKeyId":12737688}}},"version":"v1"}