{"_sessions":{"BVbl54bHcCV7Kde8vRzdFDN4wsydLtiYtv+V3zrkXNtr":{"registrationId":139,"currentRatchet":{"ephemeralKeyPair":{"pubKey":"BSKwJaExK9lMjG1ZgmDpsh5G3vMU+69oi82jSzKtOxJr","privKey":"AM9cItp+H83fmtMVZUWda983NLoRDIAlIqfl+VCWaFM="},"lastRemoteEphemeralKey":"BVeGJB4884kXlOGy9SzZz2I3k/apCOdyjmU5CXKi/9Zf","previousCounter":0,"rootKey":"52kjbGEbvYKCeQRFUz85C4zhVS0W9PFTSN6Roi/ivXc="},"indexInfo":{"baseKey":"BVbl54bHcCV7Kde8vRzdFDN4wsydLtiYtv+V3zrkXNtr","baseKeyType":1,"closed":-1,"used":1732505401436,"created":1732505401436,"remoteIdentityKey":"BXqIqUVr5hX2I/eWQO9B12G6jVVqa3sbJrq3wvLGFlA9"},"_chains":{"BSKwJaExK9lMjG1ZgmDpsh5G3vMU+69oi82jSzKtOxJr":{"chainKey":{"counter":4,"key":"biGrSUPjzCIW1djQ9SvD8W+OpCxFfVyBPlWQZA5u8FE="},"chainType":1,"messageKeys":{}}},"pendingPreKey":{"signedKeyId":1,"baseKey":"BVbl54bHcCV7Kde8vRzdFDN4wsydLtiYtv+V3zrkXNtr"}}},"version":"v1"}