{"_sessions":{"BfwoIq/+u7yGS0hK3+J/oImfCz4d88QYdYIflqmaG8Mo":{"registrationId":8556,"currentRatchet":{"ephemeralKeyPair":{"pubKey":"BataSgwSGWUelrlLtJLpxD+E68znhQ9RtdKAbip1kD0A","privKey":"QOSaxaGTtQ+vYmEe9H8QkPnfbmJ5zO8/OmfzNIpbK2g="},"lastRemoteEphemeralKey":"BY/DCSOhP99zRrWILAcZVIk0935U0o0p6GIuVuEjXBNH","previousCounter":0,"rootKey":"ZqId8R3lziPmkNMR9hVlEMkGXyLXpVBDfqZ995VoWWA="},"indexInfo":{"baseKey":"BfwoIq/+u7yGS0hK3+J/oImfCz4d88QYdYIflqmaG8Mo","baseKeyType":1,"closed":1732505406023,"used":1732505403709,"created":1732505403709,"remoteIdentityKey":"BS/2rua5qMUUqzFIEMq220YWEMgzoDnz+Db38GsUL/t+"},"_chains":{"BataSgwSGWUelrlLtJLpxD+E68znhQ9RtdKAbip1kD0A":{"chainKey":{"counter":0,"key":"6ib+vFvSBBruuIp2hK55WdPHr/xhB/75ij8BBbuNOtg="},"chainType":1,"messageKeys":{}}},"pendingPreKey":{"signedKeyId":1,"baseKey":"BfwoIq/+u7yGS0hK3+J/oImfCz4d88QYdYIflqmaG8Mo","preKeyId":2624}},"BTkYdaGnyjfB8YhHdjQKMITFVOaztHwRcA5ATLiXts4r":{"registrationId":8556,"currentRatchet":{"ephemeralKeyPair":{"pubKey":"Bb5q7qH2DUgNC39uYaBveAL8f/FAUtiNzqrAE+/BoSNS","privKey":"8KZSBlO3SzltxUNVv3wIbNvmAysYyYlXj565PsO/I3w="},"lastRemoteEphemeralKey":"BY/DCSOhP99zRrWILAcZVIk0935U0o0p6GIuVuEjXBNH","previousCounter":0,"rootKey":"JoIQlVyUegqAPgDpk2NU0W0qFMjMvwbaj0pdpcZJDL0="},"indexInfo":{"baseKey":"BTkYdaGnyjfB8YhHdjQKMITFVOaztHwRcA5ATLiXts4r","baseKeyType":1,"closed":-1,"used":1732505405717,"created":1732505405717,"remoteIdentityKey":"BS/2rua5qMUUqzFIEMq220YWEMgzoDnz+Db38GsUL/t+"},"_chains":{"Bb5q7qH2DUgNC39uYaBveAL8f/FAUtiNzqrAE+/BoSNS":{"chainKey":{"counter":6,"key":"w3Zbw7+PcDBFNQ/Ok0BqRR9/f5wmQcv3T54DCERbt20="},"chainType":1,"messageKeys":{}}},"pendingPreKey":{"signedKeyId":1,"baseKey":"BTkYdaGnyjfB8YhHdjQKMITFVOaztHwRcA5ATLiXts4r","preKeyId":2087}}},"version":"v1"}