{"_sessions":{"BWqffgUjHRLcg/K1tGiYDvzm/ghtM8nfsf+ljCGFKiIi":{"registrationId":10250,"currentRatchet":{"ephemeralKeyPair":{"pubKey":"BYpWE5NjRAZq0+VZ8s9j1l9lAxD54zc3UPtYOC98NzMI","privKey":"2PVV1AogYWNhQ+u48m8qGrt1/HyhgVY8vjuV3KyP80s="},"lastRemoteEphemeralKey":"BQ9waQ3AvkcnDeoB9EYISywjJkU0v8Yo6f+VhmAK7Csg","previousCounter":0,"rootKey":"XeGXqYcHN0xSNbFT1qzCKNyx+1KF2qShIShluE+1trM="},"indexInfo":{"baseKey":"BWqffgUjHRLcg/K1tGiYDvzm/ghtM8nfsf+ljCGFKiIi","baseKeyType":1,"closed":1732505406025,"used":1732505403750,"created":1732505403750,"remoteIdentityKey":"BcPUMxYon5k3aZIchR4S5H8Zr9LxCaSVdYk3epzZIb8J"},"_chains":{"BYpWE5NjRAZq0+VZ8s9j1l9lAxD54zc3UPtYOC98NzMI":{"chainKey":{"counter":0,"key":"xP/b3+xyQDxIHsPxNn7Grp5NxErejQzZ0lvp0d7uLI0="},"chainType":1,"messageKeys":{}}},"pendingPreKey":{"signedKeyId":1,"baseKey":"BWqffgUjHRLcg/K1tGiYDvzm/ghtM8nfsf+ljCGFKiIi"}},"BUUr0vJuvk/BeXyywFxWdB1JCjUwsVLO5iFVOSXlg4Za":{"registrationId":10250,"currentRatchet":{"ephemeralKeyPair":{"pubKey":"BYU8e0lSgiOIPgITQKTW4/tpNbNAiVYP/JDuBUd1MwBK","privKey":"mF+kNNVeeO95VJFGWm7fAy2wbqRwtphepC8VskgtKGI="},"lastRemoteEphemeralKey":"BQ9waQ3AvkcnDeoB9EYISywjJkU0v8Yo6f+VhmAK7Csg","previousCounter":0,"rootKey":"Um9haTKHeCxy20/kbkKPZkcfAyd2vn9D+QhbUzMxmv4="},"indexInfo":{"baseKey":"BUUr0vJuvk/BeXyywFxWdB1JCjUwsVLO5iFVOSXlg4Za","baseKeyType":1,"closed":-1,"used":1732505405745,"created":1732505405745,"remoteIdentityKey":"BcPUMxYon5k3aZIchR4S5H8Zr9LxCaSVdYk3epzZIb8J"},"_chains":{"BYU8e0lSgiOIPgITQKTW4/tpNbNAiVYP/JDuBUd1MwBK":{"chainKey":{"counter":6,"key":"vs85weTUeWO2ORJPKW+3OhMl0Jej6bD8rECtjwYVe8w="},"chainType":1,"messageKeys":{}}},"pendingPreKey":{"signedKeyId":1,"baseKey":"BUUr0vJuvk/BeXyywFxWdB1JCjUwsVLO5iFVOSXlg4Za"}}},"version":"v1"}