{"_sessions":{"BUCUjEQzLqvt97AC7gyhWddZsV7IkfJoegSDVsY1f84y":{"registrationId":9380,"currentRatchet":{"ephemeralKeyPair":{"pubKey":"BbrnZfxU17CShFD03GtJSlua9her7ca0pMtT863bpI88","privKey":"CKBmt2pmEDtO7cq2dQA9TF9/RneMK/3ax7zl0tPZK3I="},"lastRemoteEphemeralKey":"BSRmq0xAu/cGIjsgihEWty2ZECVrTHqwah0yfGAQtfwz","previousCounter":0,"rootKey":"OcvXeWKHEc3Q09i7ZeBrBc74nF9SmRrDhYXTjSeFNfQ="},"indexInfo":{"baseKey":"BUCUjEQzLqvt97AC7gyhWddZsV7IkfJoegSDVsY1f84y","baseKeyType":1,"closed":-1,"used":1732505379341,"created":1732505379341,"remoteIdentityKey":"BRznHA0Bn9E0SqDSoZEVZLWCKXb1GVFHVWoYpx7ioYgU"},"_chains":{"BbrnZfxU17CShFD03GtJSlua9her7ca0pMtT863bpI88":{"chainKey":{"counter":242,"key":"/Sjy/7QPniOZZdNdz5l6d4Jt/WCm+O+m4pbGStbCDm4="},"chainType":1,"messageKeys":{}}},"pendingPreKey":{"signedKeyId":1,"baseKey":"BUCUjEQzLqvt97AC7gyhWddZsV7IkfJoegSDVsY1f84y","preKeyId":38}}},"version":"v1"}