{"_sessions":{"BXPNyIKgcYI1iCxsfsrPUSZrhItHF6/m5B2n/NEXUjRX":{"registrationId":717498294,"currentRatchet":{"ephemeralKeyPair":{"pubKey":"BY24C8zOjXLsrq1K5+Wko1uPloziGx4wwQmDOCCV7QUF","privKey":"OHp4ou4Yv1aHRmNii3OzM5mg1iy9eU0wBp03pInpYGU="},"lastRemoteEphemeralKey":"BbzE5cOsDZNlsJNYODrwXmEs+uEYggMZb1ChgW34z41o","previousCounter":0,"rootKey":"TLHVrViXix4ffAIMpoVy/Xowrh9K6EvNF1QxmWSR/rk="},"indexInfo":{"baseKey":"BXPNyIKgcYI1iCxsfsrPUSZrhItHF6/m5B2n/NEXUjRX","baseKeyType":2,"closed":-1,"used":1732505400474,"created":1732505400474,"remoteIdentityKey":"BX5MsEwGHKoUInNTSSsDTqYkVt1FWpXPABpj1QdCC6dE"},"_chains":{"BbzE5cOsDZNlsJNYODrwXmEs+uEYggMZb1ChgW34z41o":{"chainKey":{"counter":3,"key":"tOgEiS8ZDKIcRWt5is+l1hMxOP9lFx4nkkyXan7o6vA="},"chainType":2,"messageKeys":{}},"BY24C8zOjXLsrq1K5+Wko1uPloziGx4wwQmDOCCV7QUF":{"chainKey":{"counter":7,"key":"vcBHzsIlK0JLLv3ttCOZHRD3wqIEZ/hGJj3jW5KUTTg="},"chainType":1,"messageKeys":{}}}}},"version":"v1"}