{"_sessions":{"BUfSNTZsPIHa0YTadR9bsjoP+ra5E9kjxZBS+fgHP9lb":{"registrationId":14879,"currentRatchet":{"ephemeralKeyPair":{"pubKey":"BSNku44vSWQtVv/Igq4w9W5jwPSmXZKg1opB5Y/60jsr","privKey":"gJif6kyVrPR6H0uWpRTVrSyDy/rxkhTenFMdGMNvRHc="},"lastRemoteEphemeralKey":"BQ2iuk7E57OggWJQ311PIXO3YxpCGP7XRi2ATVpqZuIE","previousCounter":0,"rootKey":"+XXmG3FUKyWOcq5DjKcTwn2tHyMisRfN9DEa1SO6RMk="},"indexInfo":{"baseKey":"BUfSNTZsPIHa0YTadR9bsjoP+ra5E9kjxZBS+fgHP9lb","baseKeyType":1,"closed":1732505406023,"used":1732505403703,"created":1732505403703,"remoteIdentityKey":"BQG8RxjoqlcSrVxEnfYyam4DtYPFdX/8wzlOhhX84XsX"},"_chains":{"BSNku44vSWQtVv/Igq4w9W5jwPSmXZKg1opB5Y/60jsr":{"chainKey":{"counter":0,"key":"yhDgYLb9rCRIwFahyE7JOh5KndPIdauQ31GgqM0t4CI="},"chainType":1,"messageKeys":{}}},"pendingPreKey":{"signedKeyId":2,"baseKey":"BUfSNTZsPIHa0YTadR9bsjoP+ra5E9kjxZBS+fgHP9lb","preKeyId":2336}},"BbtZtU0vwrRyiqB5dm8e0qGgBMNS0D5yGY6KXlzL9cce":{"registrationId":14879,"currentRatchet":{"ephemeralKeyPair":{"pubKey":"BUgGtxOBxODj7/8LbFLM6X8LVqPQG8CJwgjMUzE3y3Mz","privKey":"CC1o5+lfKs6soYDpFLerK2ue8OXqQwHV8zeyMLG1Nkg="},"lastRemoteEphemeralKey":"BQ2iuk7E57OggWJQ311PIXO3YxpCGP7XRi2ATVpqZuIE","previousCounter":0,"rootKey":"AvfjszcoYP163inATnbsHTwIbNZI7KbPj2Bb3fGVWOE="},"indexInfo":{"baseKey":"BbtZtU0vwrRyiqB5dm8e0qGgBMNS0D5yGY6KXlzL9cce","baseKeyType":1,"closed":-1,"used":1732505405714,"created":1732505405714,"remoteIdentityKey":"BQG8RxjoqlcSrVxEnfYyam4DtYPFdX/8wzlOhhX84XsX"},"_chains":{"BUgGtxOBxODj7/8LbFLM6X8LVqPQG8CJwgjMUzE3y3Mz":{"chainKey":{"counter":6,"key":"jqMKbh+wPw5Sw/+BnBsj+CXofrxECGaQ54xGN9wu8DA="},"chainType":1,"messageKeys":{}}},"pendingPreKey":{"signedKeyId":2,"baseKey":"BbtZtU0vwrRyiqB5dm8e0qGgBMNS0D5yGY6KXlzL9cce","preKeyId":2165}}},"version":"v1"}