{"_sessions":{"BY5xxXt9XNkfQlwhpeu0BKtClGbH4CkU0Hbaeto6pqIb":{"registrationId":90,"currentRatchet":{"ephemeralKeyPair":{"pubKey":"BYawkAnF7zFp6STmgUlwxHhkdxrmNrovf4S/J70rpHl/","privKey":"6F9GaFVQz87ksV78vmT3VGkyyeDYdwDcf2Gcg09ktFs="},"lastRemoteEphemeralKey":"BZDtgNFpd5pBAE+ZDRMenRFjPJCUsofht1Z+vLnCn1li","previousCounter":0,"rootKey":"YNmOd8kKG4gW3vm4fWeu5+NWfPDDrWsCT+fGH5gBZ04="},"indexInfo":{"baseKey":"BY5xxXt9XNkfQlwhpeu0BKtClGbH4CkU0Hbaeto6pqIb","baseKeyType":1,"closed":-1,"used":1732505401451,"created":1732505401451,"remoteIdentityKey":"BeUb6jCfr/Y9d43oDdZyeNfjVBSjsmgTpxpq6UgiF4x5"},"_chains":{"BYawkAnF7zFp6STmgUlwxHhkdxrmNrovf4S/J70rpHl/":{"chainKey":{"counter":4,"key":"1FkApwTtMKnnwCHqaLvIcdXFLzRByBMNaVSSF1i/+YU="},"chainType":1,"messageKeys":{}}},"pendingPreKey":{"signedKeyId":1,"baseKey":"BY5xxXt9XNkfQlwhpeu0BKtClGbH4CkU0Hbaeto6pqIb","preKeyId":100}}},"version":"v1"}