{"_sessions":{"BRfJojhvS+mr7dZCOhkkTTAkDGRBbKfYXjdbBdHbhC17":{"registrationId":133,"currentRatchet":{"ephemeralKeyPair":{"pubKey":"BVEebiJMKHuiClcS717e/2LEBLUT6fW+5eBTMiYr8IcM","privKey":"2KtKGSUKYgUUmZkAhpf9sQqeSuk7j7zrtiyXxdYefFw="},"lastRemoteEphemeralKey":"BaZ8aQa/Ws0dgQItZ57rWDkp5HslrrdFh6Uf4QHNkh8Q","previousCounter":0,"rootKey":"CnO68kkMzsAafD1ZNQ6qMU0w9Lswara02ANPFmnJN18="},"indexInfo":{"baseKey":"BRfJojhvS+mr7dZCOhkkTTAkDGRBbKfYXjdbBdHbhC17","baseKeyType":1,"closed":1732505406025,"used":1732505403745,"created":1732505403745,"remoteIdentityKey":"BQJxkyrDoOnJ3DS5lRYmUTkMAHtGal5DGWsCFPDNJg1P"},"_chains":{"BVEebiJMKHuiClcS717e/2LEBLUT6fW+5eBTMiYr8IcM":{"chainKey":{"counter":0,"key":"8EuiNiUAIimrZthkq+ihAEbIKh2GMJUDz8vWRVxkIV0="},"chainType":1,"messageKeys":{}}},"pendingPreKey":{"signedKeyId":1,"baseKey":"BRfJojhvS+mr7dZCOhkkTTAkDGRBbKfYXjdbBdHbhC17"}},"BX0vNt2o/bROa+8l2k/0eCn9N8pcwGLxNp2VzL0kh0cI":{"registrationId":133,"currentRatchet":{"ephemeralKeyPair":{"pubKey":"BZxxyqEbhnDxfr6vlZ/cw4v5c+NUjx9W0lVKCH2qsc5h","privKey":"8OW7f6jUiamuoc8FRF1bCGW/SZp+geXDkASQGbi6Ums="},"lastRemoteEphemeralKey":"BaZ8aQa/Ws0dgQItZ57rWDkp5HslrrdFh6Uf4QHNkh8Q","previousCounter":0,"rootKey":"q+qILv3RpDvkGLYZXtCLRHbVM+wFB3cw8io/mFkjlbM="},"indexInfo":{"baseKey":"BX0vNt2o/bROa+8l2k/0eCn9N8pcwGLxNp2VzL0kh0cI","baseKeyType":1,"closed":-1,"used":1732505405739,"created":1732505405739,"remoteIdentityKey":"BQJxkyrDoOnJ3DS5lRYmUTkMAHtGal5DGWsCFPDNJg1P"},"_chains":{"BZxxyqEbhnDxfr6vlZ/cw4v5c+NUjx9W0lVKCH2qsc5h":{"chainKey":{"counter":6,"key":"LCyEavHcRO1JnH84s8UQOsakTBJfeVYWgvx0if+SQDU="},"chainType":1,"messageKeys":{}}},"pendingPreKey":{"signedKeyId":1,"baseKey":"BX0vNt2o/bROa+8l2k/0eCn9N8pcwGLxNp2VzL0kh0cI"}}},"version":"v1"}